codigo_postal,entidad_id,municipio,asentamiento,tipo_asentamiento,ciudad,municipio_id,asentamiento_id
50000,15,Toluca,Toluca De Lerdo Centro,Colonia,,15106,160
50010,15,Toluca,Celanese,Colonia,,15106,163
50010,15,Toluca,Club Jardin,Colonia,,15106,164
50010,15,Toluca,Guadalupe,Colonia,,15106,165
50010,15,Toluca,La Cruz Comalco,Colonia,,15106,166
50010,15,Toluca,La Magdalena,Colonia,,15106,168
50010,15,Toluca,Los Girasoles,Fraccionamiento,,15106,170
50010,15,Toluca,Los Girasoles Ii,Fraccionamiento,,15106,171
50010,15,Toluca,Los Girasoles Iii,Fraccionamiento,,15106,172
50010,15,Toluca,Los Girasoles Iv,Fraccionamiento,,15106,173
50010,15,Toluca,San Lorenzo Tepaltitlan Centro,Pueblo,,15106,176
50010,15,Toluca,Tlacopa,Barrio,,15106,177
50010,15,Toluca,Universidad,Fraccionamiento,,15106,178
50010,15,Toluca,Las Flores,Fraccionamiento,,15106,188
50010,15,Toluca,San Angelin,Barrio,,15106,5121
50010,15,Toluca,Galaxias De San Lorenzo,Fraccionamiento,,15106,5542
50010,15,Toluca,El Tejocote,Colonia,,15106,5545
50010,15,Toluca,El Balcon,Colonia,,15106,5546
50010,15,Toluca,Los Girasoles I,Fraccionamiento,,15106,7920
50010,15,Toluca,San Juan De La Cruz,Barrio,,15106,8291
50010,15,Toluca,Hacienda San Agustin,Fraccionamiento,,15106,8297
50010,15,Toluca,La Loma,Barrio,,15106,8355
50010,15,Toluca,Del Panteon,Barrio,,15106,8356
50010,15,Toluca,Villas Tepaltitlan,Fraccionamiento,,15106,8455
50010,15,Toluca,Gran Morada,Fraccionamiento,,15106,9094
50016,15,Toluca,Jardines De La Crespa,Unidad Habitacional,,15106,180
50016,15,Toluca,Parque Industrial San Antonio,Zona Industrial,,15106,6554
50016,15,Toluca,De La Crespa,Barrio,,15106,8357
50017,15,Toluca,Brisas,Fraccionamiento,,15106,184
50017,15,Toluca,Rincon De San Lorenzo,Colonia,,15106,186
50020,15,Toluca,Bosques De La Mora,Fraccionamiento,,15106,191
50020,15,Toluca,Los Angeles,Colonia,,15106,193
50020,15,Toluca,Rancho La Mora,Colonia,,15106,195
50020,15,Toluca,Rinconada De La Mora,Fraccionamiento,,15106,197
50020,15,Toluca,Santiago Miltepec,Pueblo,,15106,199
50020,15,Toluca,3 Caminos,Colonia,,15106,201
50020,15,Toluca,Valle De Santiago Residencial,Fraccionamiento,,15106,203
50026,15,Toluca,Los Frailes,Fraccionamiento,,15106,194
50026,15,Toluca,Carlos Hank Gonzalez,Colonia,,15106,207
50040,15,Toluca,La Retama,Barrio,,15106,216
50040,15,Toluca,La Teresona,Barrio,,15106,217
50040,15,Toluca,Union,Colonia,,15106,218
50040,15,Toluca,San Luis Obispo,Barrio,,15106,219
50040,15,Toluca,San Miguel Apinahuizco,Barrio,,15106,220
50040,15,Toluca,Sector Popular,Colonia,,15106,222
50040,15,Toluca,Sor Juana Ines De La Cruz,Colonia,,15106,223
50040,15,Toluca,Electricistas Locales,Colonia,,15106,5700
50050,15,Toluca,El Coporo,Barrio,,15106,224
50050,15,Toluca,Santa Barbara,Barrio,,15106,227
50050,15,Toluca,Zopilocalco Sur,Barrio,,15106,228
50050,15,Toluca,Zopilocalco Norte,Barrio,,15106,229
50060,15,Toluca,Doctores,Colonia,,15106,230
50060,15,Toluca,Lomas Altas,Fraccionamiento,,15106,231
50060,15,Toluca,Ninos Heroes (Pensiones),Colonia,,15106,4703
50060,15,Toluca,San Juan Buenavista,Colonia,,15106,5533
50060,15,Toluca,Huitzila,Barrio,,15106,7893
50070,15,Toluca,Independencia,Colonia,,15106,236
50070,15,Toluca,Meteoro,Colonia,,15106,237
50070,15,Toluca,Villas Fontana I,Fraccionamiento,,15106,5526
50070,15,Toluca,Villas Fontana Ii,Fraccionamiento,,15106,5527
50070,15,Toluca,Fidel Velazquez,Unidad Habitacional,,15106,5543
50070,15,Toluca,Reforma Y Ferrocarriles Nacionales,Colonia,,15106,7894
50071,15,Toluca,Toluca,Zona Industrial,,15106,239
50075,15,Toluca,Las Torres,Fraccionamiento,,15106,240
50075,15,Toluca,Cientificos,Colonia,,15106,7895
50080,15,Toluca,La Merced (Alameda),Barrio,,15106,242
50080,15,Toluca,San Bernardino,Barrio,,15106,243
50090,15,Toluca,5 De Mayo,Colonia,,15106,244
50090,15,Toluca,Santa Clara,Barrio,,15106,248
50100,15,Toluca,Bosques De San Mateo,Colonia,,15106,252
50100,15,Toluca,14 De Diciembre,Colonia,,15106,253
50100,15,Toluca,El Trigo,Fraccionamiento,,15106,255
50100,15,Toluca,La Joya,Colonia,,15106,256
50100,15,Toluca,La Ribera I,Fraccionamiento,,15106,257
50100,15,Toluca,La Ribera Ii,Fraccionamiento,,15106,258
50100,15,Toluca,La Ribera Iii,Fraccionamiento,,15106,259
50100,15,Toluca,Miguel Hidalgo (Corralitos),Colonia,,15106,261
50100,15,Toluca,Ninos Heroes,Colonia,,15106,262
50100,15,Toluca,Nueva Oxtotitlan,Colonia,,15106,263
50100,15,Toluca,Parque De San Mateo,Fraccionamiento,,15106,264
50100,15,Toluca,Parques Nacionales,Colonia,,15106,265
50100,15,Toluca,Protinbos,Colonia,,15106,266
50100,15,Toluca,Rincon Del Parque,Colonia,,15106,267
50100,15,Toluca,San Mateo Oxtotitlan,Colonia,,15106,269
50100,15,Toluca,Ex-Hacienda San Jorge,Fraccionamiento,,15106,5110
50100,15,Toluca,Tlayaca,Barrio,,15106,8358
50100,15,Toluca,Tlanepantla,Barrio,,15106,8359
50100,15,Toluca,Atotonilco,Barrio,,15106,8360
50100,15,Toluca,Lomas De San Mateo,Fraccionamiento,,15106,9526
50110,15,Toluca,Cultural,Colonia,,15106,270
50110,15,Toluca,Del Deporte,Colonia,,15106,271
50110,15,Toluca,Guadalupe San Buenaventura,Colonia,,15106,272
50110,15,Toluca,Plazas De San Buenaventura,Fraccionamiento,,15106,273
50110,15,Toluca,San Buenaventura,Colonia,,15106,274
50110,15,Toluca,Vicente Guerrero,Colonia,,15106,276
50110,15,Toluca,Villas De San Buenaventura,Fraccionamiento,,15106,277
50110,15,Toluca,Real Del Bosque,Fraccionamiento,,15106,5070
50115,15,Toluca,Loma Bonita,Colonia,,15106,8361
50120,15,Toluca,Cipres,Colonia,,15106,279
50120,15,Toluca,Federal (Adolfo Lopez Mateos),Colonia,,15106,280
50120,15,Toluca,Granjas,Colonia,,15106,281
50120,15,Toluca,Morelos 1A Seccion,Colonia,,15106,282
50120,15,Toluca,Morelos 2A Secc,Colonia,,15106,283
50120,15,Toluca,Residencial Colon,Fraccionamiento,,15106,284
50120,15,Toluca,Tollocan Infonavit,Fraccionamiento,,15106,287
50122,15,Toluca,Zona Militar,Zona Federal,,15106,286
50130,15,Toluca,Altamirano,Colonia,,15106,288
50130,15,Toluca,Americas,Colonia,,15106,289
50130,15,Toluca,Cuauhtemoc,Colonia,,15106,291
50130,15,Toluca,Francisco Murguia El Ranchito,Colonia,,15106,293
50130,15,Toluca,Universidad,Colonia,,15106,294
50140,15,Toluca,Nueva Santa Maria De Las Rosas,Colonia,,15106,300
50140,15,Toluca,Nueva Santa Maria,Colonia,,15106,301
50140,15,Toluca,Santa Maria De Las Rosas,Colonia,,15106,302
50140,15,Toluca,Valle Don Camilo,Fraccionamiento,,15106,304
50140,15,Toluca,Valle Verde,Colonia,,15106,305
50140,15,Toluca,Villas Florencia,Fraccionamiento,,15106,306
50140,15,Toluca,Terminal,Colonia,,15106,7892
50150,15,Toluca,San Sebastian,Barrio,,15106,247
50150,15,Toluca,Izcalli Ipiem,Colonia,,15106,311
50150,15,Toluca,Izcalli Toluca,Colonia,,15106,312
50150,15,Toluca,Juan Beltran,Conjunto Habitacional,,15106,313
50150,15,Toluca,Progreso,Colonia,,15106,314
50150,15,Toluca,Salvador Sanchez Colin,Colonia,,15106,315
50150,15,Toluca,Vertice,Fraccionamiento,,15106,316
50150,15,Toluca,Comision Federal De Electricidad,Colonia,,15106,5549
50160,15,Toluca,Santa Ana Tlapaltitlan,Colonia,,15106,320
50160,15,Toluca,Villas De Santa Ana I,Fraccionamiento,,15106,321
50160,15,Toluca,Villas De Santa Ana Ii,Fraccionamiento,,15106,322
50160,15,Toluca,Villas De Santa Ana Iii,Fraccionamiento,,15106,323
50160,15,Toluca,Villas De Santa Ana Iv,Fraccionamiento,,15106,324
50160,15,Toluca,Villas De Santa Ana V,Fraccionamiento,,15106,325
50160,15,Toluca,Villas De Santa Ana Vi,Fraccionamiento,,15106,326
50160,15,Toluca,Villas De Santa Ana Vii,Fraccionamiento,,15106,327
50160,15,Toluca,Villas De Santa Ana,Fraccionamiento,,15106,5095
50168,15,Toluca,La Machincuepa,Fraccionamiento,,15106,318
50168,15,Toluca,Santa Maria Zozoquilpan,Colonia,,15106,328
50170,15,Toluca,Heroes Del 5 De Mayo,Colonia,,15106,329
50170,15,Toluca,Isidro Fabela 1A Seccion,Colonia,,15106,330
50170,15,Toluca,Las Haciendas,Fraccionamiento,,15106,332
50170,15,Toluca,Ocho Cedros,Colonia,,15106,333
50170,15,Toluca,El Seminario 1A Seccion,Colonia,,15106,335
50170,15,Toluca,El Seminario 2A Seccion,Colonia,,15106,336
50170,15,Toluca,El Seminario 3A Seccion,Colonia,,15106,337
50170,15,Toluca,El Seminario 4A Seccion,Colonia,,15106,338
50170,15,Toluca,El Seminario 5A Seccion,Colonia,,15106,339
50170,15,Toluca,Villa Hogar,Colonia,,15106,340
50170,15,Toluca,Isidro Fabela 2A Seccion,Colonia,,15106,5701
50170,15,Toluca,Ocho Cedros 2A Seccion,Colonia,,15106,7842
50180,15,Toluca,San Fermin Residencial,Condominio,,15106,19
50180,15,Toluca,Azteca,Colonia,,15106,342
50180,15,Toluca,Bosques De Colon,Fraccionamiento,,15106,343
50180,15,Toluca,Del Parque,Colonia,,15106,344
50180,15,Toluca,Hermanos De La Vega,Colonia,,15106,345
50180,15,Toluca,Lazaro Cardenas,Colonia,,15106,348
50180,15,Toluca,Ampliacion Lazaro Cardenas,Colonia,,15106,349
50180,15,Toluca,Moderna De La Cruz,Colonia,,15106,350
50190,15,Toluca,La Magdalena,Colonia,,15106,167
50190,15,Toluca,Benito Juarez,Colonia,,15106,353
50190,15,Toluca,Emiliano Zapata,Colonia,,15106,354
50190,15,Toluca,Eva Samano De Lopez Mateos,Colonia,,15106,355
50190,15,Toluca,Unidad Victoria,Colonia,,15106,356
50200,15,Toluca,San Cristobal Huichochitlan,Pueblo,,15106,175
50200,15,Toluca,San Andres Cuexcontitlan,Pueblo,,15106,365
50200,15,Toluca,La Trinidad,Colonia,,15106,5538
50200,15,Toluca,Barrio San Gabriel,Colonia,,15106,5552
50200,15,Toluca,Armando Neyra Chavez,Colonia,,15106,5554
50200,15,Toluca,Natividad,Colonia,,15106,8312
50200,15,Toluca,La Concepcion,Colonia,,15106,8314
50200,15,Toluca,Santa Rosa,Colonia,,15106,8315
50200,15,Toluca,San Jose Guadalupe,Colonia,,15106,8316
50200,15,Toluca,San Salvador,Colonia,,15106,8317
50200,15,Toluca,Paseos Del Pilar,Fraccionamiento,,15106,8466
50205,15,Toluca,Ejido De La Y Seccion Siete A Revolucion,Colonia,,15106,21
50205,15,Toluca,Jicaltepec Cuexcontitlan,Colonia,,15106,363
50205,15,Toluca,San Diego De Los Padres Cuexcontitlan,Colonia,,15106,366
50205,15,Toluca,San Diego De Los Padres Otzacatipan,Ejido,,15106,6979
50206,15,Toluca,San Diego Linares,Pueblo,,15106,367
50206,15,Toluca,La Loma Cuexcontitlan,Ejido,,15106,6974
50209,15,Toluca,Toluca (Licenciado Adolfo Lopez Mateos),Aeropuerto,,15106,380
50210,15,Toluca,Fuentes De San Jose,Fraccionamiento,,15106,11
50210,15,Toluca,Paseo Arboleda,Fraccionamiento,,15106,12
50210,15,Toluca,Aurea,Fraccionamiento,,15106,16
50210,15,Toluca,Los Sauces I,Fraccionamiento,,15106,5115
50210,15,Toluca,Los Sauces Ii,Fraccionamiento,,15106,5116
50210,15,Toluca,Los Sauces Iii,Fraccionamiento,,15106,5117
50210,15,Toluca,Ex Hacienda San Jose,Fraccionamiento,,15106,5484
50210,15,Toluca,Santa Cruz Otzacatipan,Colonia,,15106,5531
50210,15,Toluca,Los Sauces Iv,Colonia,,15106,5537
50210,15,Toluca,Los Sauces V,Fraccionamiento,,15106,5698
50210,15,Toluca,Valle De La Hacienda,Fraccionamiento,,15106,6467
50210,15,Toluca,Hacienda Del Valle Ii,Fraccionamiento,,15106,8262
50210,15,Toluca,Bosques De Cantabria,Fraccionamiento,,15106,8267
50210,15,Toluca,La Magdalena Otzacatipan,Barrio,,15106,8324
50210,15,Toluca,Villa Mane,Fraccionamiento,,15106,8441
50210,15,Toluca,Hacienda Del Valle I,Fraccionamiento,,15106,8443
50210,15,Toluca,Valle De San Jose,Fraccionamiento,,15106,8946
50214,15,Toluca,Villas Santin,Fraccionamiento,,15106,5123
50214,15,Toluca,Balcones Santin,Fraccionamiento,,15106,8444
50214,15,Toluca,Paseos Santin,Fraccionamiento,,15106,8445
50220,15,Toluca,San Mateo Otzacatipan,Pueblo,,15106,371
50220,15,Toluca,Villa Tulipanes,Fraccionamiento,,15106,8325
50220,15,Toluca,Villas De San Mateo,Fraccionamiento,,15106,8439
50220,15,Toluca,De Canaleja,Barrio,,15106,8442
50223,15,Toluca,Parque Industrial Exportec Ii,Zona Industrial,,15106,6551
50223,15,Toluca,Parque Industrial Exportec I,Zona Industrial,,15106,6552
50225,15,Toluca,San Miguel Totoltepec,Pueblo,,15106,372
50225,15,Toluca,Geovillas Centenario,Fraccionamiento,,15106,5556
50225,15,Toluca,Nueva San Francisco,Colonia,,15106,5688
50225,15,Toluca,Bordo De Las Canastas,Fraccionamiento,,15106,8263
50226,15,Toluca,Francisco I. Madero,Colonia,,15106,14
50226,15,Toluca,San Pedro Totoltepec,Pueblo,,15106,375
50226,15,Toluca,Hacienda La Galia,Fraccionamiento,,15106,5699
50226,15,Toluca,Sor Juana Ines De La Cruz,Fraccionamiento,,15106,8446
50226,15,Toluca,San Antonio Abad,Colonia,,15106,8448
50226,15,Toluca,La Alameda,Condominio,,15106,8454
50227,15,Toluca,La Floresta,Fraccionamiento,,15106,181
50227,15,Toluca,Misiones De Santa Esperanza,Colonia,,15106,183
50227,15,Toluca,Geovillas De San Mateo,Fraccionamiento,,15106,6361
50227,15,Toluca,Rinconadas Del Pilar,Fraccionamiento,,15106,8261
50227,15,Toluca,Paseos De Toluca,Fraccionamiento,,15106,8280
50227,15,Toluca,Villas De Santa Monica,Fraccionamiento,,15106,8437
50228,15,Toluca,La Perla,Condominio,,15106,10
50228,15,Toluca,Crespa Town,Fraccionamiento,,15106,15
50228,15,Toluca,Geovillas De La Independencia,Unidad Habitacional,,15106,5690
50228,15,Toluca,Arboleda Iv,Fraccionamiento,,15106,5696
50228,15,Toluca,Arboleda,Fraccionamiento,,15106,5697
50228,15,Toluca,Geovillas Los Cedros,Unidad Habitacional,,15106,6303
50228,15,Toluca,Las Fuentes,Condominio,,15106,8432
50228,15,Toluca,Villa De San Andres,Fraccionamiento,,15106,8433
50228,15,Toluca,Los Sabinos,Fraccionamiento,,15106,8434
50228,15,Toluca,Geovillas De La Independencia Ii,Unidad Habitacional,,15106,8436
50228,15,Toluca,La Crespa,Barrio,,15106,8438
50228,15,Toluca,Arboleda V,Fraccionamiento,,15106,8461
50228,15,Toluca,Fuentes De La Independencia,Unidad Habitacional,,15106,8470
50228,15,Toluca,Las Fuentes Del Ordal,Fraccionamiento,,15106,8947
50230,15,Toluca,Las Misiones,Fraccionamiento,,15106,3
50230,15,Toluca,Villa Toscana,Fraccionamiento,,15106,4
50230,15,Toluca,Francisco Villa,Colonia,,15106,13
50230,15,Toluca,San Jose Guadalupe Otzacatipan,Pueblo,,15106,362
50230,15,Toluca,San Nicolas Tolentino,Pueblo,,15106,373
50230,15,Toluca,San Blas Totoltepec,Colonia,,15106,8472
50230,15,Toluca,San Blas Otzacatipan,Colonia,,15106,8473
50233,15,Toluca,Parque Industrial Toluca 2000,Zona Industrial,,15106,6553
50233,15,Toluca,Parque Industrial Vesta,Zona Industrial,,15106,8779
50235,15,Toluca,San Francisco Totoltepec,Pueblo,,15106,368
50235,15,Toluca,El Cerrillo Vista Hermosa,Colonia,,15106,5550
50235,15,Toluca,Guadalupe Totoltepec,Barrio,,15106,6973
50235,15,Toluca,San Francisco,Colonia,,15106,8459
50236,15,Toluca,La Constitucion Totoltepec,Colonia,,15106,364
50236,15,Toluca,Arroyo Vista Hermosa,Colonia,,15106,379
50240,15,Toluca,El Carmen Totoltepec,Colonia,,15106,5107
50240,15,Toluca,El Olimpo,Fraccionamiento,,15106,5109
50240,15,Toluca,Prados De Tollocan,Fraccionamiento,,15106,5120
50240,15,Toluca,Los Ahuehuetes,Fraccionamiento,,15106,7046
50245,15,Toluca,Santa Maria Totoltepec,Pueblo,,15106,376
50245,15,Toluca,Villas Santa Maria (Galaxia),Fraccionamiento,,15106,5528
50245,15,Toluca,"Jesus Garcia Lovera ""El Pilar""",Colonia,,15106,5539
50245,15,Toluca,La Arboleda Ii,Fraccionamiento,,15106,5555
50245,15,Toluca,Campo Real,Unidad Habitacional,,15106,5689
50245,15,Toluca,Los Heroes I,Fraccionamiento,,15106,5692
50245,15,Toluca,La Arboleda Iii,Fraccionamiento,,15106,5695
50245,15,Toluca,Maria Bonita,Fraccionamiento,,15106,8286
50245,15,Toluca,Campo Real I,Fraccionamiento,,15106,8449
50245,15,Toluca,Campo Real Ii,Fraccionamiento,,15106,8450
50245,15,Toluca,Campo Real Iii,Unidad Habitacional,,15106,8451
50245,15,Toluca,Las Bugambilias,Unidad Habitacional,,15106,8452
50245,15,Toluca,Residencial La Joya,Unidad Habitacional,,15106,8453
50246,15,Toluca,El Coecillo,Colonia,,15106,5548
50246,15,Toluca,Los Heroes Iii,Fraccionamiento,,15106,5693
50246,15,Toluca,Los Heroes Ii,Fraccionamiento,,15106,5694
50250,15,Toluca,Las Palomas,Fraccionamiento,,15106,391
50250,15,Toluca,San Felipe Tlalmimilolpan,Pueblo,,15106,392
50250,15,Toluca,Santa Juanita,Ejido,,15106,6981
50250,15,Toluca,La Curva,Colonia,,15106,7047
50250,15,Toluca,La Canada,Colonia,,15106,7048
50250,15,Toluca,Las Margaritas,Fraccionamiento,,15106,7843
50250,15,Toluca,Rancho De Maya,Colonia,,15106,7844
50250,15,Toluca,La Loma Residencial,Fraccionamiento,,15106,8054
50253,15,Toluca,Jardines De San Pedro,Colonia,,15106,8388
50253,15,Toluca,Dos Rios,Colonia,,15106,8389
50253,15,Toluca,Los Alamos,Colonia,,15106,8390
50253,15,Toluca,El Calvario,Colonia,,15106,8391
50254,15,Toluca,Hacienda Vista Hermosa,Fraccionamiento,,15106,22
50254,15,Toluca,Del Panteon,Barrio,,15106,8392
50254,15,Toluca,Loma Bonita,Colonia,,15106,8393
50254,15,Toluca,Tlala,Colonia,,15106,8394
50254,15,Toluca,La Venta,Barrio,,15106,8395
50254,15,Toluca,El Mogote,Barrio,,15106,8396
50254,15,Toluca,El Fronton,Colonia,,15106,8397
50254,15,Toluca,El Mirador,Barrio,,15106,8398
50254,15,Toluca,Balcones De San Felipe,Fraccionamiento,,15106,8489
50255,15,Toluca,El Refugio,Colonia,,15106,389
50255,15,Toluca,Santiago Tlacotepec,Colonia,,15106,393
50255,15,Toluca,San Juan Tilapa Centro,Colonia,,15106,394
50255,15,Toluca,El Durazno,Colonia,,15106,6990
50255,15,Toluca,Vista Hermosa,Colonia,,15106,7049
50255,15,Toluca,Cristo Rey,Colonia,,15106,8270
50255,15,Toluca,Linda Vista,Colonia,,15106,8401
50255,15,Toluca,Paraje Tlalmimilolpan,Colonia,,15106,8402
50255,15,Toluca,Loma Bonita,Colonia,,15106,8403
50255,15,Toluca,Los Pajaritos,Colonia,,15106,8404
50255,15,Toluca,Santiago Tlacotepec Centro,Colonia,,15106,8405
50255,15,Toluca,El Mirador,Colonia,,15106,8406
50255,15,Toluca,Santa Maria,Colonia,,15106,8407
50255,15,Toluca,Guadalupe,Colonia,,15106,8408
50256,15,Toluca,Agua Bendita,Colonia,,15106,8410
50256,15,Toluca,Las Barranquitas,Colonia,,15106,8411
50256,15,Toluca,El Canal,Colonia,,15106,8412
50256,15,Toluca,El Calvario,Colonia,,15106,8413
50257,15,Toluca,La Joya,Barrio,,15106,8399
50257,15,Toluca,El Cruzado,Colonia,,15106,8415
50257,15,Toluca,Benito Juarez,Colonia,,15106,8416
50257,15,Toluca,Tollocan,Colonia,,15106,8417
50257,15,Toluca,La Joya De Ignacio Esquivel,Colonia,,15106,8418
50257,15,Toluca,Apilulco,Colonia,,15106,8419
50257,15,Toluca,Loma Bonita,Colonia,,15106,8420
50258,15,Toluca,Acuxtitla,Colonia,,15106,8421
50258,15,Toluca,El Chamizal,Colonia,,15106,8422
50258,15,Toluca,El Mostrante,Colonia,,15106,8425
50258,15,Toluca,La Cruz,Colonia,,15106,8426
50258,15,Toluca,Puxinco,Colonia,,15106,8427
50258,15,Toluca,El Rosario,Colonia,,15106,8428
50258,15,Toluca,Guadalupe,Colonia,,15106,8429
50258,15,Toluca,Rancho Buenavista,Colonia,,15106,8430
50258,15,Toluca,Paraje El Ocote,Colonia,,15106,8431
50260,15,Toluca,Atenea,Fraccionamiento,,15106,7
50260,15,Toluca,Miramonte,Fraccionamiento,,15106,8
50260,15,Toluca,La Rivera,Fraccionamiento,,15106,9
50260,15,Toluca,Victoria Residencial,Condominio,,15106,17
50260,15,Toluca,Paseos Del Valle,Fraccionamiento,,15106,5118
50260,15,Toluca,El Pacifico,Colonia,,15106,6976
50260,15,Toluca,Capultitlan Centro,Colonia,,15106,8423
50260,15,Toluca,Villas Fontana,Fraccionamiento,,15106,8456
50260,15,Toluca,Villas Santa Esther,Fraccionamiento,,15106,8457
50260,15,Toluca,Alejandria,Fraccionamiento,,15106,8458
50263,15,Toluca,Los Pinos,Colonia,,15106,8374
50263,15,Toluca,San Juan Apostol,Barrio,,15106,8375
50263,15,Toluca,De Cristo Rey,Barrio,,15106,8376
50263,15,Toluca,De La Cruz,Barrio,,15106,8377
50263,15,Toluca,La Virgen De Guadalupe,Barrio,,15106,8378
50263,15,Toluca,San Isidro Labrador,Barrio,,15106,8379
50263,15,Toluca,Del Espiritu Santo,Barrio,,15106,8380
50263,15,Toluca,La Santisima Trinidad,Colonia,,15106,8381
50264,15,Toluca,La Soledad,Barrio,,15106,6
50264,15,Toluca,San Jose,Barrio,,15106,8382
50264,15,Toluca,San Felipe De Jesus,Barrio,,15106,8383
50264,15,Toluca,San Judas Tadeo,Colonia,,15106,8384
50264,15,Toluca,Las Palmas,Colonia,,15106,8385
50264,15,Toluca,San Pablo,Colonia,,15106,8386
50265,15,Toluca,San Miguel Zacango,Colonia,,15106,5532
50265,15,Toluca,Villas Santa Isabel,Fraccionamiento,,15106,5534
50265,15,Toluca,Del Panteon,Barrio,,15106,8362
50265,15,Toluca,Guadalupe,Colonia,,15106,8363
50265,15,Toluca,Sixto Noguez,Colonia,,15106,8364
50265,15,Toluca,La Loma,Colonia,,15106,8365
50265,15,Toluca,Cacalomacan Centro,Colonia,,15106,8366
50265,15,Toluca,La Palma,Colonia,,15106,8367
50265,15,Toluca,La Capilla,Colonia,,15106,8368
50265,15,Toluca,Sagrado Corazon De Jesus,Colonia,,15106,8369
50265,15,Toluca,Tierra Coloradas,Colonia,,15106,8370
50265,15,Toluca,San Pedro,Colonia,,15106,8371
50265,15,Toluca,El Chorrito,Colonia,,15106,8372
50265,15,Toluca,Del Campo,Colonia,,15106,8373
50265,15,Toluca,Las Palomas,Colonia,,15106,8467
50265,15,Toluca,Sor Juana Ines De La Cruz,Colonia,,15106,8468
50266,15,Toluca,San Antonio Buenavista,Pueblo,,15106,388
50270,15,Toluca,Tecaxic,Pueblo,,15106,377
50270,15,Toluca,Tepetongo,Barrio,,15106,8143
50270,15,Toluca,San Pablo,Colonia,,15106,8318
50270,15,Toluca,Buenavista,Barrio,,15106,8319
50270,15,Toluca,Tlalnepantla,Barrio,,15106,8321
50270,15,Toluca,El Pedregal,Barrio,,15106,8323
50274,15,Toluca,Pueblo Nuevo (Serraton),Colonia,,15106,8322
50280,15,Toluca,San Marcos Yachihuacaltepec,Pueblo,,15106,18
50280,15,Toluca,Los Uribe,Barrio,,15106,20
50280,15,Toluca,Santiago Tlaxomulco Centro,Colonia,,15106,209
50280,15,Toluca,Calixtlahuaca,Pueblo,,15106,360
50280,15,Toluca,Junta Local De Caminos,Fraccionamiento,,15106,7845
50280,15,Toluca,El Tepetate,Colonia,,15106,8326
50280,15,Toluca,El Calvario,Colonia,,15106,8327
50280,15,Toluca,La Pena,Colonia,,15106,8328
50283,15,Toluca,El Pozo Blanco,Barrio,,15106,8336
50283,15,Toluca,La Pena,Barrio,,15106,8337
50283,15,Toluca,Los Cipreses,Barrio,,15106,8338
50284,15,Toluca,Los Pocitos,Colonia,,15106,8339
50284,15,Toluca,El Calvario,Colonia,,15106,8340
50284,15,Toluca,Tenojo,Colonia,,15106,8341
50285,15,Toluca,Las Bugambilias,Unidad Habitacional,,15106,1
50285,15,Toluca,San Martin Toltepec,Pueblo,,15106,370
50285,15,Toluca,La Palma Toltepec,Barrio,,15106,384
50285,15,Toluca,Palmillas,Barrio,,15106,385
50285,15,Toluca,Ojo De Agua,Colonia,,15106,5536
50285,15,Toluca,Zimbrones,Barrio,,15106,7050
50285,15,Toluca,2 De Marzo,Colonia,,15106,7051
50285,15,Toluca,San Marcos Yachihuacaltepec,Ejido,,15106,8307
50285,15,Toluca,Lazaro Cardenas,Colonia,,15106,8308
50285,15,Toluca,San Isidro,Rancheria,,15106,8310
50285,15,Toluca,Paseos San Martin,Conjunto Habitacional,,15106,9095
50285,15,Toluca,Almoloya De Juarez,Ejido,,15106,9641
50290,15,Toluca,Ejido Santa Cruz Atzcapotzaltongo,Colonia,,15106,208
50290,15,Toluca,La Vega,Fraccionamiento,,15106,210
50290,15,Toluca,San Pablo Autopan,Pueblo,,15106,374
50290,15,Toluca,Jicaltepec Autopan,Barrio,,15106,6984
50290,15,Toluca,Bordo Nuevo,Ejido,,15106,6987
50290,15,Toluca,El Cerro Del Perico,Ejido,,15106,6988
50290,15,Toluca,De Jesus 1Da. Seccion,Barrio,,15106,8268
50290,15,Toluca,De Jesus 2Da. Seccion,Barrio,,15106,8335
50290,15,Toluca,Del Pozo,Barrio,,15106,8342
50290,15,Toluca,El Cerrito,Colonia,,15106,8344
50290,15,Toluca,Tejocote,Colonia,,15106,8345
50290,15,Toluca,Alcaltunco,Colonia,,15106,8346
50290,15,Toluca,Tanamato,Colonia,,15106,8347
50290,15,Toluca,Chupascliya,Colonia,,15106,8348
50290,15,Toluca,Chichipicas,Colonia,,15106,8349
50290,15,Toluca,Santa Cruz Atzcapotzaltongo,Colonia,,15106,8350
50290,15,Toluca,La Granja,Barrio,,15106,8465
50293,15,Toluca,Parque Industrial Toluca,Zona Industrial,,15106,6555
50294,15,Toluca,De Jesus 3A. Seccion,Barrio,,15106,8329
50294,15,Toluca,De Santa Cruz,Barrio,,15106,8330
50294,15,Toluca,De Pueblo Nuevo,Barrio,,15106,8331
50294,15,Toluca,De Santa Maria,Barrio,,15106,8332
50294,15,Toluca,Tlachaloya,Colonia,,15106,8333
50294,15,Toluca,Villas Los Angeles,Unidad Habitacional,,15106,8471
50295,15,Toluca,Parque Industrial San Cayetano,Zona Industrial,,15106,5
50295,15,Toluca,San Cayetano Morelos,Pueblo,,15106,381
50295,15,Toluca,Tlachaloya,Pueblo,,15106,383
50295,15,Toluca,San Carlos,Barrio,,15106,6977
50295,15,Toluca,San Carlos Autopan,Colonia,,15106,6978
50295,15,Toluca,San Jose La Costa,Ejido,,15106,6980
50295,15,Toluca,Sebastian Lerdo De Tejada,Colonia,,15106,6982
50295,15,Toluca,Tlachaloya 2A Seccion Centro,Colonia,,15106,6983
50295,15,Toluca,Aviacion Autopan,Colonia,,15106,6985
50295,15,Toluca,Balbuena,Barrio,,15106,6986
50295,15,Toluca,San Diego,Fraccionamiento,,15106,7053
50295,15,Toluca,Real De San Pablo,Fraccionamiento,,15106,7054
50295,15,Toluca,Galaxia Toluca,Fraccionamiento,,15106,7055
50295,15,Toluca,Cerrillo Piedras Blancas,Colonia,,15106,8290
50295,15,Toluca,Las Jaras San Nicolas,Colonia,,15106,8301
50295,15,Toluca,La Trinidad,Colonia,,15106,8302
50295,15,Toluca,Julian Escalante,Colonia,,15106,8303
50295,15,Toluca,Del Tejocote,Barrio,,15106,8304
50295,15,Toluca,San Mateo,Colonia,,15106,8305
50295,15,Toluca,San Jose Buenavista,Barrio,,15106,8306
50295,15,Toluca,Xicaltepec,Ejido,,15106,8311
50300,15,Acambay De Ruiz Castaneda,Villa De Acambay De Ruiz Castaneda Centro,Colonia,,15001,395
50300,15,Acambay De Ruiz Castaneda,El Triangulo,Colonia,,15001,8231
50300,15,Acambay De Ruiz Castaneda,Penasco De Dios,Colonia,,15001,8685
50300,15,Acambay De Ruiz Castaneda,Valle De Los Espejos,Colonia,,15001,8687
50303,15,Acambay De Ruiz Castaneda,Endeje,Pueblo,,15001,413
50303,15,Acambay De Ruiz Castaneda,Manuel Hinojosa,Fraccionamiento,,15001,5221
50303,15,Acambay De Ruiz Castaneda,Constituyentes,Colonia,,15001,8679
50304,15,Acambay De Ruiz Castaneda,Penascos Residencial,Fraccionamiento,,15001,6
50304,15,Acambay De Ruiz Castaneda,Loma Alta,Colonia,,15001,7
50304,15,Acambay De Ruiz Castaneda,Reforma,Colonia,,15001,8
50304,15,Acambay De Ruiz Castaneda,Los Pinos,Colonia,,15001,8683
50305,15,Acambay De Ruiz Castaneda,Independencia,Colonia,,15001,8681
50305,15,Acambay De Ruiz Castaneda,La Camelia,Colonia,,15001,8682
50305,15,Acambay De Ruiz Castaneda,Ninos Heroes,Colonia,,15001,8684
50306,15,Acambay De Ruiz Castaneda,El Nogal,Colonia,,15001,8680
50306,15,Acambay De Ruiz Castaneda,Revolucion,Colonia,,15001,8686
50310,15,Acambay De Ruiz Castaneda,Esdoca Barrio I,Barrio,,15001,4
50310,15,Acambay De Ruiz Castaneda,Esdoca (Esdoca Centro),Pueblo,,15001,414
50310,15,Acambay De Ruiz Castaneda,Botidi,Colonia,,15001,415
50310,15,Acambay De Ruiz Castaneda,Dongu Barrio Dos,Barrio,,15001,6597
50310,15,Acambay De Ruiz Castaneda,La Cumbre,Rancheria,,15001,8671
50313,15,Acambay De Ruiz Castaneda,Dateje,Pueblo,,15001,396
50313,15,Acambay De Ruiz Castaneda,Ganzda,Pueblo,,15001,399
50313,15,Acambay De Ruiz Castaneda,Loma Linda,Pueblo,,15001,417
50313,15,Acambay De Ruiz Castaneda,Hacienda Toto,Rancho,,15001,420
50314,15,Acambay De Ruiz Castaneda,Barrancas,Pueblo,,15001,418
50314,15,Acambay De Ruiz Castaneda,Buenavista,Pueblo,,15001,419
50314,15,Acambay De Ruiz Castaneda,Bovini,Pueblo,,15001,421
50314,15,Acambay De Ruiz Castaneda,La Huerta,Pueblo,,15001,463
50314,15,Acambay De Ruiz Castaneda,Las Golondrinas,Rancheria,,15001,464
50314,15,Acambay De Ruiz Castaneda,Las Pomas Ejido De Dateje,Rancheria,,15001,8675
50315,15,Acambay De Ruiz Castaneda,Las Arenas (San Agustin),Pueblo,,15001,406
50315,15,Acambay De Ruiz Castaneda,Mado Sector Dos,Rancheria,,15001,460
50315,15,Acambay De Ruiz Castaneda,Los Pilares,Pueblo,,15001,465
50315,15,Acambay De Ruiz Castaneda,Santa Maria Las Arenas,Rancheria,,15001,6590
50315,15,Acambay De Ruiz Castaneda,Las Trojes,Pueblo,,15001,7324
50315,15,Acambay De Ruiz Castaneda,Santa Maria Las Arenas Dos,Rancheria,,15001,8678
50323,15,Acambay De Ruiz Castaneda,Boshi Grande,Pueblo,,15001,429
50324,15,Acambay De Ruiz Castaneda,La Manga,Pueblo,,15001,401
50324,15,Acambay De Ruiz Castaneda,Mado Sector Uno,Rancheria,,15001,461
50324,15,Acambay De Ruiz Castaneda,San Antonio Las Palmas,Rancheria,,15001,462
50325,15,Acambay De Ruiz Castaneda,San Juanico Sector Uno,Pueblo,,15001,403
50325,15,Acambay De Ruiz Castaneda,San Nicolas Acambay,Pueblo,,15001,426
50325,15,Acambay De Ruiz Castaneda,La Venta (Barrio La Venta),Rancheria,,15001,427
50325,15,Acambay De Ruiz Castaneda,San Juanico Sector Dos,Pueblo,,15001,428
50326,15,Acambay De Ruiz Castaneda,La Caridad,Pueblo,,15001,400
50326,15,Acambay De Ruiz Castaneda,San Ildefonso (San Ildefonso Yolotepec),Pueblo,,15001,412
50326,15,Acambay De Ruiz Castaneda,Boshi Chiquito,Pueblo,,15001,430
50330,15,Acambay De Ruiz Castaneda,San Pedro De Los Metates,Pueblo,,15001,404
50333,15,Acambay De Ruiz Castaneda,Pathe,Pueblo,,15001,402
50333,15,Acambay De Ruiz Castaneda,Boshindo,Pueblo,,15001,422
50333,15,Acambay De Ruiz Castaneda,Hondiga,Rancheria,,15001,424
50333,15,Acambay De Ruiz Castaneda,Agua Limpia,Pueblo,,15001,425
50333,15,Acambay De Ruiz Castaneda,Deshpe,Pueblo,,15001,7325
50334,15,Acambay De Ruiz Castaneda,El Medrano,Rancheria,,15001,8672
50335,15,Acambay De Ruiz Castaneda,El Fresadero,Rancho,,15001,5
50335,15,Acambay De Ruiz Castaneda,Chanteje,Rancheria,,15001,423
50335,15,Acambay De Ruiz Castaneda,La Estancia Sector I,Pueblo,,15001,431
50335,15,Acambay De Ruiz Castaneda,La Estancia Sector Ii,Pueblo,,15001,432
50335,15,Acambay De Ruiz Castaneda,Las Chivas (El Cerro),Rancheria,,15001,8677
50336,15,Acambay De Ruiz Castaneda,Loma De San Angel,Pueblo,,15001,408
50336,15,Acambay De Ruiz Castaneda,La Laguna,Pueblo,,15001,409
50336,15,Acambay De Ruiz Castaneda,San Jose Bocto,Pueblo,,15001,411
50337,15,Acambay De Ruiz Castaneda,La Esperanza,Rancho,,15001,407
50337,15,Acambay De Ruiz Castaneda,La Soledad,Pueblo,,15001,410
50337,15,Acambay De Ruiz Castaneda,Pueblo Nuevo,Pueblo,,15001,457
50340,15,Acambay De Ruiz Castaneda,Guadalupe,Barrio,,15001,450
50340,15,Acambay De Ruiz Castaneda,Cerrito De Tixmadeje,Pueblo,,15001,454
50343,15,Acambay De Ruiz Castaneda,Hermosa Provincia,Barrio,,15001,3
50343,15,Acambay De Ruiz Castaneda,Doxteje Centro,Pueblo,,15001,451
50343,15,Acambay De Ruiz Castaneda,Santa Maria Tixmadeje (Tixmadeje Grande),Pueblo,,15001,452
50343,15,Acambay De Ruiz Castaneda,Tixmadeje Grande Barrio Ii,Pueblo,,15001,453
50343,15,Acambay De Ruiz Castaneda,Tixmadeje Chiquito,Pueblo,,15001,455
50343,15,Acambay De Ruiz Castaneda,Doxteje Barrio Ii,Barrio,,15001,6595
50343,15,Acambay De Ruiz Castaneda,Doxteje Barrio I,Barrio,,15001,6596
50343,15,Acambay De Ruiz Castaneda,Candeje,Barrio,,15001,8666
50343,15,Acambay De Ruiz Castaneda,El Pedregal De Tixmadeje,Rancheria,,15001,8667
50343,15,Acambay De Ruiz Castaneda,La Providencia,Rancheria,,15001,8824
50344,15,Acambay De Ruiz Castaneda,La Florida,Pueblo,,15001,456
50344,15,Acambay De Ruiz Castaneda,El Ermitano,Pueblo,,15001,458
50344,15,Acambay De Ruiz Castaneda,La Palma,Pueblo,,15001,459
50344,15,Acambay De Ruiz Castaneda,Tixmadeje,Ejido,,15001,8676
50344,15,Acambay De Ruiz Castaneda,Detina,Ejido,,15001,8825
50345,15,Acambay De Ruiz Castaneda,Detina (San Antonio Detina),Pueblo,,15001,397
50345,15,Acambay De Ruiz Castaneda,Dongu (Dongu Centro),Pueblo,,15001,398
50345,15,Acambay De Ruiz Castaneda,Dongu Puerto,Rancheria,,15001,416
50345,15,Acambay De Ruiz Castaneda,Dongu Barrio Uno,Barrio,,15001,6598
50345,15,Acambay De Ruiz Castaneda,Huamango (La Mesa De San Miguel Huamango),Colonia,,15001,7322
50350,15,Acambay De Ruiz Castaneda,Boti (Boti Agostadero),Rancheria,,15001,438
50350,15,Acambay De Ruiz Castaneda,Los Sauces,Pueblo,,15001,440
50350,15,Acambay De Ruiz Castaneda,La Nopalera,Barrio,,15001,8668
50353,15,Acambay De Ruiz Castaneda,Rincon De San Francisco Shaxni,Rancheria,,15001,2
50353,15,Acambay De Ruiz Castaneda,Puentecillas,Pueblo,,15001,435
50353,15,Acambay De Ruiz Castaneda,Canada Del Gallo,Pueblo,,15001,446
50353,15,Acambay De Ruiz Castaneda,Rincon De Juando,Rancheria,,15001,6591
50353,15,Acambay De Ruiz Castaneda,Loma De Enmedio,Rancheria,,15001,6593
50354,15,Acambay De Ruiz Castaneda,La Teresa (Santa Teresa),Pueblo,,15001,439
50354,15,Acambay De Ruiz Castaneda,Conejeras,Pueblo,,15001,441
50354,15,Acambay De Ruiz Castaneda,Muyteje,Pueblo,,15001,449
50355,15,Acambay De Ruiz Castaneda,La Loma (Santa Maria La Loma),Colonia,,15001,448
50355,15,Acambay De Ruiz Castaneda,El Capulin (Barrio El Capulin La Loma),Barrio,,15001,6594
50355,15,Acambay De Ruiz Castaneda,San Agustin La Loma,Rancheria,,15001,8673
50356,15,Acambay De Ruiz Castaneda,Las Mangas,Pueblo,,15001,443
50356,15,Acambay De Ruiz Castaneda,Los Toriles,Pueblo,,15001,444
50356,15,Acambay De Ruiz Castaneda,Gando,Pueblo,,15001,8674
50357,15,Acambay De Ruiz Castaneda,La Penita,Barrio,,15001,1
50357,15,Acambay De Ruiz Castaneda,Juando,Pueblo,,15001,433
50357,15,Acambay De Ruiz Castaneda,Los Charcos,Pueblo,,15001,434
50357,15,Acambay De Ruiz Castaneda,San Francisco Shaxni,Pueblo,,15001,436
50357,15,Acambay De Ruiz Castaneda,Agostadero (San Jose Agostadero),Pueblo,,15001,437
50357,15,Acambay De Ruiz Castaneda,Loma Del Fresno,Rancheria,,15001,6592
50360,15,Aculco,Aculco De Espinoza,Pueblo,,15003,466
50370,15,Aculco,Santa Ana Matlavat Primera Manzana,Colonia,,15003,3
50370,15,Aculco,Santa Ana Matlavat Segunda Seccion,Colonia,,15003,5
50370,15,Aculco,Gunyo Oriente,Pueblo,,15003,490
50370,15,Aculco,Santa Ana Matlavat Centro,Pueblo,,15003,491
50370,15,Aculco,Jurica,Pueblo,,15003,492
50370,15,Aculco,Encinillas,Ejido,,15003,6666
50370,15,Aculco,Santa Maria Nativitas Segundo Cuartel,Rancheria,,15003,8689
50370,15,Aculco,La Esperanza,Ejido,,15003,8699
50370,15,Aculco,San Francisquito,Ejido,,15003,8700
50370,15,Aculco,Taxtho,Ejido,,15003,8701
50373,15,Aculco,Arroyo Zarco,Pueblo,,15003,484
50373,15,Aculco,San Antonio Arroyo Zarco,Rancheria,,15003,6660
50373,15,Aculco,Las Lajas,Rancheria,,15003,6662
50374,15,Aculco,El Azafran Segunda Manzana,Rancheria,,15003,1
50374,15,Aculco,San Martin,Ejido,,15003,470
50374,15,Aculco,El Azafran Centro,Pueblo,,15003,489
50374,15,Aculco,El Azafran Tercera Manzana,Pueblo,,15003,7271
50375,15,Aculco,Fondo,Pueblo,,15003,475
50375,15,Aculco,El Bonxhi,Pueblo,,15003,476
50375,15,Aculco,Barrancas,Ejido,,15003,477
50375,15,Aculco,El Colorado,Rancheria,,15003,6669
50375,15,Aculco,Los Gavilanes,Pueblo,,15003,7270
50376,15,Aculco,La Soledad,Barrio,,15003,467
50376,15,Aculco,Santa Maria Nativitas,Pueblo,,15003,471
50376,15,Aculco,Las Animas,Ejido,,15003,8688
50376,15,Aculco,Decandeje,Rancheria,,15003,8690
50376,15,Aculco,Rancho Chapala,Ejido,,15003,8702
50376,15,Aculco,Decandeje (Chapala Ejido Decandeje),Ejido,,15003,8703
50380,15,Aculco,Gunyo Centro,Colonia,,15003,2
50380,15,Aculco,San Jeronimo,Barrio,,15003,469
50380,15,Aculco,La Soledad,Ejido,,15003,6663
50380,15,Aculco,Gunyo Poniente,Rancheria,,15003,6665
50383,15,Aculco,El Zethe El Llano,Rancheria,,15003,6
50383,15,Aculco,Santiago Oxtoc Toxhie,Pueblo,,15003,472
50383,15,Aculco,El Zethe (Jazmin),Pueblo,,15003,473
50383,15,Aculco,Santa Ana Oxtoc Toxhie,Rancheria,,15003,6659
50383,15,Aculco,Totolopan (Ejido De Totolopan),Barrio,,15003,6671
50383,15,Aculco,San Antonio El Zethe,Rancheria,,15003,8693
50384,15,Aculco,Nado Buenavista,Pueblo,,15003,468
50384,15,Aculco,Los Ailes,Rancheria,,15003,483
50385,15,Aculco,San Jeronimo,Ejido,,15003,479
50385,15,Aculco,El Tixhinu,Rancheria,,15003,481
50385,15,Aculco,San Joaquin Coscomatepec,Ejido,,15003,6670
50385,15,Aculco,Bimbo,Ejido,,15003,7277
50386,15,Aculco,San Joaquin Coscomatepec,Pueblo,,15003,478
50386,15,Aculco,San Antonio,Pueblo,,15003,482
50393,15,Aculco,Higuerillas B,Rancheria,,15003,4
50393,15,Aculco,Bane,Pueblo,,15003,485
50393,15,Aculco,Bane Primera Manzana,Ejido,,15003,6661
50393,15,Aculco,Higuerillas C,Rancheria,,15003,8234
50393,15,Aculco,Huizachal,Rancheria,,15003,8691
50394,15,Aculco,La Presita Segundo Cuartel,Rancheria,,15003,6664
50394,15,Aculco,Loma Alta Cabresteros,Rancheria,,15003,8692
50394,15,Aculco,La Estancia,Rancheria,,15003,8694
50395,15,Aculco,La Concepcion,Ejido,,15003,480
50396,15,Aculco,La Concepcion,Pueblo,,15003,487
50396,15,Aculco,San Lucas Totolmaloya,Pueblo,,15003,488
50396,15,Aculco,El Mogote,Rancheria,,15003,6668
50397,15,Aculco,San Pedro Denxhi Centro,Pueblo,,15003,486
50397,15,Aculco,San Pedro Denxhi Segundo Cuartel,Ejido,,15003,7273
50397,15,Aculco,Presa Del Tepozan,Pueblo,,15003,7275
50397,15,Aculco,La Pera,Ejido,,15003,8696
50397,15,Aculco,La Cofradia Grande,Rancheria,,15003,8697
50397,15,Aculco,El Rincon,Ejido,,15003,8698
50400,15,Temascalcingo,Temascalcingo De Jose Maria Velasco,Pueblo,,15085,504
50400,15,Temascalcingo,Del Calvario,Barrio,,15085,9279
50410,15,Temascalcingo,La Magdalena,Pueblo,,15085,496
50410,15,Temascalcingo,Maro,Barrio,,15085,497
50410,15,Temascalcingo,Puruahua,Barrio,,15085,6626
50410,15,Temascalcingo,La Magdalena Cruz Blanca,Barrio,,15085,7241
50410,15,Temascalcingo,Bonsho,Barrio,,15085,7243
50410,15,Temascalcingo,Del Socorro,Barrio,,15085,8209
50413,15,Temascalcingo,La Magdalena Bosha,Barrio,,15085,6628
50413,15,Temascalcingo,Ahuacatitlan Cuarto Y Quinto Cuartel,Rancheria,,15085,6634
50413,15,Temascalcingo,Ahuacatitlan Centro,Pueblo,,15085,8723
50414,15,Temascalcingo,San Mateo El Viejo,Pueblo,,15085,500
50414,15,Temascalcingo,San Pedro El Alto,Pueblo,,15085,501
50414,15,Temascalcingo,Santa Lucia (Ejido De San Mateo El Viejo),Rancheria,,15085,514
50414,15,Temascalcingo,La Loma De San Mateo,Rancheria,,15085,8720
50414,15,Temascalcingo,Barrio De Shelle,Rancheria,,15085,8721
50415,15,Temascalcingo,Andaro,Barrio,,15085,499
50415,15,Temascalcingo,La Corona,Colonia,,15085,515
50415,15,Temascalcingo,Puente,Barrio,,15085,7246
50420,15,Temascalcingo,Boshesda,Pueblo,,15085,495
50420,15,Temascalcingo,Santiago Coachochitlan,Pueblo,,15085,503
50420,15,Temascalcingo,Boqui,Barrio,,15085,7245
50420,15,Temascalcingo,Santiago Coachochitlan Barrio Del Rincon,Colonia,,15085,7250
50420,15,Temascalcingo,Mesa De Bombaro,Barrio,,15085,7251
50420,15,Temascalcingo,Bombaro,Barrio,,15085,7252
50420,15,Temascalcingo,Bachini,Barrio,,15085,7253
50423,15,Temascalcingo,Pastores Primer Barrio,Rancheria,,15085,498
50423,15,Temascalcingo,San Pedro Potla Centro,Pueblo,,15085,502
50423,15,Temascalcingo,San Pedro Potla Segundo Barrio,Rancheria,,15085,6621
50423,15,Temascalcingo,San Pedro Potla Primer Barrio Ejido,Rancheria,,15085,6622
50423,15,Temascalcingo,Los Pastores (Pastores Segundo Barrio),Rancheria,,15085,6627
50423,15,Temascalcingo,San Pedro Potla Tercer Barrio,Rancheria,,15085,7255
50423,15,Temascalcingo,San Pedro De La Loma,Rancheria,,15085,8722
50424,15,Temascalcingo,San Francisco Tepeolulco Colonia Lazaro Cardenas,Colonia,,15085,1
50424,15,Temascalcingo,San Francisco Tepeolulco,Pueblo,,15085,506
50424,15,Temascalcingo,Santa Ana Yenshu Centro,Pueblo,,15085,508
50424,15,Temascalcingo,Santa Ana Yenshu La Mesa,Rancheria,,15085,6619
50424,15,Temascalcingo,Santa Ana Yenshu Ejido,Rancheria,,15085,6620
50424,15,Temascalcingo,San Francisco Tepeolulco Tercer Barrio La Mesa,Barrio,,15085,6625
50424,15,Temascalcingo,San Francisco Tepeolulco Primer Barrio,Barrio,,15085,8716
50424,15,Temascalcingo,San Francisco Tepeolulco Segundo Barrio,Barrio,,15085,8717
50425,15,Temascalcingo,San Juanico El Alto (San Juanico),Pueblo,,15085,507
50425,15,Temascalcingo,San Juanico Centro,Rancheria,,15085,6623
50430,15,Temascalcingo,Juanacatlan,Pueblo,,15085,510
50433,15,Temascalcingo,La Huerta,Pueblo,,15085,513
50433,15,Temascalcingo,San Francisco Solis,Pueblo,,15085,526
50433,15,Temascalcingo,San Vicente Solis,Pueblo,,15085,527
50433,15,Temascalcingo,Cuadrilla,Barrio,,15085,7242
50434,15,Temascalcingo,Santa Maria Canchesda,Pueblo,,15085,509
50434,15,Temascalcingo,Mesa De Santiago (La Mesa),Pueblo,,15085,511
50434,15,Temascalcingo,Mesa De Bani,Pueblo,,15085,512
50434,15,Temascalcingo,La Estanzuela,Pueblo,,15085,6629
50434,15,Temascalcingo,Mesa De Los Garnica,Pueblo,,15085,7249
50434,15,Temascalcingo,Barrio Las Penas,Pueblo,,15085,7256
50434,15,Temascalcingo,Los Chamacueros,Rancheria,,15085,7257
50435,15,Temascalcingo,Estacion Solis (Estacion Alberto Garduno),Pueblo,,15085,7244
50440,15,Temascalcingo,Pueblo Nuevo Solis (La Estancia),Pueblo,,15085,516
50443,15,Temascalcingo,Santa Rosa Solis,Rancheria,,15085,520
50443,15,Temascalcingo,San Miguel Solis,Pueblo,,15085,521
50443,15,Temascalcingo,Santa Maria Solis,Pueblo,,15085,522
50443,15,Temascalcingo,San Jose Solis,Rancheria,,15085,6624
50443,15,Temascalcingo,Ex-Hacienda De Solis,Pueblo,,15085,6630
50443,15,Temascalcingo,Los Pinos,Rancheria,,15085,8719
50444,15,Temascalcingo,San Nicolas Solis,Pueblo,,15085,519
50444,15,Temascalcingo,Cerritos De Cardenas,Rancheria,,15085,6632
50444,15,Temascalcingo,Calderas,Rancheria,,15085,6633
50444,15,Temascalcingo,Mogote De La Campana,Rancheria,,15085,8718
50445,15,Temascalcingo,El Rodeo,Rancheria,,15085,6631
50445,15,Temascalcingo,La Mesa Del Venado,Pueblo,,15085,7239
50445,15,Temascalcingo,Pozo De Las Palomas,Rancheria,,15085,7240
50446,15,Temascalcingo,San Antonio Solis,Pueblo,,15085,517
50446,15,Temascalcingo,San Jose Los Reyes,Pueblo,,15085,7237
50446,15,Temascalcingo,El Garay,Pueblo,,15085,7238
50447,15,Temascalcingo,San Jose Ixtapa,Pueblo,,15085,523
50447,15,Temascalcingo,El Tejocote (La Loma),Rancheria,,15085,524
50447,15,Temascalcingo,Guadalupe Ixtapa,Pueblo,,15085,525
50447,15,Temascalcingo,Ixtapa,Pueblo,,15085,7236
50450,15,Atlacomulco,Atlacomulco De Fabela Centro,Colonia,,15014,528
50453,15,Atlacomulco,Felipe Urena,Colonia,,15014,5223
50453,15,Atlacomulco,Morelos,Colonia,,15014,5237
50453,15,Atlacomulco,Bongoni,Colonia,,15014,6184
50453,15,Atlacomulco,2 De Abril,Colonia,,15014,8152
50453,15,Atlacomulco,El Arbolito,Colonia,,15014,8273
50454,15,Atlacomulco,2Da. Seccion Electricistas,Fraccionamiento,,15014,5224
50454,15,Atlacomulco,El Calvario,Colonia,,15014,5226
50454,15,Atlacomulco,Isidro Fabela,Colonia,,15014,5228
50454,15,Atlacomulco,San Martin,Colonia,,15014,6183
50454,15,Atlacomulco,Granjas,Colonia,,15014,8245
50455,15,Atlacomulco,Quinta Mercedes,Fraccionamiento,,15014,1
50455,15,Atlacomulco,Cuatro Milpas,Colonia,,15014,5230
50455,15,Atlacomulco,La Mora,Colonia,,15014,5231
50455,15,Atlacomulco,Atlavilla,Fraccionamiento,,15014,5232
50455,15,Atlacomulco,Miguel Portillo Saldana,Fraccionamiento,,15014,5235
50455,15,Atlacomulco,Jose Vasconcelos,Fraccionamiento,,15014,6186
50455,15,Atlacomulco,Las Mercedes,Colonia,,15014,8151
50455,15,Atlacomulco,Las Fuentes,Colonia,,15014,8153
50455,15,Atlacomulco,La Ascension,Colonia,,15014,8154
50455,15,Atlacomulco,Valle De Los Sauces,Fraccionamiento,,15014,8659
50455,15,Atlacomulco,Issemym,Fraccionamiento,,15014,8827
50456,15,Atlacomulco,Rio Lerma (Tic Ti),Colonia,,15014,5072
50457,15,Atlacomulco,La Garita,Colonia,,15014,5233
50457,15,Atlacomulco,El Jazmin,Colonia,,15014,6185
50457,15,Atlacomulco,Atenas,Colonia,,15014,8246
50457,15,Atlacomulco,La Cruz,Colonia,,15014,8247
50457,15,Atlacomulco,Ampliacion La Garita,Colonia,,15014,8248
50458,15,Atlacomulco,Parque Industrial Atlacomulco,Zona Industrial,,15014,8488
50460,15,Atlacomulco,San Bartolo Lanzados,Pueblo,,15014,533
50460,15,Atlacomulco,Lagunita Cantashi,Rancheria,,15014,7096
50463,15,Atlacomulco,Cerrito Colorado,Pueblo,,15014,547
50463,15,Atlacomulco,Tierras Blancas,Pueblo,,15014,548
50464,15,Atlacomulco,Diximoxi,Pueblo,,15014,549
50464,15,Atlacomulco,San Bartolo El Arenal,Pueblo,,15014,551
50464,15,Atlacomulco,Maye El Fresno,Rancheria,,15014,7098
50465,15,Atlacomulco,La Mesa De Chosto,Pueblo,,15014,542
50465,15,Atlacomulco,Santo Domingo Shomeje,Pueblo,,15014,543
50466,15,Atlacomulco,Chosto De Los Jarros,Pueblo,,15014,531
50470,15,Atlacomulco,San Pablo Atotonilco,Pueblo,,15014,529
50473,15,Atlacomulco,El Salto,Pueblo,,15014,553
50473,15,Atlacomulco,Monte Maria (El Nogal),Rancheria,,15014,7100
50474,15,Atlacomulco,El Rincon De La Candelaria,Pueblo,,15014,532
50474,15,Atlacomulco,Tecoac (Santa Maria Nativitas),Pueblo,,15014,540
50475,15,Atlacomulco,San Jose Del Tunal,Pueblo,,15014,535
50475,15,Atlacomulco,San Ignacio De Loyola,Pueblo,,15014,554
50475,15,Atlacomulco,San Luis Boro,Pueblo,,15014,555
50476,15,Atlacomulco,Dolores La Joya,Pueblo,,15014,552
50476,15,Atlacomulco,El Magueyal,Rancheria,,15014,7099
50480,15,Atlacomulco,San Francisco Chalchihuapan,Pueblo,,15014,558
50483,15,Atlacomulco,San Felipe Pueblo Nuevo,Pueblo,,15014,556
50483,15,Atlacomulco,Santiago Acutzilapan,Pueblo,,15014,560
50484,15,Atlacomulco,San Antonio Enchisi,Pueblo,,15014,557
50485,15,Atlacomulco,San Pedro Del Rosal,Pueblo,,15014,559
50486,15,Atlacomulco,Nueva Espana (Ejido San Lorenzo Tlacotepec),Colonia,,15014,2
50486,15,Atlacomulco,Las Manzanas (La Joya),Rancheria,,15014,3
50486,15,Atlacomulco,San Lorenzo Tlacotepec,Pueblo,,15014,538
50486,15,Atlacomulco,Santa Cruz Bombatevi,Pueblo,,15014,539
50486,15,Atlacomulco,Cuendo,Pueblo,,15014,546
50486,15,Atlacomulco,El Espejel,Rancheria,,15014,7097
50487,15,Atlacomulco,La Palma,Pueblo,,15014,550
50487,15,Atlacomulco,Las Tarrias,Rancheria,,15014,6745
50487,15,Atlacomulco,Bombatevi (Ejido Santa Cruz Bombatevi),Ejido,,15014,6746
50490,15,Atlacomulco,San Juan De Los Jarros,Pueblo,,15014,537
50493,15,Atlacomulco,Bobashi De Guadalupe,Pueblo,,15014,530
50494,15,Atlacomulco,Manto Del Rio,Ejido,,15014,545
50495,15,Atlacomulco,Manto Del Rio,Pueblo,,15014,544
50496,15,Atlacomulco,San Jose Toxi,Pueblo,,15014,536
50497,15,Atlacomulco,San Jeronimo De Los Jarros,Pueblo,,15014,534
50500,15,Timilpan,San Andres Timilpan,Pueblo,,15102,565
50503,15,Timilpan,N Zititi,Barrio,,15102,9504
50503,15,Timilpan,N Teje,Barrio,,15102,9505
50503,15,Timilpan,M Bodo,Barrio,,15102,9506
50504,15,Timilpan,N Gunzda,Barrio,,15102,9507
50504,15,Timilpan,Aguacate,Barrio,,15102,9508
50505,15,Timilpan,N Zola,Barrio,,15102,9509
50505,15,Timilpan,Campo Santo,Barrio,,15102,9510
50505,15,Timilpan,Segunda Manzana,Barrio,,15102,9511
50507,15,Timilpan,Primera Manzana De Barrio Iturbide,Barrio,,15102,2
50507,15,Timilpan,Segunda Manzana De Barrio Iturbide,Barrio,,15102,562
50507,15,Timilpan,De Ocampo,Barrio,,15102,566
50508,15,Timilpan,Primera Manzana De San Nicolas(Puerto San Nicolas),Pueblo,,15102,567
50508,15,Timilpan,Segunda Manzana De San Nicolas,Colonia,,15102,9497
50509,15,Timilpan,Primera Manzana De Zaragoza,Pueblo,,15102,568
50509,15,Timilpan,Segunda Manzana De Zaragoza,Colonia,,15102,9495
50509,15,Timilpan,Tercera Manzana De Zaragoza,Barrio,,15102,9498
50510,15,Timilpan,Huapango,Pueblo,,15102,569
50520,15,Timilpan,Primera Manzana Barrio De Hidalgo,Barrio,,15102,570
50520,15,Timilpan,Iturbide (La Campesina),Barrio,,15102,8161
50523,15,Timilpan,Lomas De Emiliano Zapata (Las Lomas),Colonia,,15102,9496
50524,15,Timilpan,Segunda Manzana De Barrio Morelos,Barrio,,15102,9501
50525,15,Timilpan,Tercera Manzana De Barrio Morelos,Barrio,,15102,1
50525,15,Timilpan,Primera Manzana De Barrio Morelos,Barrio,,15102,563
50525,15,Timilpan,Agua Bendita,Rancheria,,15102,8187
50525,15,Timilpan,Segunda Manzana De Barrio Hidalgo,Rancheria,,15102,9502
50525,15,Timilpan,Tercera Manzana De Barrio Iturbide Ixcaja,Barrio,,15102,9503
50526,15,Timilpan,Segunda Manzana Del Pueblo De Rincon De Bucio,Barrio,,15102,3
50526,15,Timilpan,Primera Manzana Del Pueblo De Rincon De Bucio,Pueblo,,15102,564
50526,15,Timilpan,Primera Manzana De Canada De Lobos,Pueblo,,15102,571
50526,15,Timilpan,Segunda Manzana De Canada De Lobos,Barrio,,15102,9500
50527,15,Timilpan,Tercera Manzana Del Pueblo De Rincon De Bucio,Barrio,,15102,9499
50528,15,Timilpan,El Palmito (San Jose El Palmito),Pueblo,,15102,561
50540,15,Timilpan,Quinto Barrio Santiaguito Maxda (Enzda),Barrio,,15102,572
50540,15,Timilpan,San Antonio Yondeje,Pueblo,,15102,573
50540,15,Timilpan,Santiaguito Maxda,Pueblo,,15102,574
50550,15,Morelos,San Bartolo Morelos,Pueblo,,15056,575
50553,15,Morelos,Primero (La Calavera),Barrio,,15056,3
50553,15,Morelos,La Cofradia,Rancheria,,15056,4
50554,15,Morelos,La Palma,Rancheria,,15056,7174
50554,15,Morelos,La Malinche,Rancheria,,15056,7177
50554,15,Morelos,Cuarto (La Loma),Barrio,,15056,8510
50559,15,Morelos,La Canada (San Marcos Tlazalpan),Rancheria,,15056,9
50559,15,Morelos,Xhinte De Lagos,Pueblo,,15056,577
50560,15,Morelos,Los Corralitos,Rancheria,,15056,2
50560,15,Morelos,Santa Clara De Juarez,Pueblo,,15056,580
50560,15,Morelos,El Cerrito,Rancheria,,15056,7180
50560,15,Morelos,Los Negritos,Rancho,,15056,7181
50563,15,Morelos,La Cruz (San Simon La Cruz),Rancheria,,15056,7183
50564,15,Morelos,San Sebastian Buenos Aires (San Sebastian),Pueblo,,15056,579
50565,15,Morelos,San Jose El Quelite,Rancheria,,15056,5
50565,15,Morelos,La Lagunilla,Rancheria,,15056,6
50565,15,Morelos,El Reino,Rancheria,,15056,7197
50565,15,Morelos,Las Cenizas (Ejido De Santa Clara),Rancheria,,15056,7199
50566,15,Morelos,Ejido De San Antonio,Rancheria,,15056,7
50566,15,Morelos,Santa Cruz,Rancheria,,15056,8
50566,15,Morelos,San Antonio Trojes (Rancho Trojes),Rancho,,15056,7179
50566,15,Morelos,Cuarto (La Trampa),Barrio,,15056,7189
50567,15,Morelos,San Jose La Epifania,Rancheria,,15056,582
50567,15,Morelos,Las Tinajas,Rancheria,,15056,8511
50570,15,Morelos,Tlalpujahuilla,Pueblo,,15056,578
50573,15,Morelos,De Xicani,Barrio,,15056,7193
50574,15,Morelos,San Lorenzo Malacota,Pueblo,,15056,583
50575,15,Morelos,Loma De Buenavista,Rancheria,,15056,7182
50583,15,Morelos,Caxboncuac,Pueblo,,15056,7169
50584,15,Morelos,San Gregorio Macapexco,Pueblo,,15056,576
50584,15,Morelos,San Gregorio Macapexco Barrio Segundo,Pueblo,,15056,7168
50584,15,Morelos,San Antonio,Rancheria,,15056,7172
50584,15,Morelos,Tercero,Barrio,,15056,8527
50590,15,Morelos,Laguna Seca,Rancheria,,15056,1
50590,15,Morelos,San Marcos Tlazalpan,Pueblo,,15056,581
50590,15,Morelos,Benito Juarez,Colonia,,15056,9430
50596,15,Morelos,Francisco I. Madero,Colonia,,15056,7166
50596,15,Morelos,La Finca,Rancheria,,15056,8962
50597,15,Morelos,La Beltran,Rancheria,,15056,7167
50600,15,El Oro,El Oro De Hidalgo,Pueblo,,15064,584
50600,15,El Oro,El Carmen,Colonia,,15064,8159
50600,15,El Oro,San Rafael,Colonia,,15064,8200
50601,15,El Oro,Santiago Oxtempan,Pueblo,,15064,588
50603,15,El Oro,Francisco I Madero,Colonia,,15064,586
50603,15,El Oro,Monte Alto,Colonia,,15064,7312
50604,15,El Oro,Cuauhtemoc,Colonia,,15064,599
50610,15,El Oro,La Estrellita,Barrio,,15064,3
50610,15,El Oro,Aquiles Serdan,Colonia,,15064,590
50610,15,El Oro,Benito Juarez,Colonia,,15064,5238
50613,15,El Oro,San Nicolas El Oro (Agua Escondida),Ejido,,15064,591
50614,15,El Oro,San Nicolas Tultenango,Pueblo,,15064,595
50614,15,El Oro,Santiago Oxtempan,Ejido,,15064,7309
50615,15,El Oro,La Nopalera,Pueblo,,15064,592
50615,15,El Oro,Estacion Tultenango (Tultenango),Paraje,,15064,594
50615,15,El Oro,El Mogote,Pueblo,,15064,6674
50616,15,El Oro,Venta Del Aire,Pueblo,,15064,593
50616,15,El Oro,La Soledad,Pueblo,,15064,7311
50617,15,El Oro,San Isidro Ejido De Tapaxco,Rancheria,,15064,4
50625,15,El Oro,Santa Rosa De Lima,Pueblo,,15064,598
50625,15,El Oro,Las Penitas,Barrio,,15064,6679
50625,15,El Oro,Santa Rosa De Guadalupe,Pueblo,,15064,7313
50626,15,El Oro,San Nicolas El Oro (San Nicolas),Pueblo,,15064,600
50627,15,El Oro,Lazaro Cardenas,Rancheria,,15064,1
50627,15,El Oro,Loma Del Capulin,Rancheria,,15064,2
50627,15,El Oro,Presa Brockman,Pueblo,,15064,601
50627,15,El Oro,La Loma De La Cima,Pueblo,,15064,602
50627,15,El Oro,Santa Cruz El Tejocote (El Tejocote),Pueblo,,15064,6673
50627,15,El Oro,Cerro Lloron,Rancheria,,15064,6677
50627,15,El Oro,El Gigante,Rancheria,,15064,6678
50627,15,El Oro,Llanito Cuatro,Pueblo,,15064,7321
50630,15,El Oro,Tapaxco,Pueblo,,15064,605
50630,15,El Oro,Yomeje,Rancheria,,15064,607
50633,15,El Oro,Bassoco De Hidalgo,Rancheria,,15064,609
50633,15,El Oro,Adolfo Lopez Mateos,Pueblo,,15064,610
50633,15,El Oro,La Jordana,Pueblo,,15064,611
50633,15,El Oro,La Palma,Pueblo,,15064,7317
50634,15,El Oro,Citeje,Pueblo,,15064,613
50634,15,El Oro,"San Isidro, Pueblo Nuevo De Los Angeles",Barrio,,15064,616
50634,15,El Oro,Benemerito Pueblo Nuevo De Los Angeles,Barrio,,15064,7316
50634,15,El Oro,Pueblo Nuevo De Los Angeles,Rancheria,,15064,8192
50635,15,El Oro,Endotejiare,Pueblo,,15064,612
50635,15,El Oro,La Mesa,Pueblo,,15064,614
50635,15,El Oro,La Magdalena Morelos,Pueblo,,15064,615
50636,15,El Oro,Laguna Seca,Pueblo,,15064,7318
50637,15,El Oro,La Concepcion (La Concepcion Segunda),Pueblo,,15064,597
50637,15,El Oro,Buenavista,Pueblo,,15064,606
50637,15,El Oro,San Juan Bosco,Pueblo,,15064,7314
50637,15,El Oro,Concepcion Primera,Rancheria,,15064,7315
50640,15,San Felipe Del Progreso,Fernando Orozco Y Berra,Colonia,,15074,2
50640,15,San Felipe Del Progreso,Heroes De La Independencia,Colonia,,15074,3
50640,15,San Felipe Del Progreso,La Venta,Colonia,,15074,4
50640,15,San Felipe Del Progreso,Las Huertas,Fraccionamiento,,15074,5
50640,15,San Felipe Del Progreso,Progreso,Colonia,,15074,6
50640,15,San Felipe Del Progreso,La Cabecera Concepcion,Barrio,,15074,7
50640,15,San Felipe Del Progreso,Ejido De San Felipe Del Progreso,Colonia,,15074,11
50640,15,San Felipe Del Progreso,San Felipe Del Progreso Centro,Colonia,,15074,630
50640,15,San Felipe Del Progreso,Ejidal,Colonia,,15074,8475
50640,15,San Felipe Del Progreso,Jose Maria Morelos,Colonia,,15074,9513
50640,15,San Felipe Del Progreso,Las Colonias,Colonia,,15074,9515
50640,15,San Felipe Del Progreso,La Teneria,Colonia,,15074,9686
50653,15,San Felipe Del Progreso,La Cabecera,Ejido,,15074,624
50653,15,San Felipe Del Progreso,Tunal Nenaxi,Ejido,,15074,641
50653,15,San Felipe Del Progreso,El Agostadero Ejido De San Juan Jalpa,Barrio,,15074,6931
50653,15,San Felipe Del Progreso,La Esperanza,Colonia,,15074,7123
50653,15,San Felipe Del Progreso,Guadalupe,Colonia,,15074,7124
50653,15,San Felipe Del Progreso,Flor De Maria,Rancheria,,15074,7125
50653,15,San Felipe Del Progreso,San Juan Jalpa Centro,Pueblo,,15074,7126
50654,15,San Felipe Del Progreso,San Juan Jalpa,Ejido,,15074,634
50655,15,San Felipe Del Progreso,"Las Torres, San Lucas Ocotepec",Barrio,,15074,8
50655,15,San Felipe Del Progreso,Calvario Buenavista,Pueblo,,15074,617
50655,15,San Felipe Del Progreso,El Carmen Ocotepec,Pueblo,,15074,618
50655,15,San Felipe Del Progreso,Palmillas,Pueblo,,15074,627
50655,15,San Felipe Del Progreso,San Lucas Ocotepec,Pueblo,,15074,635
50655,15,San Felipe Del Progreso,La Concepcion Chico (El Centro),Rancheria,,15074,6940
50655,15,San Felipe Del Progreso,Plateros Palmillas,Colonia,,15074,7127
50655,15,San Felipe Del Progreso,"Guadalupe, San Lucas Ocotepec",Rancheria,,15074,7134
50655,15,San Felipe Del Progreso,Vicente Guerrero,Colonia,,15074,7136
50656,15,San Felipe Del Progreso,El Tunal,Pueblo,,15074,622
50656,15,San Felipe Del Progreso,El Obraje,Pueblo,,15074,649
50660,15,San Jose Del Rincon,San Jose Del Rincon Centro,Pueblo,,15124,652
50660,15,San Jose Del Rincon,San Jose Del Rincon,Ejido,,15124,5743
50663,15,San Jose Del Rincon,El Capulin San Miguel Del Centro,Rancheria,,15124,5
50663,15,San Jose Del Rincon,Guadalupe Del Pedregal El Calvario,Rancheria,,15124,7
50663,15,San Jose Del Rincon,La Puerta San Miguel Del Centro,Rancheria,,15124,9
50663,15,San Jose Del Rincon,Las Rosas San Miguel Del Centro,Barrio,,15124,11
50663,15,San Jose Del Rincon,San Francisco De La Loma Segunda Seccion,Rancheria,,15124,14
50663,15,San Jose Del Rincon,Guarda De Guadalupe,Pueblo,,15124,646
50663,15,San Jose Del Rincon,Rosa De La Palma,Rancheria,,15124,648
50663,15,San Jose Del Rincon,Santa Cruz Del Rincon,Pueblo,,15124,669
50663,15,San Jose Del Rincon,La Soledad El Guarda,Pueblo,,15124,673
50663,15,San Jose Del Rincon,San Onofre Centro,Pueblo,,15124,696
50663,15,San Jose Del Rincon,Jesus Carranza,Pueblo,,15124,699
50663,15,San Jose Del Rincon,San Miguel Del Centro,Pueblo,,15124,700
50663,15,San Jose Del Rincon,El Porvenir,Pueblo,,15124,701
50663,15,San Jose Del Rincon,San Francisco Solo,Pueblo,,15124,702
50663,15,San Jose Del Rincon,Cedro De La Manzana,Pueblo,,15124,703
50663,15,San Jose Del Rincon,Guadalupe Del Pedregal,Pueblo,,15124,704
50663,15,San Jose Del Rincon,Guadalupe Del Pedregal La Palma,Pueblo,,15124,705
50663,15,San Jose Del Rincon,San Francisco De La Loma,Pueblo,,15124,707
50663,15,San Jose Del Rincon,Pathe Mula De Los Cedros,Pueblo,,15124,709
50663,15,San Jose Del Rincon,El Consuelo,Ejido,,15124,710
50663,15,San Jose Del Rincon,San Juan Evangelista Fraccion X,Rancheria,,15124,5767
50663,15,San Jose Del Rincon,La Cuadrilla San Miguel Del Centro,Pueblo,,15124,5768
50663,15,San Jose Del Rincon,Emiliano Zapata Ampliacion La Mesa,Colonia,,15124,5769
50663,15,San Jose Del Rincon,San Onofre,Ejido,,15124,5770
50663,15,San Jose Del Rincon,El Guarda Ejido,Rancheria,,15124,8767
50664,15,San Jose Del Rincon,Las Escobas Del Agua San Jeronimo De Los Dolores,Barrio,,15124,10
50664,15,San Jose Del Rincon,San Miguel Agua Bendita Uno,Rancheria,,15124,16
50664,15,San Jose Del Rincon,Buenavista Casa Blanca,Pueblo,,15124,653
50664,15,San Jose Del Rincon,Estacion La Trinidad,Pueblo,,15124,667
50664,15,San Jose Del Rincon,San Miguel Agua Bendita,Pueblo,,15124,668
50664,15,San Jose Del Rincon,San Miguel Chisda,Pueblo,,15124,677
50664,15,San Jose Del Rincon,El Valerio,Pueblo,,15124,694
50664,15,San Jose Del Rincon,San Jeronimo De Los Dolores,Pueblo,,15124,713
50664,15,San Jose Del Rincon,La Soledad,Ejido,,15124,5761
50664,15,San Jose Del Rincon,San Isidro La Trinidad,Pueblo,,15124,5763
50665,15,San Jose Del Rincon,Concepcion Del Monte,Pueblo,,15124,664
50665,15,San Jose Del Rincon,San Joaquin Del Monte,Pueblo,,15124,666
50665,15,San Jose Del Rincon,Yondece Del Cedro,Pueblo,,15124,670
50665,15,San Jose Del Rincon,Fabrica Concepcion,Pueblo,,15124,671
50665,15,San Jose Del Rincon,La Esperanza,Pueblo,,15124,672
50665,15,San Jose Del Rincon,La Trinidad Concepcion,Pueblo,,15124,674
50665,15,San Jose Del Rincon,Guadalupe Buenavista,Pueblo,,15124,678
50665,15,San Jose Del Rincon,Buenavista Casa Blanca,Ejido,,15124,5759
50665,15,San Jose Del Rincon,Guadalupe Chico,Pueblo,,15124,5760
50666,15,San Jose Del Rincon,San Felipe De Jesus,Pueblo,,15124,662
50666,15,San Jose Del Rincon,Rosa San Antonio Concepcion Del Monte,Barrio,,15124,5753
50666,15,San Jose Del Rincon,Purungueo,Pueblo,,15124,5755
50666,15,San Jose Del Rincon,Canoas San Felipe De Jesus,Barrio,,15124,5757
50666,15,San Jose Del Rincon,Falda Loma,Pueblo,,15124,5758
50667,15,San Jose Del Rincon,Palo Amarillo,Pueblo,,15124,660
50667,15,San Jose Del Rincon,Rosa De Palo Amarillo,Pueblo,,15124,661
50667,15,San Jose Del Rincon,San Jeronimo Pilitas,Pueblo,,15124,680
50667,15,San Jose Del Rincon,Pancho Maya,Pueblo,,15124,5749
50667,15,San Jose Del Rincon,Garatachea,Pueblo,,15124,5751
50667,15,San Jose Del Rincon,Cevati,Pueblo,,15124,5752
50667,15,San Jose Del Rincon,Guadalupe Las Cabras,Pueblo,,15124,5754
50667,15,San Jose Del Rincon,Las Palomas,Rancheria,,15124,7081
50668,15,San Jose Del Rincon,El Calvario Concepcion De La Venta,Barrio,,15124,2
50668,15,San Jose Del Rincon,Guarda La Lagunita El Pueblito,Rancheria,,15124,15
50668,15,San Jose Del Rincon,Concepcion La Venta,Pueblo,,15124,654
50668,15,San Jose Del Rincon,Fabrica Pueblo Nuevo,Pueblo,,15124,655
50668,15,San Jose Del Rincon,Guarda De San Antonio Buenavista,Pueblo,,15124,656
50668,15,San Jose Del Rincon,Santa Cruz Del Tejocote,Pueblo,,15124,658
50668,15,San Jose Del Rincon,Cieneguillas,Rancheria,,15124,659
50668,15,San Jose Del Rincon,Sanacoche Centro,Pueblo,,15124,663
50668,15,San Jose Del Rincon,Guarda La Lagunita El Potrero,Rancheria,,15124,698
50668,15,San Jose Del Rincon,Benito Juarez Santa Cruz Del Tejocote,Colonia,,15124,5740
50668,15,San Jose Del Rincon,El Tepetate Guarda De San Antonio Buenavista,Pueblo,,15124,5741
50668,15,San Jose Del Rincon,Fabrica Pueblo Nuevo Monte Alto,Pueblo,,15124,5742
50668,15,San Jose Del Rincon,El Salto La Venta,Pueblo,,15124,5744
50668,15,San Jose Del Rincon,Guarda San Antonio Plaza De Gallos,Pueblo,,15124,5745
50668,15,San Jose Del Rincon,San Bartolo Guarda La Lagunita,Barrio,,15124,5746
50668,15,San Jose Del Rincon,Sanacoche,Ejido,,15124,5747
50668,15,San Jose Del Rincon,Sabaneta Quintana,Pueblo,,15124,5748
50668,15,San Jose Del Rincon,Canoas Guarda La Lagunita,Barrio,,15124,5765
50668,15,San Jose Del Rincon,La Mesa La Lagunita,Barrio,,15124,8772
50668,15,San Jose Del Rincon,Las Rosas,Rancheria,,15124,8959
50668,15,San Jose Del Rincon,Las Tinajas,Colonia,,15124,8969
50668,15,San Jose Del Rincon,Loma Bonita Guarda La Lagunita,Barrio,,15124,9684
50670,15,San Jose Del Rincon,El Ocho El Pintal,Barrio,,15124,3
50670,15,San Jose Del Rincon,Providencia Ejido El Deposito,Pueblo,,15124,685
50670,15,San Jose Del Rincon,Santa Juanita El Deposito,Barrio,,15124,5706
50670,15,San Jose Del Rincon,Los Lobos Segunda Seccion,Pueblo,,15124,5712
50670,15,San Jose Del Rincon,La Palma El Deposito,Barrio,,15124,5721
50670,15,San Jose Del Rincon,El Llano San Juan Palo Seco,Barrio,,15124,5725
50670,15,San Jose Del Rincon,San Antonio El Deposito,Barrio,,15124,5726
50670,15,San Jose Del Rincon,El Pintal El Deposito,Barrio,,15124,5727
50670,15,San Jose Del Rincon,La Curva El Deposito,Pueblo,,15124,5728
50670,15,San Jose Del Rincon,El Llano De Las Rosas,Barrio,,15124,5734
50673,15,San Jose Del Rincon,El Llano Grande Jaltepec,Barrio,,15124,1
50673,15,San Jose Del Rincon,El Toril Ejido La Soledad,Barrio,,15124,6
50673,15,San Jose Del Rincon,Jaltepec Centro,Pueblo,,15124,676
50673,15,San Jose Del Rincon,Loma Del Rancho,Pueblo,,15124,692
50673,15,San Jose Del Rincon,Santiago Gigante Jaltepec,Pueblo,,15124,5703
50673,15,San Jose Del Rincon,Los Pintados,Ejido,,15124,5704
50673,15,San Jose Del Rincon,El Rancho Jaltepec,Barrio,,15124,8769
50674,15,San Jose Del Rincon,Los Pintados,Rancheria,,15124,13
50674,15,San Jose Del Rincon,San Antonio Pueblo Nuevo,Pueblo,,15124,686
50674,15,San Jose Del Rincon,Santa Rita Pueblo Nuevo,Rancheria,,15124,5731
50674,15,San Jose Del Rincon,El Lindero Pueblo Nuevo,Barrio,,15124,5732
50674,15,San Jose Del Rincon,El Pintado Pueblo Nuevo,Barrio,,15124,5733
50674,15,San Jose Del Rincon,Santa Ana Pueblo Nuevo,Barrio,,15124,5735
50674,15,San Jose Del Rincon,El 44 Pueblo Nuevo,Barrio,,15124,5736
50674,15,San Jose Del Rincon,El Cerrito Pueblo Nuevo,Barrio,,15124,5737
50674,15,San Jose Del Rincon,Agua Zarca Pueblo Nuevo,Pueblo,,15124,5738
50674,15,San Jose Del Rincon,Santa Cruz Pueblo Nuevo,Barrio,,15124,5766
50674,15,San Jose Del Rincon,De Dolores,Rancheria,,15124,8766
50675,15,San Jose Del Rincon,Loma Grande San Antonio Pueblo Nuevo,Barrio,,15124,12
50675,15,San Jose Del Rincon,San Diego Pueblo Nuevo,Barrio,,15124,5729
50675,15,San Jose Del Rincon,El Quelite Pueblo Nuevo,Barrio,,15124,5730
50676,15,San Jose Del Rincon,La Magdalena San Juan Palo Seco,Barrio,,15124,8
50676,15,San Jose Del Rincon,Puentecillas El Deposito,Barrio,,15124,681
50676,15,San Jose Del Rincon,Fundereje El Deposito,Barrio,,15124,5718
50676,15,San Jose Del Rincon,El Cable Ejido El Deposito,Pueblo,,15124,5719
50676,15,San Jose Del Rincon,Remege El Deposito,Ejido,,15124,5720
50676,15,San Jose Del Rincon,El Fresno El Deposito,Barrio,,15124,5723
50676,15,San Jose Del Rincon,San Juan Palo Seco Centro,Pueblo,,15124,5724
50676,15,San Jose Del Rincon,Los Cedros San Juan Palo Seco,Barrio,,15124,8771
50676,15,San Jose Del Rincon,Loma Del Cedro El Deposito,Rancheria,,15124,8773
50677,15,San Jose Del Rincon,La Mesa,Pueblo,,15124,679
50677,15,San Jose Del Rincon,San Antonio Palo Seco Barrio La Mesa,Pueblo,,15124,684
50677,15,San Jose Del Rincon,La Trampa Grande,Rancheria,,15124,689
50677,15,San Jose Del Rincon,Canada Del Sauco,Pueblo,,15124,690
50677,15,San Jose Del Rincon,Chivati La Mesa,Barrio,,15124,5714
50677,15,San Jose Del Rincon,El Huizache,Pueblo,,15124,5715
50677,15,San Jose Del Rincon,Yondece El Grande,Pueblo,,15124,5716
50677,15,San Jose Del Rincon,El Lijadero La Mesa,Barrio,,15124,5750
50678,15,San Jose Del Rincon,Minita Del Cedro Uno,Pueblo,,15124,4
50678,15,San Jose Del Rincon,Las Rosas,Pueblo,,15124,682
50678,15,San Jose Del Rincon,Los Lobos Centro,Pueblo,,15124,683
50678,15,San Jose Del Rincon,San Joaquin Lamillas Centro,Pueblo,,15124,687
50678,15,San Jose Del Rincon,Minita Del Cedro Dos,Pueblo,,15124,688
50678,15,San Jose Del Rincon,La Chispa,Pueblo,,15124,691
50678,15,San Jose Del Rincon,El Puente Barrio De Las Rosas,Pueblo,,15124,5707
50678,15,San Jose Del Rincon,La Trampa Chica,Pueblo,,15124,5708
50678,15,San Jose Del Rincon,San Ramon Las Rosas,Barrio,,15124,5709
50678,15,San Jose Del Rincon,San Joaquin Lamillas,Barrio,,15124,8770
50680,15,San Felipe Del Progreso,Emilio Portes Gil,Pueblo,,15074,623
50683,15,San Felipe Del Progreso,Tepetitlan Emilio Portes Gil,Barrio,,15074,6927
50683,15,San Felipe Del Progreso,"Tungareo, Emilio Portes Gil",Barrio,,15074,6928
50684,15,San Felipe Del Progreso,San Pedro El Alto,Pueblo,,15074,639
50684,15,San Felipe Del Progreso,San Pedro El Chico,Ejido,,15074,650
50684,15,San Felipe Del Progreso,"Santa Cruz, San Pedro El Alto",Barrio,,15074,6939
50684,15,San Felipe Del Progreso,"San Jose, Ejido De San Pedro El Alto",Barrio,,15074,7152
50684,15,San Felipe Del Progreso,"Las Animas, Ejido De San Pedro El Alto",Barrio,,15074,7153
50684,15,San Felipe Del Progreso,"Tierra Blanca, Ejido De San Pedro El Alto",Barrio,,15074,7154
50685,15,San Felipe Del Progreso,"Zaragoza, Ejido De Fresno Nichi",Barrio,,15074,12
50685,15,San Felipe Del Progreso,Fresno Nichi,Pueblo,,15074,621
50685,15,San Felipe Del Progreso,San Jeronimo Mavati,Pueblo,,15074,632
50685,15,San Felipe Del Progreso,San Nicolas Mavati,Pueblo,,15074,636
50685,15,San Felipe Del Progreso,Charcos Azules San Jeronimo Mavati,Barrio,,15074,6930
50685,15,San Felipe Del Progreso,"Las Presas, Ejido De San Jeronimo Mavati",Barrio,,15074,7149
50685,15,San Felipe Del Progreso,Rancho La Virgen San Pedro El Alto,Rancheria,,15074,7150
50685,15,San Felipe Del Progreso,Cerro De La Luna Del Fresno Nichi,Barrio,,15074,7151
50686,15,San Felipe Del Progreso,San Juan Cote,Ejido,,15074,1
50686,15,San Felipe Del Progreso,El Rincon Santa Anna Nichi Ejido,Barrio,,15074,10
50686,15,San Felipe Del Progreso,San Juan Cote Centro,Pueblo,,15074,633
50686,15,San Felipe Del Progreso,Guadalupe Cote,Pueblo,,15074,651
50686,15,San Felipe Del Progreso,San Antonio De Las Huertas,Pueblo,,15074,716
50686,15,San Felipe Del Progreso,San Miguel La Labor,Pueblo,,15074,717
50686,15,San Felipe Del Progreso,Santa Ana Nichi,Pueblo,,15074,719
50686,15,San Felipe Del Progreso,Tres Estrellas,Pueblo,,15074,721
50686,15,San Felipe Del Progreso,La Virgen,Rancheria,,15074,722
50686,15,San Felipe Del Progreso,Agua Zarca Nichi,Rancheria,,15074,6922
50686,15,San Felipe Del Progreso,"Las Palomas, Santa Ana Nichi",Barrio,,15074,6934
50686,15,San Felipe Del Progreso,El Llano Santa Ana Nichi Ejido,Barrio,,15074,7147
50687,15,San Felipe Del Progreso,Dolores Hidalgo,Pueblo,,15074,620
50687,15,San Felipe Del Progreso,San Agustin Mextepec,Pueblo,,15074,628
50687,15,San Felipe Del Progreso,San Antonio Mextepec,Pueblo,,15074,629
50687,15,San Felipe Del Progreso,San Jeronimo Bonchete,Pueblo,,15074,631
50687,15,San Felipe Del Progreso,Santa Cruz Mextepec,Pueblo,,15074,640
50687,15,San Felipe Del Progreso,"La Constitucion, San Antonio Mextepec",Colonia,,15074,7141
50693,15,San Felipe Del Progreso,Purisima Concepcion Mayorazgo (Mayorazgo),Pueblo,,15074,626
50693,15,San Felipe Del Progreso,Estutempan,Rancheria,,15074,6933
50694,15,San Felipe Del Progreso,Dios Padre,Pueblo,,15074,675
50694,15,San Felipe Del Progreso,Calvario Del Carmen,Pueblo,,15074,714
50694,15,San Felipe Del Progreso,San Nicolas Guadalupe,Pueblo,,15074,718
50694,15,San Felipe Del Progreso,La Virgen,Ejido,,15074,723
50694,15,San Felipe Del Progreso,Ejido Zaragoza,Rancheria,,15074,6929
50694,15,San Felipe Del Progreso,Mesa De La Aguita,Rancheria,,15074,7142
50694,15,San Felipe Del Progreso,San Francisco San Nicolas Guadalupe,Barrio,,15074,9579
50695,15,San Felipe Del Progreso,La Cienega,Rancheria,,15074,711
50695,15,San Felipe Del Progreso,San Antonio La Cienega (La Rosa),Pueblo,,15074,712
50695,15,San Felipe Del Progreso,La Soledad,Rancheria,,15074,715
50695,15,San Felipe Del Progreso,Boreje De San Antonio La Cienega,Barrio,,15074,6923
50695,15,San Felipe Del Progreso,Encinillas De San Antonio La Cienega,Rancheria,,15074,6932
50695,15,San Felipe Del Progreso,Ampliacion De San Antonio La Cienega,Rancheria,,15074,6937
50695,15,San Felipe Del Progreso,El Salto San Antonio La Cienega,Barrio,,15074,6938
50695,15,San Felipe Del Progreso,Chichilpa,Ejido,,15074,7133
50695,15,San Felipe Del Progreso,La Canada San Antonio La Cienega,Barrio,,15074,7137
50695,15,San Felipe Del Progreso,La Manzana,Rancheria,,15074,7138
50696,15,San Felipe Del Progreso,La Concepcion Chico,Ejido,,15074,9
50696,15,San Felipe Del Progreso,Ejido De Tlalchichilpa,Rancheria,,15074,644
50696,15,San Felipe Del Progreso,Dotegiare,Pueblo,,15074,695
50696,15,San Felipe Del Progreso,Chichilpa,Pueblo,,15074,697
50696,15,San Felipe Del Progreso,Rioyos Buenavista,Pueblo,,15074,706
50696,15,San Felipe Del Progreso,San Juan Evangelista,Ejido,,15074,708
50696,15,San Felipe Del Progreso,La Carrera,Rancheria,,15074,6935
50696,15,San Felipe Del Progreso,San Juan Rioyos,Pueblo,,15074,7129
50696,15,San Felipe Del Progreso,"La Mesa, Rioyos Buenavista",Barrio,,15074,7130
50697,15,San Felipe Del Progreso,Choteje,Pueblo,,15074,619
50697,15,San Felipe Del Progreso,San Pablo Tlalchichilpa,Pueblo,,15074,637
50697,15,San Felipe Del Progreso,Tlalchichilpa,Rancheria,,15074,643
50697,15,San Felipe Del Progreso,Rincon De Los Pirules,Pueblo,,15074,645
50697,15,San Felipe Del Progreso,Santa Rita De La Cuesta,Ejido,,15074,647
50697,15,San Felipe Del Progreso,La Era San Pablo Tlalchichilpa,Barrio,,15074,6924
50697,15,San Felipe Del Progreso,San Francisco Ejido De San Pablo Tlalchichilpa,Barrio,,15074,6925
50697,15,San Felipe Del Progreso,Rosa Del Calvario,Rancheria,,15074,6936
50697,15,San Felipe Del Progreso,Santa Cruz De San Pablo Tlalchichilpa,Barrio,,15074,7122
50700,15,Jocotitlan,Jocotitlan,Pueblo,,15048,724
50700,15,Jocotitlan,San Juan,Barrio,,15048,8206
50700,15,Jocotitlan,San Agustin,Barrio,,15048,8272
50700,15,Jocotitlan,Santo Domingo,Barrio,,15048,8941
50710,15,Jocotitlan,Benito Juarez,Colonia,,15048,7
50710,15,Jocotitlan,El Satelite,Colonia,,15048,8
50710,15,Jocotitlan,Emiliano Zapata,Colonia,,15048,9
50710,15,Jocotitlan,Concepcion Caro,Pueblo,,15048,731
50710,15,Jocotitlan,San Miguel Tenochtitlan,Pueblo,,15048,732
50710,15,Jocotitlan,La Presa,Colonia,,15048,7303
50710,15,Jocotitlan,San Andres,Colonia,,15048,8271
50713,15,Jocotitlan,Santa Maria Citendeje,Pueblo,,15048,727
50714,15,Jocotitlan,Los Martinez,Rancho,,15048,7305
50715,15,Jocotitlan,San Jose,Barrio,,15048,1
50715,15,Jocotitlan,San Juan Coajomulco,Pueblo,,15048,729
50715,15,Jocotitlan,Santa Cruz Chico,Barrio,,15048,9547
50716,15,Jocotitlan,San Juan Coajomulco,Colonia,,15048,7300
50717,15,Jocotitlan,Santiago Casandeje,Pueblo,,15048,728
50717,15,Jocotitlan,San Marcos Coajomulco,Pueblo,,15048,6723
50717,15,Jocotitlan,Ex-Hacienda Alcibar,Rancho,,15048,7302
50720,15,Jocotitlan,San Jose Boqui,Pueblo,,15048,6722
50724,15,Jocotitlan,Santiago Yeche,Pueblo,,15048,734
50724,15,Jocotitlan,Las Fuentes Yeche,Rancheria,,15048,738
50724,15,Jocotitlan,Boyecha,Barrio,,15048,6706
50724,15,Jocotitlan,La Luz,Barrio,,15048,6708
50724,15,Jocotitlan,Tula,Barrio,,15048,6711
50724,15,Jocotitlan,El Lindero,Barrio,,15048,6713
50724,15,Jocotitlan,Huemetla,Pueblo,,15048,6719
50725,15,Jocotitlan,San Mateo Ixtlahuaca,Rancheria,,15048,2
50725,15,Jocotitlan,San Jacinto,Barrio,,15048,6709
50725,15,Jocotitlan,La Soledad,Barrio,,15048,7290
50726,15,Jocotitlan,El Huerto,Rancheria,,15048,3
50726,15,Jocotitlan,La Venta Yeche,Rancheria,,15048,6
50726,15,Jocotitlan,Meje,Pueblo,,15048,735
50726,15,Jocotitlan,San Francisco Cheje,Pueblo,,15048,737
50726,15,Jocotitlan,15 De Agosto,Barrio,,15048,6717
50726,15,Jocotitlan,Cheje,Ejido,,15048,6718
50726,15,Jocotitlan,Tiacaque,Pueblo,,15048,6724
50726,15,Jocotitlan,San Dimas,Rancheria,,15048,7294
50726,15,Jocotitlan,Providencia,Ejido,,15048,7295
50727,15,Jocotitlan,La Providencia,Pueblo,,15048,733
50727,15,Jocotitlan,Los Reyes,Pueblo,,15048,736
50733,15,Jocotitlan,Enguindo San Isidro,Barrio,,15048,730
50733,15,Jocotitlan,El Progreso,Barrio,,15048,6712
50733,15,Jocotitlan,La Teneria,Barrio,,15048,6716
50733,15,Jocotitlan,Los Javieres,Barrio,,15048,7292
50734,15,Jocotitlan,San Jose De Villeje,Rancheria,,15048,4
50734,15,Jocotitlan,San Joaquin,Barrio,,15048,6710
50734,15,Jocotitlan,Las Animas Villeje,Pueblo,,15048,6720
50734,15,Jocotitlan,Legorreta,Rancheria,,15048,7288
50734,15,Jocotitlan,Santa Clara,Barrio,,15048,7289
50734,15,Jocotitlan,Pasteje,Barrio,,15048,7299
50734,15,Jocotitlan,Guadalupe,Barrio,,15048,8162
50734,15,Jocotitlan,Ex-Hacienda San Jose Villeje,Rancheria,,15048,8294
50736,15,Jocotitlan,Mavoro,Pueblo,,15048,739
50736,15,Jocotitlan,Siffari,Pueblo,,15048,741
50736,15,Jocotitlan,Zacualpan,Pueblo,,15048,742
50736,15,Jocotitlan,La Era,Barrio,,15048,6715
50736,15,Jocotitlan,Ojo De Agua,Pueblo,,15048,6721
50736,15,Jocotitlan,La Manga,Barrio,,15048,7284
50736,15,Jocotitlan,Santa Monica,Rancheria,,15048,7285
50737,15,Jocotitlan,Chivoro,Barrio,,15048,5
50737,15,Jocotitlan,Santa Maria Endare,Pueblo,,15048,725
50737,15,Jocotitlan,La Venta,Barrio,,15048,740
50737,15,Jocotitlan,La Loma De Endare,Barrio,,15048,6707
50737,15,Jocotitlan,El Ruso,Barrio,,15048,6714
50737,15,Jocotitlan,Buenavista,Barrio,,15048,7287
50740,15,Ixtlahuaca,Ixtlahuaca De Rayon Centro,Pueblo,,15042,744
50740,15,Ixtlahuaca,Sedue,Colonia,,15042,5239
50740,15,Ixtlahuaca,San Francisco De Asis,Colonia,,15042,5240
50740,15,Ixtlahuaca,Profedix I,Colonia,,15042,5242
50740,15,Ixtlahuaca,Profedix Ii,Colonia,,15042,5243
50740,15,Ixtlahuaca,La Concepcion De Los Banos,Ejido,,15042,6657
50740,15,Ixtlahuaca,Los Reyes,Fraccionamiento,,15042,8754
50740,15,Ixtlahuaca,San Pedro,Barrio,,15042,8761
50740,15,Ixtlahuaca,Magisterial,Fraccionamiento,,15042,9518
50744,15,Ixtlahuaca,Quimico Jose Donaciano Y Mier,Fraccionamiento,,15042,8752
50744,15,Ixtlahuaca,Issemym,Fraccionamiento,,15042,8753
50750,15,Ixtlahuaca,Jalpa De Los Banos,Pueblo,,15042,745
50750,15,Ixtlahuaca,San Antonio De Los Remedios,Pueblo,,15042,746
50750,15,Ixtlahuaca,Jalpa De Dolores,Rancheria,,15042,759
50750,15,Ixtlahuaca,20 De Noviembre,Ejido,,15042,7405
50753,15,Ixtlahuaca,Guadalupe Del Rio,Colonia,,15042,6647
50753,15,Ixtlahuaca,San Francisco Del Rio,Rancheria,,15042,6651
50753,15,Ixtlahuaca,Cuauhtemoc,Colonia,,15042,7406
50754,15,Ixtlahuaca,San Cristobal De Los Banos,Pueblo,,15042,747
50754,15,Ixtlahuaca,La Concepcion De Los Banos,Pueblo,,15042,755
50754,15,Ixtlahuaca,Atotonilco,Ejido,,15042,6646
50754,15,Ixtlahuaca,La Concepcion De Los Banos Primero,Ejido,,15042,6656
50755,15,Ixtlahuaca,San Pedro De Los Banos,Pueblo,,15042,749
50755,15,Ixtlahuaca,Casa Blanca,Barrio,,15042,7404
50760,15,Ixtlahuaca,San Ignacio Del Pedregal,Pueblo,,15042,760
50760,15,Ixtlahuaca,Santa Ana La Ladera,Pueblo,,15042,762
50760,15,Ixtlahuaca,San Isidro Boxipe,Pueblo,,15042,763
50760,15,Ixtlahuaca,Santa Ana Ixtlahuaca (Santa Ana Ixtlahuacingo),Pueblo,,15042,8284
50764,15,Ixtlahuaca,Shira,Barrio,,15042,7401
50770,15,Ixtlahuaca,La Concepcion Enyege,Pueblo,,15042,764
50770,15,Ixtlahuaca,Dolores Enyege,Pueblo,,15042,765
50770,15,Ixtlahuaca,La Guadalupana (El Sauco),Pueblo,,15042,766
50770,15,Ixtlahuaca,San Andres Del Pedregal,Pueblo,,15042,767
50770,15,Ixtlahuaca,San Juan De Las Manzanas,Pueblo,,15042,768
50770,15,Ixtlahuaca,San Miguel Enyege,Pueblo,,15042,769
50770,15,Ixtlahuaca,El Rincon De Los Perales,Rancheria,,15042,770
50770,15,Ixtlahuaca,Emiliano Zapata (Santo Domingo),Pueblo,,15042,6652
50770,15,Ixtlahuaca,La Bandera,Barrio,,15042,7402
50773,15,Ixtlahuaca,Guadalupe Cachi,Pueblo,,15042,743
50773,15,Ixtlahuaca,San Pablo De Los Remedios,Pueblo,,15042,748
50773,15,Ixtlahuaca,Santo Domingo De Guzman,Pueblo,,15042,751
50773,15,Ixtlahuaca,San Mateo Ixtlahuaca,Pueblo,,15042,754
50773,15,Ixtlahuaca,San Jose Del Rio,Rancheria,,15042,6650
50773,15,Ixtlahuaca,El Tecomate,Barrio,,15042,7403
50774,15,Ixtlahuaca,Santo Domingo Huereje,Barrio,,15042,750
50774,15,Ixtlahuaca,San Francisco De Guzman,Rancheria,,15042,753
50774,15,Ixtlahuaca,Trojes,Barrio,,15042,756
50774,15,Ixtlahuaca,Santa Maria Del Llano,Pueblo,,15042,757
50774,15,Ixtlahuaca,San Bartolo Del Llano,Pueblo,,15042,758
50774,15,Ixtlahuaca,Francisco I Madero,Colonia,,15042,6648
50774,15,Ixtlahuaca,Huereje,Ejido,,15042,6658
50774,15,Ixtlahuaca,Luis Donaldo Colosio,Colonia,,15042,7397
50774,15,Ixtlahuaca,Numero 5,Barrio,,15042,8756
50774,15,Ixtlahuaca,Numero 9,Barrio,,15042,8757
50774,15,Ixtlahuaca,San Jose Huereje,Rancheria,,15042,8762
50774,15,Ixtlahuaca,Ignacio Zaragoza,Colonia,,15042,8961
50775,15,Ixtlahuaca,San Miguel El Alto (Ranchos Viejos),Pueblo,,15042,7398
50780,15,Ixtlahuaca,San Ildefonso,Pueblo,,15042,773
50780,15,Ixtlahuaca,San Lorenzo Toxico,Pueblo,,15042,775
50780,15,Ixtlahuaca,San Lorenzo Toxico Manzana Sexta,Ejido,,15042,6653
50780,15,Ixtlahuaca,San Lorenzo Toxico Manzana Septima,Ejido,,15042,6654
50780,15,Ixtlahuaca,San Lorenzo Toxico Manzana Octava,Ejido,,15042,6655
50780,15,Ixtlahuaca,San Francisco Ixtlahuaca,Pueblo,,15042,7396
50780,15,Ixtlahuaca,San Francisco,Rancheria,,15042,8759
50783,15,Ixtlahuaca,San Antonio Bonixi,Pueblo,,15042,772
50783,15,Ixtlahuaca,San Joaquin El Junco,Barrio,,15042,774
50783,15,Ixtlahuaca,San Pedro La Cabecera,Barrio,,15042,776
50783,15,Ixtlahuaca,La Purisima,Ejido,,15042,778
50783,15,Ixtlahuaca,San Joaquin La Cabecera,Barrio,,15042,6649
50783,15,Ixtlahuaca,San Jeronimo La Canada,Pueblo,,15042,7395
50783,15,Ixtlahuaca,Hacienda La Purisima,Fraccionamiento,,15042,8763
50785,15,Ixtlahuaca,San Jeronimo Ixtapantongo,Pueblo,,15042,777
50785,15,Ixtlahuaca,San Jeronimo Ixtlapantongo,Ejido,,15042,8760
50800,15,Jiquipilco,Jiquipilco,Pueblo,,15047,779
50810,15,Jiquipilco,Manzana Primera La Capilla,Rancheria,,15047,6907
50810,15,Jiquipilco,Manzana Tercera Panthe,Rancheria,,15047,6914
50810,15,Jiquipilco,Manzana Segunda,Rancheria,,15047,6915
50810,15,Jiquipilco,Manzana Tercera Juashi,Rancheria,,15047,8160
50810,15,Jiquipilco,Manzana Tercera (Bodo),Rancheria,,15047,8463
50810,15,Jiquipilco,Manzana Primera Parte Alta,Colonia,,15047,8727
50810,15,Jiquipilco,Las Palomitas (Puerto Jiquipilli),Rancheria,,15047,8745
50810,15,Jiquipilco,Manzana Tercera Tasthe,Rancheria,,15047,8751
50813,15,Jiquipilco,Loma De Endotzi (Manzana Sexta),Pueblo,,15047,780
50813,15,Jiquipilco,Manzana Sexta Parte Centro,Rancheria,,15047,6903
50813,15,Jiquipilco,Manzana Quinta (La Canada),Rancheria,,15047,6904
50813,15,Jiquipilco,Manzana Sexta Parte Alta,Rancheria,,15047,8731
50813,15,Jiquipilco,Manzana Sexta Parte Baja,Rancheria,,15047,8732
50814,15,Jiquipilco,El Jaral (Tierra Monton),Rancheria,,15047,6908
50814,15,Jiquipilco,Buenavista,Rancheria,,15047,8730
50815,15,Jiquipilco,San Francisco Portezuelo,Rancheria,,15047,1
50815,15,Jiquipilco,Portezuelo,Pueblo,,15047,781
50815,15,Jiquipilco,Loma Del Madrono,Pueblo,,15047,6910
50816,15,Jiquipilco,Santa Isabel,Ejido,,15047,787
50816,15,Jiquipilco,Manzana Cuarta,Pueblo,,15047,6906
50816,15,Jiquipilco,San Isidro,Rancheria,,15047,6916
50820,15,Jiquipilco,Mani,Ejido,,15047,785
50820,15,Jiquipilco,Santa Maria Nativitas El Colector,Ejido,,15047,801
50820,15,Jiquipilco,Llano Grande (Planta Piloto),Ejido,,15047,6912
50820,15,Jiquipilco,Las Golondrinas,Rancheria,,15047,8728
50823,15,Jiquipilco,Tierra Blanca,Rancheria,,15047,6919
50824,15,Jiquipilco,San Martin Morelos,Pueblo,,15047,784
50824,15,Jiquipilco,Los Quiroz,Rancheria,,15047,8742
50825,15,Jiquipilco,San Miguel Yuxtepec,Pueblo,,15047,782
50825,15,Jiquipilco,Seccion Del Cerrito,Rancheria,,15047,6917
50825,15,Jiquipilco,El Santuario Del Senor Del Cerrito,Equipamiento,,15047,8734
50825,15,Jiquipilco,Pie Del Cerro,Rancheria,,15047,8743
50825,15,Jiquipilco,La Pastora,Rancheria,,15047,8750
50826,15,Jiquipilco,La Purisima,Colonia,,15047,6905
50830,15,Jiquipilco,Loma Del Astillero,Pueblo,,15047,788
50830,15,Jiquipilco,Manzana Cuarta De Santa Cruz Tepexpan,Pueblo,,15047,797
50830,15,Jiquipilco,Manzana Tercera De Santa Cruz Tepexpan,Rancheria,,15047,6913
50830,15,Jiquipilco,Santa Cruz Tepexpan,Colonia,,15047,8726
50830,15,Jiquipilco,Manzana Segunda De Santa Cruz Tepexpan,Colonia,,15047,8733
50833,15,Jiquipilco,San Jose Del Sitio,Pueblo,,15047,791
50833,15,Jiquipilco,San Francisco El Alto,Rancheria,,15047,6918
50833,15,Jiquipilco,Boximo,Rancheria,,15047,8492
50834,15,Jiquipilco,Alegre,Rancheria,,15047,794
50834,15,Jiquipilco,Buenos Aires,Pueblo,,15047,796
50835,15,Jiquipilco,Dolores Amarillas,Ejido,,15047,793
50836,15,Jiquipilco,San Antonio Nixini,Pueblo,,15047,792
50836,15,Jiquipilco,Hacienda Nixini,Rancheria,,15047,8735
50840,15,Jiquipilco,Loma Vicente Guerrero,Pueblo,,15047,786
50840,15,Jiquipilco,Loma De San Felipe,Pueblo,,15047,790
50840,15,Jiquipilco,Mani (Ex-Hacienda De Mani),Rancheria,,15047,802
50840,15,Jiquipilco,Moxteje,Pueblo,,15047,803
50840,15,Jiquipilco,Santa Maria Nativitas,Ejido,,15047,6901
50840,15,Jiquipilco,Los Ortices,Rancheria,,15047,8729
50840,15,Jiquipilco,Loma Del Sitio,Colonia,,15047,8741
50843,15,Jiquipilco,San Felipe Y Santiago,Pueblo,,15047,795
50844,15,Jiquipilco,San Bartolo Oxtotitlan,Pueblo,,15047,798
50844,15,Jiquipilco,De Sila (Ejido De Sila),Rancheria,,15047,799
50844,15,Jiquipilco,Loma Hermosa,Rancheria,,15047,6911
50844,15,Jiquipilco,Primero Buenos Aires,Rancheria,,15047,6920
50844,15,Jiquipilco,Benito Juarez San Felipe Santiago,Colonia,,15047,6921
50844,15,Jiquipilco,La Nopalera,Rancheria,,15047,8508
50844,15,Jiquipilco,Morelos San Felipe Y Santiago,Colonia,,15047,8738
50845,15,Jiquipilco,Loma De Malacota,Pueblo,,15047,789
50845,15,Jiquipilco,Emiliano Zapata,Colonia,,15047,6909
50845,15,Jiquipilco,Loma De San Pedro,Rancheria,,15047,8736
50845,15,Jiquipilco,Santa Lucia,Rancheria,,15047,8737
50846,15,Jiquipilco,Manzana Quinta De San Bartolo Oxtotitlan,Rancheria,,15047,6902
50847,15,Jiquipilco,Loma De Hidalgo,Pueblo,,15047,800
50847,15,Jiquipilco,Colorado,Rancheria,,15047,804
50847,15,Jiquipilco,El Rincon Loma De Hidalgo,Rancheria,,15047,8739
50847,15,Jiquipilco,Flores Magon,Colonia,,15047,8740
50847,15,Jiquipilco,Manzana Tercera Loma De Hidalgo,Colonia,,15047,8746
50847,15,Jiquipilco,Loma Hidalgo Manzana Cuarta,Colonia,,15047,8747
50847,15,Jiquipilco,Loma Hidalgo Colonia Benito Juarez,Colonia,,15047,8749
50848,15,Jiquipilco,Palo Gacho,Rancheria,,15047,8744
50850,15,Temoaya,Temoaya,Pueblo,,15087,819
50850,15,Temoaya,Tlaltenango Abajo,Barrio,,15087,6779
50850,15,Temoaya,Tlaltenango Arriba,Barrio,,15087,6943
50860,15,Temoaya,Loma Alta,Barrio,,15087,810
50860,15,Temoaya,Pothe,Barrio,,15087,812
50863,15,Temoaya,La Canada,Barrio,,15087,807
50863,15,Temoaya,Jiquipilco El Viejo,Pueblo,,15087,829
50863,15,Temoaya,Tierra Blanca,Pueblo,,15087,6778
50864,15,Temoaya,Calle Real,Barrio,,15087,823
50864,15,Temoaya,Cerrito Del Panal,Pueblo,,15087,825
50865,15,Temoaya,Enthavi,Pueblo,,15087,828
50865,15,Temoaya,Enthavi 2Da. Seccion,Pueblo,,15087,7370
50865,15,Temoaya,Enthavi 3Ra. Seccion Ojo De Agua,Pueblo,,15087,7371
50865,15,Temoaya,Solalpan 2Da. Seccion,Pueblo,,15087,7380
50866,15,Temoaya,Solalpan 1Ra. Seccion,Pueblo,,15087,830
50866,15,Temoaya,San Pedro Abajo 2Da. Seccion (Loma Larga),Pueblo,,15087,831
50866,15,Temoaya,Zanja Vieja,Barrio,,15087,833
50866,15,Temoaya,Tlaltenanguito,Pueblo,,15087,834
50866,15,Temoaya,Luis Donaldo Colosio Murrieta,Barrio,,15087,6775
50866,15,Temoaya,San Pedro Abajo,Pueblo,,15087,7377
50866,15,Temoaya,San Pedro Abajo 1Ra. Seccion (Loma Del Caracol),Rancheria,,15087,8655
50867,15,Temoaya,Puente Roto,Colonia,,15087,3
50867,15,Temoaya,San Pedro Arriba 1Ra. Seccion,Rancheria,,15087,4
50867,15,Temoaya,Laurel 1Ra. Seccion,Barrio,,15087,827
50867,15,Temoaya,San Pedro Arriba 3A Seccion,Pueblo,,15087,832
50867,15,Temoaya,San Pedro Arriba 4Ta. Seccion (Cinco Reales),Pueblo,,15087,6944
50867,15,Temoaya,San Pedro Arriba 2Da. Seccion,Barrio,,15087,6946
50867,15,Temoaya,Laureles 2Da. Seccion,Barrio,,15087,7374
50867,15,Temoaya,San Pedro Arriba,Pueblo,,15087,7378
50867,15,Temoaya,San Pedro Arriba 5Ta. Seccion (San Lorencito),Pueblo,,15087,7379
50868,15,Temoaya,San Pedro Arriba 6Ta. Seccion,Rancheria,,15087,5
50868,15,Temoaya,Centro Ceremonial Otomi,Colonia,,15087,8652
50869,15,Temoaya,Adolfo Lopez Mateos,Colonia,,15087,7375
50870,15,Temoaya,San Lorenzo Oyamel,Pueblo,,15087,817
50870,15,Temoaya,Mimbres,Ejido,,15087,6780
50874,15,Temoaya,La Magdalena Tenexpan,Pueblo,,15087,808
50874,15,Temoaya,Campamento Kilometro 48,Rancheria,,15087,7373
50874,15,Temoaya,Molino Arriba,Barrio,,15087,7376
50880,15,Temoaya,Hacienda Las Trojes,Fraccionamiento,,15087,1
50880,15,Temoaya,Buena Ventura,Fraccionamiento,,15087,2
50880,15,Temoaya,De Trojes (San Antonio Del Puente),Rancheria,,15087,809
50880,15,Temoaya,San Jose Pathe,Pueblo,,15087,824
50880,15,Temoaya,Loma De Progreso,Pueblo,,15087,6774
50880,15,Temoaya,San Antonio Del Puente,Pueblo,,15087,6776
50883,15,Temoaya,Dolores,Ejido,,15087,806
50883,15,Temoaya,Morelos,Colonia,,15087,835
50884,15,Temoaya,Llano De La Y,Pueblo,,15087,6773
50885,15,Temoaya,San Jose Buenavista El Grande,Pueblo,,15087,814
50885,15,Temoaya,Rinconada Del Valle,Fraccionamiento,,15087,8486
50886,15,Temoaya,Molino Abajo,Barrio,,15087,811
50886,15,Temoaya,Loma De San Nicolas,Colonia,,15087,6945
50886,15,Temoaya,La Magdalena Tenexpan 3Ra. Seccion,Pueblo,,15087,7382
50886,15,Temoaya,La Magdalena Tenexpan 4Ta. Seccion,Rancheria,,15087,8653
50890,15,Temoaya,San Diego Alcala,Pueblo,,15087,813
50890,15,Temoaya,Lazaro Cardenas,Colonia,,15087,821
50890,15,Temoaya,Emiliano Zapata (Ejido Santiago Temoaya),Colonia,,15087,7381
50890,15,Temoaya,Silverio Galicia Garcia,Rancheria,,15087,8654
50893,15,Temoaya,San Jose Comalco,Pueblo,,15087,815
50893,15,Temoaya,San Mateo Alcala,Pueblo,,15087,6777
50894,15,Temoaya,San Lucas,Rancheria,,15087,6
50894,15,Temoaya,San Jose Las Lomas,Pueblo,,15087,816
50895,15,Temoaya,Allende,Ejido,,15087,805
50895,15,Temoaya,Las Lomas,Rancheria,,15087,822
50896,15,Temoaya,Taborda,Ejido,,15087,818
50900,15,Almoloya De Juarez,Almoloya De Juarez Centro,Colonia,,15005,836
50900,15,Almoloya De Juarez,Armando Bernal,Unidad Habitacional,,15005,5202
50900,15,Almoloya De Juarez,Ecologico Suteym,Fraccionamiento,,15005,5203
50900,15,Almoloya De Juarez,Loma De Juarez,Colonia,,15005,5244
50900,15,Almoloya De Juarez,El Plan De San Pedro,Colonia,,15005,8542
50900,15,Almoloya De Juarez,San Pedro,Barrio,,15005,9098
50903,15,Almoloya De Juarez,Mina Mexico,Pueblo,,15005,841
50903,15,Almoloya De Juarez,San Pedro,Ejido,,15005,844
50903,15,Almoloya De Juarez,Santa Juana Primera Seccion,Pueblo,,15005,847
50903,15,Almoloya De Juarez,Colinas Del Sol,Fraccionamiento,,15005,6398
50903,15,Almoloya De Juarez,Rincon Del Alamo,Fraccionamiento,,15005,7461
50903,15,Almoloya De Juarez,San Pedro Zona Norte,Barrio,,15005,8535
50903,15,Almoloya De Juarez,Ejido De San Lorenzo Cuauhtenco,Rancheria,,15005,8540
50903,15,Almoloya De Juarez,San Jose Amealco (Rancho El Capulin),Rancho,,15005,8555
50903,15,Almoloya De Juarez,San Nicolas,Rancho,,15005,8556
50904,15,Almoloya De Juarez,Cereso Almoloya,Equipamiento,,15005,838
50904,15,Almoloya De Juarez,Barrio De La Cabecera Primera Seccion,Pueblo,,15005,840
50904,15,Almoloya De Juarez,San Mateo Tlalchichilpan,Pueblo,,15005,842
50904,15,Almoloya De Juarez,Santiaguito Tlalcilalcalli,Pueblo,,15005,848
50904,15,Almoloya De Juarez,Barrio De La Cabecera Tercera Seccion,Pueblo,,15005,6814
50904,15,Almoloya De Juarez,Framboyanes,Fraccionamiento,,15005,7462
50904,15,Almoloya De Juarez,La Cabecera,Barrio,,15005,7463
50904,15,Almoloya De Juarez,Barrio Santa Juana,Rancheria,,15005,8536
50904,15,Almoloya De Juarez,Cerro San Mateo,Rancheria,,15005,8538
50906,15,Almoloya De Juarez,San Miguel Almoloyan,Pueblo,,15005,851
50906,15,Almoloya De Juarez,Santa Maria Nativitas,Pueblo,,15005,852
50906,15,Almoloya De Juarez,El Tepetatal,Barrio,,15005,6819
50906,15,Almoloya De Juarez,La Navidad,Colonia,,15005,8539
50907,15,Almoloya De Juarez,San Pedro De La Hortaliza (Ejido Almoloyan),Ejido,,15005,846
50907,15,Almoloya De Juarez,San Lorenzo Cuauhtenco,Pueblo,,15005,850
50907,15,Almoloya De Juarez,El Plan,Barrio,,15005,7460
50910,15,Almoloya De Juarez,Benito Juarez,Pueblo,,15005,837
50910,15,Almoloya De Juarez,Tabernillas (Santa Catarina),Pueblo,,15005,853
50910,15,Almoloya De Juarez,Mextepec (Ex-Hacienda Mextepec),Pueblo,,15005,858
50910,15,Almoloya De Juarez,Laguna De Tabernillas (El Resbaloso),Pueblo,,15005,6825
50910,15,Almoloya De Juarez,Loma Del Jacal (Loma De Las Mangas),Rancheria,,15005,8548
50920,15,Almoloya De Juarez,Conjunto Urbano Rancho San Juan,Fraccionamiento,,15005,1
50920,15,Almoloya De Juarez,Mayorazgo De Leon (Estacion Rio Mexico),Pueblo,,15005,857
50920,15,Almoloya De Juarez,Salitre De Manones,Pueblo,,15005,860
50920,15,Almoloya De Juarez,San Antonio Atotonilco,Rancheria,,15005,861
50920,15,Almoloya De Juarez,Santa Juana Centro (La Palma),Pueblo,,15005,863
50920,15,Almoloya De Juarez,San Agustin Citlali,Pueblo,,15005,6808
50920,15,Almoloya De Juarez,Santa Juana Segunda Seccion,Pueblo,,15005,6811
50920,15,Almoloya De Juarez,Del Carmen,Barrio,,15005,6812
50920,15,Almoloya De Juarez,Ejido San Antonio Ocoyotepec,Rancheria,,15005,6836
50920,15,Almoloya De Juarez,Santa Juana Primera Seccion,Ejido,,15005,8541
50920,15,Almoloya De Juarez,Ex-Hacienda Boreje,Rancheria,,15005,8543
50920,15,Almoloya De Juarez,Atotonilco,Rancheria,,15005,8552
50924,15,Almoloya De Juarez,Cieneguillas De Manones,Rancheria,,15005,866
50924,15,Almoloya De Juarez,San Agustin Las Tablas,Pueblo,,15005,867
50925,15,Almoloya De Juarez,Loma Del Salitre,Colonia,,15005,868
50925,15,Almoloya De Juarez,La Union De Ocoyotepec,Barrio,,15005,869
50925,15,Almoloya De Juarez,Loma Del Rancho,Rancheria,,15005,8549
50926,15,Almoloya De Juarez,Casa Nueva (Casa Nueva Yebucivi),Pueblo,,15005,870
50926,15,Almoloya De Juarez,El Santito (Barrio El Santito Yebucivi),Rancheria,,15005,6820
50926,15,Almoloya De Juarez,Barrio Los Lagartos Yebucivi,Rancheria,,15005,6828
50926,15,Almoloya De Juarez,Rio Frio (Rio Frio Yebucivi),Barrio,,15005,6833
50927,15,Almoloya De Juarez,Ocoyotepec (Ocoyotepec Centro),Pueblo,,15005,859
50927,15,Almoloya De Juarez,Yebucivi Centro (Yebucivi),Pueblo,,15005,871
50927,15,Almoloya De Juarez,Palos Amarillos (Palos Amarillos Yebucivi),Pueblo,,15005,872
50927,15,Almoloya De Juarez,El Plan Ocoyotepec,Barrio,,15005,6810
50927,15,Almoloya De Juarez,Barrio Del Jacal De Yebucivi,Barrio,,15005,6813
50927,15,Almoloya De Juarez,Lazaro Cardenas (La Trampa),Colonia,,15005,6817
50927,15,Almoloya De Juarez,La Soledad Ocoyotepec,Pueblo,,15005,6823
50927,15,Almoloya De Juarez,Buenavista Yebucivi,Barrio,,15005,7457
50927,15,Almoloya De Juarez,La Lagunita Yebucivi,Rancheria,,15005,7458
50930,15,Almoloya De Juarez,La Tinaja,Pueblo,,15005,874
50930,15,Almoloya De Juarez,Ejido La Gavia (San Jose La Gavia),Pueblo,,15005,878
50930,15,Almoloya De Juarez,Hacienda La Gavia,Rancheria,,15005,8544
50933,15,Almoloya De Juarez,Cieneguillas De Guadalupe,Pueblo,,15005,839
50933,15,Almoloya De Juarez,San Cristobal,Ejido,,15005,854
50933,15,Almoloya De Juarez,Loma De La Tinaja,Barrio,,15005,7459
50934,15,Almoloya De Juarez,Ejido San Diego,Pueblo,,15005,855
50934,15,Almoloya De Juarez,Paredon Ejido Norte,Pueblo,,15005,6829
50934,15,Almoloya De Juarez,La Hortaliza,Rancheria,,15005,8545
50934,15,Almoloya De Juarez,Paredon Ejido,Rancheria,,15005,8550
50934,15,Almoloya De Juarez,San Diego (Cienega De San Diego),Rancheria,,15005,8551
50934,15,Almoloya De Juarez,San Diego Buenavista (Ejido San Diego),Rancho,,15005,8554
50934,15,Almoloya De Juarez,Santiaguito,Rancheria,,15005,9088
50935,15,Almoloya De Juarez,Loma Blanca,Rancheria,,15005,876
50935,15,Almoloya De Juarez,Paredon Centro,Pueblo,,15005,879
50935,15,Almoloya De Juarez,El Tulillo,Rancheria,,15005,891
50935,15,Almoloya De Juarez,La Galera (La Galera),Barrio,,15005,8534
50940,15,Almoloya De Juarez,San Francisco Tlalcilalcalpan,Pueblo,,15005,877
50940,15,Almoloya De Juarez,Canada De Guadarrama,Pueblo,,15005,880
50940,15,Almoloya De Juarez,San Isidro (El Reservado),Pueblo,,15005,6809
50940,15,Almoloya De Juarez,Santa Cruz De Los Patos,Barrio,,15005,8503
50940,15,Almoloya De Juarez,Rancho Carbajales,Fraccionamiento,,15005,8504
50940,15,Almoloya De Juarez,Besana Ancha,Barrio,,15005,8537
50943,15,Almoloya De Juarez,Colinas De San Francisco,Fraccionamiento,,15005,3
50943,15,Almoloya De Juarez,Rancho Viejo,Colonia,,15005,4
50943,15,Almoloya De Juarez,Loma De Guadalupe,Rancheria,,15005,5
50943,15,Almoloya De Juarez,Bellavista,Colonia,,15005,881
50943,15,Almoloya De Juarez,Geovillas El Nevado,Fraccionamiento,,15005,6397
50944,15,Almoloya De Juarez,La Lima,Rancheria,,15005,2
50944,15,Almoloya De Juarez,Arroyo Zarco La Mesa,Pueblo,,15005,882
50944,15,Almoloya De Juarez,Dilatada Sur (Dilatada),Pueblo,,15005,884
50944,15,Almoloya De Juarez,La Posta,Rancheria,,15005,8546
50944,15,Almoloya De Juarez,Arroyo Zarco,Rancheria,,15005,9089
50945,15,Almoloya De Juarez,San Nicolas Amealco,Pueblo,,15005,875
50945,15,Almoloya De Juarez,El Estanco,Colonia,,15005,885
50945,15,Almoloya De Juarez,San Antonio Buenavista,Pueblo,,15005,887
50946,15,Almoloya De Juarez,San Agustin Poteje Centro,Pueblo,,15005,888
50946,15,Almoloya De Juarez,Rosa Morada,Pueblo,,15005,6807
50946,15,Almoloya De Juarez,Santa Maria Nativitas (Ejido Tres Barrancas),Ejido,,15005,6818
50946,15,Almoloya De Juarez,Poteje Norte,Pueblo,,15005,6831
50946,15,Almoloya De Juarez,Poteje Sur,Pueblo,,15005,6832
50946,15,Almoloya De Juarez,Loma De San Miguel,Barrio,,15005,8547
50946,15,Almoloya De Juarez,Olaldea (Colonia Olaldea),Unidad Habitacional,,15005,8557
50960,15,Villa Victoria,Rancho De Los Padres Propiedad,Rancheria,,15114,8
50960,15,Villa Victoria,Villa Victoria,Pueblo,,15114,909
50963,15,Villa Victoria,Santa Isabel Del Monte,Pueblo,,15114,906
50963,15,Villa Victoria,El Fresno San Agustin,Pueblo,,15114,6858
50964,15,Villa Victoria,Laguna Seca Ejido Primera Seccion,Ejido,,15114,897
50964,15,Villa Victoria,San Agustin Altamirano Primera Seccion,Pueblo,,15114,899
50964,15,Villa Victoria,Sanson,Pueblo,,15114,917
50964,15,Villa Victoria,Turcio Segunda Seccion,Rancheria,,15114,9683
50965,15,Villa Victoria,Piedras Blancas Sur,Rancheria,,15114,4
50965,15,Villa Victoria,Ejido De Jesus Maria Segunda Seccion,Rancheria,,15114,9
50965,15,Villa Victoria,San Joaquin Del Monte,Pueblo,,15114,911
50965,15,Villa Victoria,Puente Los Velazquez,Barrio,,15114,6842
50965,15,Villa Victoria,Doctor Gustavo Baz,Colonia,,15114,6854
50965,15,Villa Victoria,Los Padres,Ejido,,15114,6856
50965,15,Villa Victoria,"Hospital Propiedad, Dos Estrellas",Pueblo,,15114,6860
50965,15,Villa Victoria,Jesus Maria,Ejido,,15114,7348
50965,15,Villa Victoria,El Hospital,Ejido,,15114,7364
50965,15,Villa Victoria,Los Matorrales,Barrio,,15114,7368
50966,15,Villa Victoria,Santiago Del Monte,Pueblo,,15114,907
50966,15,Villa Victoria,Laguna Seca 2Da. Seccion,Pueblo,,15114,6855
50966,15,Villa Victoria,El Gallito,Barrio,,15114,7351
50966,15,Villa Victoria,San Agustin Altamirano Segunda Seccion,Pueblo,,15114,7359
50967,15,Villa Victoria,San Luis El Alto,Pueblo,,15114,902
50967,15,Villa Victoria,San Luis La Gavia,Rancheria,,15114,903
50967,15,Villa Victoria,San Luis La Manzana,Pueblo,,15114,904
50967,15,Villa Victoria,Turcio Primera Seccion,Pueblo,,15114,908
50967,15,Villa Victoria,Turcio La Loma,Pueblo,,15114,7356
50967,15,Villa Victoria,Turcio 3Ra. Seccion,Pueblo,,15114,7357
50970,15,Villa Victoria,Laguna Seca Propiedad,Pueblo,,15114,916
50973,15,Villa Victoria,San Agustin Canohillas Primera Seccion,Pueblo,,15114,901
50973,15,Villa Victoria,La Union Berros,Pueblo,,15114,912
50973,15,Villa Victoria,San Agustin Canohillas Segunda Seccion,Pueblo,,15114,7353
50973,15,Villa Victoria,"San Agustin Monte Alto, La Trampa",Pueblo,,15114,7354
50974,15,Villa Victoria,San Agustin Berros,Pueblo,,15114,900
50974,15,Villa Victoria,Dolores Vaquerias,Pueblo,,15114,913
50974,15,Villa Victoria,Seccion De Guadalupe,Pueblo,,15114,914
50975,15,Villa Victoria,Cerritos Del Pilar,Pueblo,,15114,893
50975,15,Villa Victoria,Las Penas,Pueblo,,15114,898
50975,15,Villa Victoria,San Pedro Del Rincon,Pueblo,,15114,905
50975,15,Villa Victoria,El Vivero,Barrio,,15114,6851
50975,15,Villa Victoria,La Puerta Del Pilar,Pueblo,,15114,6863
50975,15,Villa Victoria,Jesus Maria Monte Alto,Pueblo,,15114,7365
50975,15,Villa Victoria,Ojitos De Agua,Rancheria,,15114,9627
50980,15,Villa Victoria,Potrero De San Diego,Pueblo,,15114,919
50983,15,Villa Victoria,Los Remedios Suchitepec,Barrio,,15114,6
50983,15,Villa Victoria,Palizada,Pueblo,,15114,918
50983,15,Villa Victoria,Cerrillo Grande,Barrio,,15114,6839
50983,15,Villa Victoria,Santa Cruz De La Rosa,Barrio,,15114,6847
50983,15,Villa Victoria,Cerrillo Chico,Barrio,,15114,6853
50984,15,Villa Victoria,San Diego Suchitepec,Pueblo,,15114,920
50984,15,Villa Victoria,Agua Zarca,Pueblo,,15114,6837
50984,15,Villa Victoria,Agua Grande,Pueblo,,15114,6838
50984,15,Villa Victoria,Los Cedros Suchitepec,Barrio,,15114,6841
50984,15,Villa Victoria,Nuevo Bosque,Barrio,,15114,6850
50984,15,Villa Victoria,La Mesa,Pueblo,,15114,6862
50984,15,Villa Victoria,Loma De La Rosa,Pueblo,,15114,6865
50984,15,Villa Victoria,El Jacal,Pueblo,,15114,7344
50984,15,Villa Victoria,La Providencia,Barrio,,15114,7345
50984,15,Villa Victoria,El Panteon,Barrio,,15114,7369
50985,15,Villa Victoria,Casas Coloradas,Pueblo,,15114,921
50985,15,Villa Victoria,El Espinal,Pueblo,,15114,922
50985,15,Villa Victoria,San Felipe De La Rosa,Pueblo,,15114,924
50985,15,Villa Victoria,La Presa,Rancheria,,15114,5467
50986,15,Villa Victoria,El Catorce,Barrio,,15114,6857
50986,15,Villa Victoria,Vaquerias Palizada,Barrio,,15114,7338
50986,15,Villa Victoria,Mesa De Suchitimber,Barrio,,15114,7339
50986,15,Villa Victoria,El Capulin,Barrio,,15114,7340
50986,15,Villa Victoria,Villa Victoria,Ejido,,15114,7341
50986,15,Villa Victoria,Mesa Del Espinal,Barrio,,15114,7343
50986,15,Villa Victoria,Ojo De Agua,Barrio,,15114,7366
50987,15,Villa Victoria,El Atole,Barrio,,15114,7332
50987,15,Villa Victoria,Los Aviones,Barrio,,15114,7333
50987,15,Villa Victoria,Las Milpas,Barrio,,15114,7334
50987,15,Villa Victoria,Campo Nuevo,Barrio,,15114,7335
50987,15,Villa Victoria,Loma Larga,Barrio,,15114,7336
50987,15,Villa Victoria,Loma Del Burro,Barrio,,15114,7337
50990,15,Villa Victoria,De San Isidro,Barrio,,15114,6845
50993,15,Villa Victoria,Piedras Blancas (Piedras Blancas Centro),Pueblo,,15114,3
50993,15,Villa Victoria,Mina Vieja,Pueblo,,15114,925
50993,15,Villa Victoria,Centro Del Cerrillo,Barrio,,15114,6840
50994,15,Villa Victoria,El Ocote,Barrio,,15114,2
50994,15,Villa Victoria,San Marcos De La Loma,Pueblo,,15114,930
50994,15,Villa Victoria,De San Miguel,Barrio,,15114,6846
50994,15,Villa Victoria,La Campanilla,Pueblo,,15114,6861
50994,15,Villa Victoria,Sitio Centro,Pueblo,,15114,7349
50994,15,Villa Victoria,Sitio Ejido,Pueblo,,15114,7350
50995,15,Villa Victoria,Loma Del Molino,Barrio,,15114,7
50995,15,Villa Victoria,Venta De Ocotillos,Pueblo,,15114,932
50995,15,Villa Victoria,El Cerrillo,Barrio,,15114,6848
50995,15,Villa Victoria,Ex-Hacienda De Ayala,Pueblo,,15114,6859
50995,15,Villa Victoria,San Roque,Pueblo,,15114,7362
50996,15,Villa Victoria,Loma De San Jose,Rancheria,,15114,5
50996,15,Villa Victoria,Loma De Guadalupe,Pueblo,,15114,927
50996,15,Villa Victoria,San Diego Del Cerrito,Pueblo,,15114,929
50996,15,Villa Victoria,De Puentecillas,Barrio,,15114,6843
50996,15,Villa Victoria,Rameje,Barrio,,15114,6844
50996,15,Villa Victoria,El Centenario,Barrio,,15114,6849
50996,15,Villa Victoria,San Antonio Del Rincon,Pueblo,,15114,7347
50997,15,Villa Victoria,Loma De Lienzo,Pueblo,,15114,1
50997,15,Villa Victoria,Cuadrilla Vieja,Pueblo,,15114,926
50997,15,Villa Victoria,Los Cedros,Pueblo,,15114,928
50997,15,Villa Victoria,La Alameda,Pueblo,,15114,931
50997,15,Villa Victoria,Centro Del Cerrillo,Pueblo,,15114,6852
51000,15,Villa De Allende,Cabecera De Indigenas,Pueblo,,15111,935
51000,15,Villa De Allende,San Jose Villa De Allende,Pueblo,,15111,947
51004,15,Villa De Allende,Vare Chiquichuca,Pueblo,,15111,946
51004,15,Villa De Allende,Batan Chico,Rancheria,,15111,9653
51004,15,Villa De Allende,Casa Blanca,Barrio,,15111,9654
51004,15,Villa De Allende,Manzana Del Puerto,Rancheria,,15111,9658
51004,15,Villa De Allende,Los Hoyos,Barrio,,15111,9664
51005,15,Villa De Allende,San Pablo Malacatepec,Pueblo,,15111,943
51005,15,Villa De Allende,Santa Teresa,Pueblo,,15111,944
51005,15,Villa De Allende,La Pena,Pueblo,,15111,966
51005,15,Villa De Allende,Ampliacion Ejido De San Ildefonso,Barrio,,15111,8062
51005,15,Villa De Allende,Mesa Chica,Rancheria,,15111,9551
51005,15,Villa De Allende,Loma Chica,Rancheria,,15111,9662
51005,15,Villa De Allende,Loma De San Pablo,Rancheria,,15111,9663
51006,15,Villa De Allende,San Juan,Barrio,,15111,8256
51006,15,Villa De Allende,Manzana Los Colchones,Barrio,,15111,8528
51007,15,Villa De Allende,San Jeronimo Totoltepec,Pueblo,,15111,940
51007,15,Villa De Allende,El Aventurero,Pueblo,,15111,949
51007,15,Villa De Allende,Chiquichuca,Barrio,,15111,9655
51007,15,Villa De Allende,El Chirimoyo,Barrio,,15111,9657
51007,15,Villa De Allende,Mesas De San Jeronimo,Barrio,,15111,9661
51007,15,Villa De Allende,El Potrero,Rancheria,,15111,9670
51007,15,Villa De Allende,"Santa Cruz, San Jeronimo Totoltepec",Barrio,,15111,9676
51008,15,Villa De Allende,San Ildefonso,Pueblo,,15111,950
51008,15,Villa De Allende,Manzana De Cashte,Rancheria,,15111,8477
51009,15,Villa De Allende,De San Miguel,Barrio,,15111,942
51009,15,Villa De Allende,Barrio De Santiago,Barrio,,15111,945
51009,15,Villa De Allende,Santa Maria De Las Delicias,Pueblo,,15111,951
51010,15,Villa De Allende,Los Cedros,Barrio,,15111,1
51010,15,Villa De Allende,Loma De Juarez,Pueblo,,15111,937
51013,15,Villa De Allende,San Francisco De Asis,Pueblo,,15111,958
51013,15,Villa De Allende,El Boncho,Barrio,,15111,9648
51013,15,Villa De Allende,La Joya,Barrio,,15111,9650
51014,15,Villa De Allende,El Salto,Barrio,,15111,9649
51014,15,Villa De Allende,Los Tules,Barrio,,15111,9652
51015,15,Villa De Allende,El Jacal,Pueblo,,15111,953
51015,15,Villa De Allende,Salitre Del Cerro,Pueblo,,15111,954
51015,15,Villa De Allende,San Isidro,Pueblo,,15111,955
51015,15,Villa De Allende,Soledad Del Salitre,Pueblo,,15111,956
51016,15,Villa De Allende,Buenavista 23,Pueblo,,15111,957
51016,15,Villa De Allende,Bosencheve,Pueblo,,15111,959
51016,15,Villa De Allende,Las Dalias,Pueblo,,15111,961
51016,15,Villa De Allende,El Cinco,Barrio,,15111,8627
51016,15,Villa De Allende,Manzana De Chichicaishle,Barrio,,15111,9647
51016,15,Villa De Allende,Los Pozos,Barrio,,15111,9651
51016,15,Villa De Allende,Las Casitas,Rancheria,,15111,9660
51017,15,Villa De Allende,Santa Cruz,Barrio,,15111,960
51017,15,Villa De Allende,San Miguel La Maquina,Rancheria,,15111,9675
51019,15,Villa De Allende,Cuesta Del Carmen,Pueblo,,15111,936
51019,15,Villa De Allende,La Piedra,Pueblo,,15111,952
51019,15,Villa De Allende,San Juan Buenavista,Pueblo,,15111,962
51019,15,Villa De Allende,El Puerto Lengua De Vaca,Rancheria,,15111,9659
51019,15,Villa De Allende,Macia,Ejido,,15111,9665
51019,15,Villa De Allende,Mesas De San Juan Buenavista,Rancheria,,15111,9667
51019,15,Villa De Allende,Mesas Del Clarin,Rancheria,,15111,9668
51020,15,Villa De Allende,San Felipe Santiago,Pueblo,,15111,939
51024,15,Villa De Allende,Mesas De Zacango,Pueblo,,15111,963
51024,15,Villa De Allende,San Cayetano,Pueblo,,15111,964
51024,15,Villa De Allende,Monte Alto,Rancheria,,15111,9669
51025,15,Villa De Allende,Sabana Del Rosario,Pueblo,,15111,938
51025,15,Villa De Allende,Mesas De San Martin,Pueblo,,15111,941
51026,15,Villa De Allende,Sabana De Taborda 1Ra. Seccion,Paraje,,15111,965
51026,15,Villa De Allende,Sabana De San Jeronimo,Rancheria,,15111,9672
51026,15,Villa De Allende,Sabana De Taborda 2Da. Seccion,Rancheria,,15111,9673
51027,15,Villa De Allende,Cerro De Guadalupe,Rancheria,,15111,8292
51027,15,Villa De Allende,San Martin,Ejido,,15111,8464
51027,15,Villa De Allende,Morelos,Rancheria,,15111,8896
51027,15,Villa De Allende,La Sabana De San Jeronimo,Ejido,,15111,9656
51027,15,Villa De Allende,Sabana De La Pena,Rancheria,,15111,9671
51028,15,Villa De Allende,Sabana Del Madrono,Pueblo,,15111,967
51028,15,Villa De Allende,Sabana Del Refugio,Pueblo,,15111,968
51028,15,Villa De Allende,Filiberto Gomez,Pueblo,,15111,969
51029,15,Villa De Allende,Los Berros,Pueblo,,15111,934
51029,15,Villa De Allende,Manzana La Pera,Rancheria,,15111,9666
51029,15,Villa De Allende,San Agustin Berros El Salto,Barrio,,15111,9674
51030,15,Donato Guerra,Cabecera De Indigenas Segundo Cuartel,Pueblo,,15032,4
51030,15,Donato Guerra,Cabecera De Indigenas Primer Cuartel,Pueblo,,15032,970
51030,15,Donato Guerra,Villa Donato Guerra,Pueblo,,15032,971
51030,15,Donato Guerra,San Agustin De Las Palmas (San Agustin),Pueblo,,15032,972
51034,15,Donato Guerra,San Lucas Texcaltitlan,Pueblo,,15032,975
51035,15,Donato Guerra,San Lucas Texcaltitlan (Sabanillas),Ejido,,15032,2
51035,15,Donato Guerra,Santiago Huitlapaltepec,Pueblo,,15032,986
51036,15,Donato Guerra,San Jose Tilostoc,Rancheria,,15032,5
51040,15,Donato Guerra,San Simon De La Laguna,Pueblo,,15032,979
51043,15,Donato Guerra,San Antonio De La Laguna,Pueblo,,15032,973
51044,15,Donato Guerra,San Martin Obispo,Rancheria,,15032,1
51044,15,Donato Guerra,San Martin Obispo (San Martin San Pedro),Pueblo,,15032,977
51044,15,Donato Guerra,San Antonio Hidalgo (Rancheria De San Antonio),Rancheria,,15032,982
51044,15,Donato Guerra,Puerto De La Cruz,Rancho,,15032,9576
51045,15,Donato Guerra,Batan Chico,Rancheria,,15032,983
51045,15,Donato Guerra,Batan Grande,Rancheria,,15032,984
51046,15,Donato Guerra,San Francisco Mihualtepec,Pueblo,,15032,974
51046,15,Donato Guerra,San Miguel Xooltepec,Pueblo,,15032,978
51050,15,Donato Guerra,San Juan Xoconusco,Pueblo,,15032,985
51050,15,Donato Guerra,De Arriba De San Juan Xoconusco,Barrio,,15032,987
51054,15,Donato Guerra,Mesas Altas De Xoconusco,Pueblo,,15032,988
51055,15,Donato Guerra,Macheros,Rancheria,,15032,3
51055,15,Donato Guerra,Hacienda Las Galeras (Galeras),Rancheria,,15032,6
51055,15,Donato Guerra,Llano Redondo De Zaragoza (Llano Redondo),Rancheria,,15032,989
51055,15,Donato Guerra,El Capulin,Rancheria,,15032,990
51055,15,Donato Guerra,La Fundicion,Rancheria,,15032,9529
51070,15,Ixtapan Del Oro,La Calzada,Rancheria,,15041,7
51070,15,Ixtapan Del Oro,Ixtapan Del Oro,Pueblo,,15041,991
51070,15,Ixtapan Del Oro,San Martin Ocoxochitepec (San Martin),Pueblo,,15041,993
51074,15,Ixtapan Del Oro,San Miguel Ixtapan,Pueblo,,15041,994
51075,15,Ixtapan Del Oro,La Mesa De San Martin,Rancheria,,15041,4
51075,15,Ixtapan Del Oro,El Teperreal,Rancheria,,15041,5
51076,15,Ixtapan Del Oro,Miahuatlan De Hidalgo (Santa Cruz Miahuatlan),Pueblo,,15041,992
51077,15,Ixtapan Del Oro,Miahuatlan,Ejido,,15041,3
51080,15,Ixtapan Del Oro,El Chilar,Rancheria,,15041,996
51080,15,Ixtapan Del Oro,Ayalita,Rancheria,,15041,9001
51083,15,Ixtapan Del Oro,La Puerta,Rancheria,,15041,2
51084,15,Ixtapan Del Oro,Pena Colorada,Rancheria,,15041,6
51084,15,Ixtapan Del Oro,La Calera De Los Gallos,Rancheria,,15041,999
51084,15,Ixtapan Del Oro,Milpillas,Pueblo,,15041,1000
51085,15,Ixtapan Del Oro,Tutuapan,Rancheria,,15041,998
51089,15,Ixtapan Del Oro,San Telmo,Rancheria,,15041,1
51089,15,Ixtapan Del Oro,Santa Cruz Viejo,Pueblo,,15041,997
51100,15,Santo Tomas,Santo Tomas De Los Platanos,Pueblo,,15078,1009
51104,15,Santo Tomas,San Miguel Sandemialma,Ejido,,15078,2
51104,15,Santo Tomas,Ojo De Agua,Rancheria,,15078,1008
51105,15,Santo Tomas,Los Nogales,Rancheria,,15078,3
51105,15,Santo Tomas,El Sifon,Colonia,,15078,4
51105,15,Santo Tomas,Rincon Chico,Pueblo,,15078,5
51105,15,Santo Tomas,Rincon Grande,Pueblo,,15078,1004
51105,15,Santo Tomas,Rincon Vivero (El Maracana),Rancheria,,15078,8476
51105,15,Santo Tomas,Fronton Vivero,Rancheria,,15078,8942
51106,15,Santo Tomas,El Salitre Bramador,Rancheria,,15078,6
51106,15,Santo Tomas,Tacuitapan,Pueblo,,15078,1003
51106,15,Santo Tomas,Salitre Terreros,Rancheria,,15078,1005
51106,15,Santo Tomas,San Pedro Ixtapantongo (Ixtapantongo),Pueblo,,15078,1006
51106,15,Santo Tomas,Loma Bonita,Pueblo,,15078,8279
51106,15,Santo Tomas,Las Fincas,Rancheria,,15078,8287
51106,15,Santo Tomas,Las Canoas,Rancheria,,15078,8295
51108,15,Santo Tomas,Santa Barbara,Pueblo,,15078,1007
51108,15,Santo Tomas,Viejo,Pueblo,,15078,8296
51109,15,Santo Tomas,El Plan,Pueblo,,15078,1
51109,15,Santo Tomas,El Llano,Pueblo,,15078,8939
51115,15,Santo Tomas,Poblado De Santo Tomas (El Puerto San Isidro),Rancheria,,15078,7
51115,15,Santo Tomas,Potrero De Abajo (Colonia Guadalupe),Rancheria,,15078,8
51115,15,Santo Tomas,El Anono,Rancheria,,15078,9
51115,15,Santo Tomas,Potrero De Abajo (Granadillo),Rancheria,,15078,10
51116,15,Santo Tomas,San Pedro El Grande,Rancheria,,15078,8526
51116,15,Santo Tomas,San Jose Barbechos (Los Barbechos),Rancheria,,15078,9278
51117,15,Santo Tomas,Salitre De La Cal (El Zapote),Rancheria,,15078,1010
51117,15,Santo Tomas,Potrero De Arriba (La Ceiba),Rancheria,,15078,1011
51130,15,Otzoloapan,Otzoloapan,Pueblo,,15066,1012
51136,15,Otzoloapan,Estancia Chica,Pueblo,,15066,1014
51137,15,Otzoloapan,Agua Zarca (Agua Zarca De Arriba),Rancheria,,15066,1015
51138,15,Otzoloapan,El Calvario (San Jose El Calvario),Pueblo,,15066,1016
51139,15,Otzoloapan,Pinal Del Marquesado,Pueblo,,15066,1017
51140,15,Otzoloapan,San Miguel Piru (El Piru),Rancheria,,15066,1018
51140,15,Otzoloapan,San Miguel De La Campana (San Miguel),Rancheria,,15066,9516
51144,15,Otzoloapan,Terreros,Pueblo,,15066,1019
51145,15,Otzoloapan,Guadalupe (Los Lotes),Barrio,,15066,8060
51147,15,Otzoloapan,El Limon,Rancheria,,15066,9630
51149,15,Otzoloapan,Zuluapan,Pueblo,,15066,1020
51160,15,Zacazonapan,Alcantarilla,Colonia,,15116,1
51160,15,Zacazonapan,Zacazonapan,Pueblo,,15116,1021
51160,15,Zacazonapan,Juan Villafana,Colonia,,15116,9628
51163,15,Zacazonapan,Santa Maria,Pueblo,,15116,1024
51164,15,Zacazonapan,El Potrero,Pueblo,,15116,1023
51170,15,Zacazonapan,Arrastradero,Rancheria,,15116,8293
51173,15,Zacazonapan,La Canada,Pueblo,,15116,1022
51173,15,Zacazonapan,El Puerto,Rancheria,,15116,8480
51200,15,Valle De Bravo,San Antonio,Colonia,,15110,5
51200,15,Valle De Bravo,Manguito,Colonia,,15110,6
51200,15,Valle De Bravo,Agua Fria,Colonia,,15110,7
51200,15,Valle De Bravo,El Calvario,Colonia,,15110,8
51200,15,Valle De Bravo,Issemym,Colonia,,15110,9
51200,15,Valle De Bravo,La Pena,Colonia,,15110,10
51200,15,Valle De Bravo,Sanchez,Colonia,,15110,11
51200,15,Valle De Bravo,Emiliano Zapata,Colonia,,15110,12
51200,15,Valle De Bravo,Loma Bonita,Colonia,,15110,13
51200,15,Valle De Bravo,La Capilla,Colonia,,15110,14
51200,15,Valle De Bravo,Barranca Seca,Colonia,,15110,15
51200,15,Valle De Bravo,De Guadalupe,Barrio,,15110,16
51200,15,Valle De Bravo,Avandaro,Pueblo,,15110,1025
51200,15,Valle De Bravo,Los Saucos,Pueblo,,15110,1026
51200,15,Valle De Bravo,Valle De Bravo,Pueblo,,15110,1027
51200,15,Valle De Bravo,Rincon Villa Del Valle,Colonia,,15110,5204
51200,15,Valle De Bravo,Otumba,Colonia,,15110,6390
51200,15,Valle De Bravo,Santa Maria Ahuacatlan,Barrio,,15110,6956
51200,15,Valle De Bravo,Monte Alto,Colonia,,15110,8516
51206,15,Valle De Bravo,La Boquilla (Cerro El Cualtenco La Boquilla),Rancheria,,15110,29
51206,15,Valle De Bravo,Izar,Fraccionamiento,,15110,30
51206,15,Valle De Bravo,El Cerrillo (San Jose El Cerrillo),Pueblo,,15110,1029
51207,15,Valle De Bravo,Tres Puentes,Pueblo,,15110,1
51207,15,Valle De Bravo,San Mateo Acatitlan,Pueblo,,15110,19
51207,15,Valle De Bravo,El Castellano,Rancheria,,15110,20
51207,15,Valle De Bravo,Loma De Rodriguez,Rancheria,,15110,21
51207,15,Valle De Bravo,Loma De Chihuahua,Rancheria,,15110,22
51207,15,Valle De Bravo,Rincon De Estradas,Pueblo,,15110,1030
51208,15,Valle De Bravo,La Candelaria,Pueblo,,15110,1031
51209,15,Valle De Bravo,Santa Maria Pipioltepec (Pipioltepec),Pueblo,,15110,1032
51210,15,Valle De Bravo,Santa Teresa Tiloxtoc,Pueblo,,15110,1033
51216,15,Valle De Bravo,El Aguacate,Rancheria,,15110,31
51217,15,Valle De Bravo,El Arco,Pueblo,,15110,4
51217,15,Valle De Bravo,San Gaspar El Lago,Fraccionamiento,,15110,23
51217,15,Valle De Bravo,San Antonio,Rancheria,,15110,24
51217,15,Valle De Bravo,San Gaspar,Pueblo,,15110,1034
51218,15,Valle De Bravo,Santa Magdalena Tiloxtoc,Pueblo,,15110,1035
51219,15,Valle De Bravo,San Gabriel Ixtla,Pueblo,,15110,1036
51220,15,Valle De Bravo,Cerro Colorado,Pueblo,,15110,1037
51220,15,Valle De Bravo,El Fresno (El Fresno La Compania),Pueblo,,15110,1053
51220,15,Valle De Bravo,La Volanta,Rancheria,,15110,8495
51225,15,Valle De Bravo,Cuadrilla De Dolores,Pueblo,,15110,1038
51226,15,Valle De Bravo,Valle Escondido,Colonia,,15110,17
51226,15,Valle De Bravo,Escalerillas,Rancheria,,15110,18
51226,15,Valle De Bravo,Casas Viejas,Pueblo,,15110,1039
51226,15,Valle De Bravo,Pena Blanca,Rancheria,,15110,1040
51229,15,Valle De Bravo,Mesa De Jaimes,Pueblo,,15110,1041
51230,15,Valle De Bravo,Loma Bonita,Colonia,,15110,3
51230,15,Valle De Bravo,Colorines,Pueblo,,15110,1042
51230,15,Valle De Bravo,San Juan Atezcapan,Pueblo,,15110,1043
51230,15,Valle De Bravo,San Nicolas Tolentino,Pueblo,,15110,1044
51230,15,Valle De Bravo,El Durazno,Rancheria,,15110,8260
51230,15,Valle De Bravo,El Polvorin,Colonia,,15110,8266
51236,15,Valle De Bravo,Los Pozos (Pinar De Osorios),Rancheria,,15110,1047
51237,15,Valle De Bravo,El Manzano,Pueblo,,15110,1046
51238,15,Valle De Bravo,La Huerta San Agustin,Rancheria,,15110,26
51238,15,Valle De Bravo,Mesa Rica (La Finca),Rancheria,,15110,8515
51340,15,Temascaltepec,Milpas Viejas,Pueblo,,15086,1102
51238,15,Valle De Bravo,San Jose Potrerillos (Potrerillos),Rancheria,,15110,8529
51239,15,Valle De Bravo,Cerro Gordo,Pueblo,,15110,1048
51240,15,Valle De Bravo,San Simon El Alto,Pueblo,,15110,1049
51245,15,Valle De Bravo,Tehuastepec (San Jose Tehuastepec),Rancheria,,15110,25
51245,15,Valle De Bravo,Godinez Tehuastepec,Pueblo,,15110,1050
51246,15,Valle De Bravo,Mesa De Dolores (Mesa De Dolores Segunda Seccion),Rancheria,,15110,32
51246,15,Valle De Bravo,Mesa De Dolores Primera Seccion (Mesa Del Rayo),Pueblo,,15110,1051
51246,15,Valle De Bravo,Atesquelites (Tres Quelites),Rancheria,,15110,8258
51247,15,Valle De Bravo,Santo Tomas El Pedregal,Rancheria,,15110,2
51247,15,Valle De Bravo,La Laguna,Pueblo,,15110,1052
51247,15,Valle De Bravo,Tierra Grande (La Loma),Rancheria,,15110,9685
51248,15,Valle De Bravo,Rancho Avandaro Country Club,Fraccionamiento,,15110,27
51248,15,Valle De Bravo,La Palma,Rancheria,,15110,28
51248,15,Valle De Bravo,Tenantongo,Rancheria,,15110,8828
51260,15,Amanalco,San Jeronimo Primera Seccion (El Convento),Pueblo,,15007,8
51260,15,Amanalco,Amanalco De Becerra,Pueblo,,15007,1054
51260,15,Amanalco,San Jeronimo,Pueblo,,15007,1059
51260,15,Amanalco,San Juan,Pueblo,,15007,1060
51265,15,Amanalco,Rincon De Guadalupe,Pueblo,,15007,1057
51265,15,Amanalco,San Lucas,Pueblo,,15007,1061
51266,15,Amanalco,Las Pilas,Rancheria,,15007,14
51266,15,Amanalco,San Mateo,Pueblo,,15007,1062
51266,15,Amanalco,San Miguel (San Miguel Tenextepec),Pueblo,,15007,1063
51266,15,Amanalco,San Sebastian El Chico,Barrio,,15007,1066
51266,15,Amanalco,Pueblo Nuevo,Pueblo,,15007,1068
51267,15,Amanalco,San Mateo Quinta Seccion (La Providencia),Pueblo,,15007,2
51267,15,Amanalco,San Sebastian El Grande,Pueblo,,15007,1069
51268,15,Amanalco,Polvillos (San Bartolo Quinta Seccion),Pueblo,,15007,9
51268,15,Amanalco,San Bartolo,Pueblo,,15007,1058
51270,15,Amanalco,El Ancon,Pueblo,,15007,10
51270,15,Amanalco,El Temporal,Rancheria,,15007,1064
51273,15,Amanalco,Capilla Vieja,Rancheria,,15007,5
51273,15,Amanalco,Ojo De Agua,Rancheria,,15007,7
51274,15,Amanalco,Corral De Piedra,Rancheria,,15007,1070
51280,15,Amanalco,El Capulin Segunda Seccion,Pueblo,,15007,3
51280,15,Amanalco,El Capulin Tercera Seccion (Palo Mancornado),Pueblo,,15007,4
51280,15,Amanalco,Huacal Viejo,Pueblo,,15007,11
51280,15,Amanalco,El Capulin Primera Seccion,Pueblo,,15007,1055
51280,15,Amanalco,Agua Bendita,Rancheria,,15007,1065
51285,15,Amanalco,El Potrero Segunda Seccion,Pueblo,,15007,13
51285,15,Amanalco,El Potrero,Pueblo,,15007,1056
51287,15,Amanalco,Hacienda Nueva,Pueblo,,15007,1
51287,15,Amanalco,El Zacatonal,Rancheria,,15007,6
51287,15,Amanalco,San Lucas Cuarta Seccion (San Francisco),Pueblo,,15007,12
51287,15,Amanalco,El Pedregal,Rancheria,,15007,8505
51300,15,Temascaltepec,La Cascada (Barrio Del Varal),Barrio,,15086,1
51300,15,Temascaltepec,La Magdalena (La Magdalena),Barrio,,15086,2
51300,15,Temascaltepec,San Francisco,Barrio,,15086,3
51300,15,Temascaltepec,Balveria,Barrio,,15086,4
51300,15,Temascaltepec,San Sebastian Carboneras (Carboneras),Pueblo,,15086,1071
51300,15,Temascaltepec,Temascaltepec De Gonzalez,Pueblo,,15086,1074
51300,15,Temascaltepec,Del Fortin,Barrio,,15086,5206
51300,15,Temascaltepec,Milan,Barrio,,15086,5207
51300,15,Temascaltepec,De Santiago,Barrio,,15086,5208
51300,15,Temascaltepec,Del Temeroso,Barrio,,15086,5209
51300,15,Temascaltepec,De Cantarranas,Barrio,,15086,8512
51300,15,Temascaltepec,Carniceria,Pueblo,,15086,9096
51303,15,Temascaltepec,San Lucas Del Pulque,Pueblo,,15086,1072
51304,15,Temascaltepec,Telpintla,Pueblo,,15086,1076
51304,15,Temascaltepec,La Albarrada (San Francisco La Albarrada),Pueblo,,15086,1077
51304,15,Temascaltepec,Los Timbres,Pueblo,,15086,1079
51304,15,Temascaltepec,El Tule,Rancheria,,15086,8289
51305,15,Temascaltepec,El Cerro Pelon,Pueblo,,15086,1078
51305,15,Temascaltepec,El Penon,Rancheria,,15086,9000
51310,15,Temascaltepec,La Finca,Pueblo,,15086,1080
51310,15,Temascaltepec,El Salitre,Pueblo,,15086,1081
51314,15,Temascaltepec,El Chilar Del Ejido De Las Trancas,Rancheria,,15086,16
51314,15,Temascaltepec,Las Trancas,Rancheria,,15086,17
51314,15,Temascaltepec,San Pedro Tenayac,Pueblo,,15086,1073
51314,15,Temascaltepec,Potrero De Tenayac,Pueblo,,15086,1082
51315,15,Temascaltepec,Lampazos,Pueblo,,15086,1083
51320,15,Temascaltepec,San Mateo Almomoloa,Pueblo,,15086,1087
51320,15,Temascaltepec,Potrero De San Jose (La Rinconada),Pueblo,,15086,1092
51323,15,Temascaltepec,San Francisco Oxtotilpan,Pueblo,,15086,1086
51323,15,Temascaltepec,Meson Viejo,Pueblo,,15086,1094
51324,15,Temascaltepec,Hoyos De Vazquez,Rancheria,,15086,22
51324,15,Temascaltepec,San Miguel Oxtotilpan,Pueblo,,15086,1088
51325,15,Temascaltepec,Granjas De Cieneguillas,Rancheria,,15086,10
51325,15,Temascaltepec,Santanas,Pueblo,,15086,11
51325,15,Temascaltepec,La Comunidad,Pueblo,,15086,1084
51325,15,Temascaltepec,Cieneguillas De Gonzalez (Cieneguillas),Pueblo,,15086,1090
51325,15,Temascaltepec,San Antonio Albarranes,Pueblo,,15086,1099
51326,15,Temascaltepec,Jesus Del Monte,Pueblo,,15086,1091
51340,15,Temascaltepec,Real De Arriba,Ejido,,15086,19
51340,15,Temascaltepec,Rincon De San Andres,Pueblo,,15086,20
51340,15,Temascaltepec,Mina Del Rincon,Rancheria,,15086,23
51340,15,Temascaltepec,Las Mesas De Real De Arriba,Rancheria,,15086,24
51340,15,Temascaltepec,San Andres De Los Gama,Pueblo,,15086,1096
51344,15,Temascaltepec,La Laguna,Rancheria,,15086,12
51344,15,Temascaltepec,Los Ocotes,Pueblo,,15086,13
51344,15,Temascaltepec,Pedregales De Tequesquipan,Rancheria,,15086,14
51344,15,Temascaltepec,Pueblo Nuevo,Rancheria,,15086,15
51344,15,Temascaltepec,San Martin Tequesquipan (Tequesquipan),Pueblo,,15086,1089
51344,15,Temascaltepec,La Estancia De Tequesquipan,Pueblo,,15086,1095
51344,15,Temascaltepec,Rincon De Atarasquillo,Pueblo,,15086,1097
51344,15,Temascaltepec,Rincon De Tequesquipan,Pueblo,,15086,1098
51344,15,Temascaltepec,San Juan,Rancheria,,15086,9525
51345,15,Temascaltepec,El Varal,Rancheria,,15086,21
51345,15,Temascaltepec,Las Lagrimas,Rancheria,,15086,25
51346,15,Temascaltepec,Cajones,Rancheria,,15086,5
51346,15,Temascaltepec,Cieneguillas De Labra,Rancheria,,15086,6
51346,15,Temascaltepec,Labor Las Cabras,Rancheria,,15086,7
51346,15,Temascaltepec,Manzana De Tequesquipan (Las Manzanas),Rancheria,,15086,8
51346,15,Temascaltepec,Manzana Del Jabali,Rancheria,,15086,9
51346,15,Temascaltepec,La Cumbre,Rancheria,,15086,18
51346,15,Temascaltepec,La Guacamaya,Pueblo,,15086,1100
51346,15,Temascaltepec,Plan De Vigas,Pueblo,,15086,1101
51350,15,Zinacantepec,San Miguel Zinacantepec Centro,Colonia,,15118,1104
51353,15,Zinacantepec,Los Rosales,Colonia,,15118,10
51354,15,Zinacantepec,La Joya,Colonia,,15118,2
51354,15,Zinacantepec,Ejidal San Francisco Tlalcilalcalpan,Colonia,,15118,8
51354,15,Zinacantepec,De San Miguel,Barrio,,15118,1107
51354,15,Zinacantepec,Del Calvario,Barrio,,15118,1108
51354,15,Zinacantepec,La Esperanza,Fraccionamiento,,15118,1109
51354,15,Zinacantepec,Cerro Del Murcielago,Barrio,,15118,6731
51354,15,Zinacantepec,Las Animas,Colonia,,15118,6738
51354,15,Zinacantepec,La Aurora Ii,Fraccionamiento,,15118,8230
51354,15,Zinacantepec,La Aurora I,Fraccionamiento,,15118,8573
51354,15,Zinacantepec,Residencial Zinacantepec,Fraccionamiento,,15118,8594
51354,15,Zinacantepec,23 De Octubre,Fraccionamiento,,15118,8595
51354,15,Zinacantepec,Los Maestros,Fraccionamiento,,15118,8596
51354,15,Zinacantepec,Villas De Guadalupe,Fraccionamiento,,15118,9634
51354,15,Zinacantepec,Residencial San Miguel,Condominio,,15118,9636
51354,15,Zinacantepec,Vistas Al Nevado,Fraccionamiento,,15118,9637
51355,15,Zinacantepec,San Valentin,Fraccionamiento,,15118,3
51355,15,Zinacantepec,El Capon (Puerta Del Llano),Rancheria,,15118,4
51355,15,Zinacantepec,Santa Martha,Rancheria,,15118,5
51355,15,Zinacantepec,Idilica Reserva Serraton,Fraccionamiento,,15118,9
51355,15,Zinacantepec,Idilica Serraton,Fraccionamiento,,15118,11
51355,15,Zinacantepec,Las Flores Residencial,Fraccionamiento,,15118,12
51355,15,Zinacantepec,Zimbrones,Barrio,,15118,1112
51355,15,Zinacantepec,Las Culturas,Colonia,,15118,1113
51355,15,Zinacantepec,Emiliano Zapata,Colonia,,15118,1114
51355,15,Zinacantepec,San Jorge,Exhacienda,,15118,1115
51355,15,Zinacantepec,Residencial La Victoria,Fraccionamiento,,15118,1117
51355,15,Zinacantepec,Rinconada De Tecaxic,Colonia,,15118,1119
51355,15,Zinacantepec,Zamarrero,Fraccionamiento,,15118,1120
51355,15,Zinacantepec,San Lorenzo Cuautenco,Pueblo,,15118,1122
51355,15,Zinacantepec,San Luis Mextepec,Pueblo,,15118,1123
51355,15,Zinacantepec,Rancho San Nicolas,Fraccionamiento,,15118,1124
51355,15,Zinacantepec,Bosques Residencial,Fraccionamiento,,15118,1125
51355,15,Zinacantepec,Ojuelos,Fraccionamiento,,15118,5535
51355,15,Zinacantepec,La Virgen,Colonia,,15118,6733
51355,15,Zinacantepec,La Joya,Colonia,,15118,6955
51355,15,Zinacantepec,El Porvenir,Fraccionamiento,,15118,7425
51355,15,Zinacantepec,La Loma,Fraccionamiento,,15118,7426
51355,15,Zinacantepec,Casa Grande,Fraccionamiento,,15118,8207
51355,15,Zinacantepec,Privadas De La Hacienda,Fraccionamiento,,15118,8518
51355,15,Zinacantepec,Nueva Serraton,Colonia,,15118,8597
51355,15,Zinacantepec,Zimbron,Colonia,,15118,9631
51355,15,Zinacantepec,Vista Hermosa,Colonia,,15118,9633
51356,15,Zinacantepec,De La Veracruz,Barrio,,15118,1126
51356,15,Zinacantepec,San Gregorio,Fraccionamiento,,15118,1129
51356,15,Zinacantepec,Irma Patricia Galindo De Rez,Colonia,,15118,5113
51356,15,Zinacantepec,Deportiva,Colonia,,15118,6953
51356,15,Zinacantepec,Lindavista,Colonia,,15118,9632
51357,15,Zinacantepec,San Matias Transfiguracion,Colonia,,15118,1130
51357,15,Zinacantepec,El Testerazo,Colonia,,15118,1137
51357,15,Zinacantepec,Ricardo Flores Magon,Colonia,,15118,1138
51357,15,Zinacantepec,Hacienda San Jose Barbabosa,Fraccionamiento,,15118,5112
51357,15,Zinacantepec,El Potrero Barbosa,Colonia,,15118,8598
51357,15,Zinacantepec,Paraje La Puerta De Barbabosa,Fraccionamiento,,15118,8971
51357,15,Zinacantepec,Vista Nevado Plus,Fraccionamiento,,15118,9638
51360,15,Zinacantepec,Santa Maria Del Monte,Pueblo,,15118,1133
51364,15,Zinacantepec,El Coporo,Barrio,,15118,6735
51364,15,Zinacantepec,El Curtidor,Barrio,,15118,6736
51364,15,Zinacantepec,San Miguel Hojas Anchas,Barrio,,15118,6742
51366,15,Zinacantepec,San Bartolo Del Llano (San Isidro),Barrio,,15118,6740
51366,15,Zinacantepec,San Bartolo El Viejo,Barrio,,15118,6741
51367,15,Zinacantepec,Loma Del Kiosco,Rancheria,,15118,7
51367,15,Zinacantepec,San Cristobal Tecolit,Pueblo,,15118,1139
51367,15,Zinacantepec,Loma De San Francisco,Pueblo,,15118,1141
51367,15,Zinacantepec,De Mexico,Barrio,,15118,6730
51370,15,Zinacantepec,Bosques Del Nevado,Fraccionamiento,,15118,6
51370,15,Zinacantepec,San Juan De Las Huertas,Pueblo,,15118,1143
51370,15,Zinacantepec,Santa Cruz Cuauhtenco,Pueblo,,15118,1150
51370,15,Zinacantepec,Morelos,Colonia,,15118,6734
51370,15,Zinacantepec,Dos De Marzo,Colonia,,15118,6952
51373,15,Zinacantepec,Recibitas (El Remolino),Barrio,,15118,6739
51374,15,Zinacantepec,Ojo De Agua,Pueblo,,15118,1145
51375,15,Zinacantepec,Tejalpa,Pueblo,,15118,1134
51375,15,Zinacantepec,Benito Juarez,Colonia,,15118,9635
51380,15,Zinacantepec,La Cruz,Colonia,,15118,1116
51380,15,Zinacantepec,San Antonio Acahualco,Pueblo,,15118,1132
51383,15,Zinacantepec,Cuauhtemoc,Colonia,,15118,1
51383,15,Zinacantepec,Progreso,Colonia,,15118,1135
51383,15,Zinacantepec,San Pedro Tejalpa,Pueblo,,15118,1136
51384,15,Zinacantepec,El Contadero De Matamoros (San Jose),Pueblo,,15118,1144
51385,15,Zinacantepec,Ciendabajo (Hacienda De Abajo),Barrio,,15118,6732
51386,15,Zinacantepec,La Canada (Canada Grande),Colonia,,15118,6951
51386,15,Zinacantepec,La Herradura,Colonia,,15118,6954
51390,15,Zinacantepec,La Puerta Del Monte,Pueblo,,15118,1148
51390,15,Zinacantepec,Buenavista,Pueblo,,15118,1149
51393,15,Zinacantepec,Loma Alta,Pueblo,,15118,1142
51393,15,Zinacantepec,Raices,Pueblo,,15118,1146
51393,15,Zinacantepec,La Penuela,Pueblo,,15118,1147
51400,15,Tejupilco,Tejupilco De Hidalgo Centro,Colonia,,15082,1166
51400,15,Tejupilco,La Isla,Colonia,,15082,1174
51400,15,Tejupilco,Sanchez,Colonia,,15082,1180
51400,15,Tejupilco,Hidalgo,Colonia,,15082,1186
51400,15,Tejupilco,La Florida,Colonia,,15082,5912
51410,15,Tejupilco,Rincon De Ugarte,Colonia,,15082,1
51410,15,Tejupilco,Jalpan (Jalpan San Simon),Pueblo,,15082,1157
51410,15,Tejupilco,San Jose De La Laguna,Colonia,,15082,1206
51410,15,Tejupilco,Agua Bendita,Rancheria,,15082,5844
51410,15,Tejupilco,Buenavista Primera Seccion,Colonia,,15082,5852
51410,15,Tejupilco,Cerro De Cacalotepec (Cacalotepec),Rancheria,,15082,5857
51410,15,Tejupilco,El Cuaguilote Ojo De Agua (La Pera),Rancheria,,15082,5877
51410,15,Tejupilco,Ojo De Agua (Rincon De Ugarte),Rancheria,,15082,5941
51410,15,Tejupilco,Rincon De Lopez,Colonia,,15082,8496
51412,15,Tejupilco,Rincon Del Carmen,Pueblo,,15082,1163
51412,15,Tejupilco,Juarez,Colonia,,15082,1172
51412,15,Tejupilco,Lomas De Tejupilco,Colonia,,15082,1175
51412,15,Tejupilco,Mexico 68,Colonia,,15082,1189
51412,15,Tejupilco,Rincon De Jaimes,Colonia,,15082,1195
51412,15,Tejupilco,Juntas De Zacatepec (El Pedregal Segunda Manzana),Colonia,,15082,1197
51412,15,Tejupilco,Rincon De Aguirre,Rancheria,,15082,1202
51412,15,Tejupilco,Santo Domingo-Zacatepec,Pueblo,,15082,1208
51412,15,Tejupilco,Vicente Guerrero,Colonia,,15082,5643
51412,15,Tejupilco,Luis Donaldo Colosio,Colonia,,15082,5647
51412,15,Tejupilco,Las Americas,Colonia,,15082,5648
51412,15,Tejupilco,Independencia,Colonia,,15082,5649
51412,15,Tejupilco,Cerro De Mazatepec,Rancheria,,15082,5860
51412,15,Tejupilco,El Ocote,Rancheria,,15082,5887
51412,15,Tejupilco,La Laguna De Mazatepec,Rancheria,,15082,5913
51412,15,Tejupilco,Mazatepec,Pueblo,,15082,5937
51412,15,Tejupilco,Rinconada De La Labor,Rancheria,,15082,5962
51412,15,Tejupilco,Rio De Aquiagua (Aquiagua),Pueblo,,15082,5964
51412,15,Tejupilco,Del Sol,Colonia,,15082,9114
51412,15,Tejupilco,Emiliano Zapata,Colonia,,15082,9115
51412,15,Tejupilco,Las Rosas,Colonia,,15082,9116
51413,15,Tejupilco,San Andres Ocotepec,Pueblo,,15082,1160
51413,15,Tejupilco,San Gabriel Pantoja,Pueblo,,15082,1164
51413,15,Tejupilco,Los Banos,Rancheria,,15082,5930
51413,15,Tejupilco,Plan De Maguey,Rancheria,,15082,5950
51413,15,Tejupilco,Puerto Madrono,Rancheria,,15082,5955
51413,15,Tejupilco,Rincon De San Gabriel,Rancheria,,15082,5959
51414,15,Tejupilco,La Cabecera (Cabecera De Los Arrayanes),Colonia,,15082,1225
51414,15,Tejupilco,Paso De Vigas,Colonia,,15082,1227
51414,15,Tejupilco,Cuadrilla De Leones,Rancheria,,15082,5866
51414,15,Tejupilco,Los Pericones,Rancheria,,15082,5935
51414,15,Tejupilco,Rincon Del Naranjo (La Cabecera),Rancheria,,15082,5960
51414,15,Tejupilco,Los Colorines,Rancheria,,15082,9108
51414,15,Tejupilco,Fraguita,Rancheria,,15082,9520
51415,15,Tejupilco,El Capire,Colonia,,15082,1178
51415,15,Tejupilco,El Calvario,Colonia,,15082,1181
51415,15,Tejupilco,Canadas De San Simon (Canada De Chivas),Rancheria,,15082,1203
51415,15,Tejupilco,Epazotes,Colonia,,15082,1224
51415,15,Tejupilco,Jumiltepec,Pueblo,,15082,5901
51415,15,Tejupilco,Suquitila,Rancheria,,15082,5972
51415,15,Tejupilco,El Cirian De La Laguna (El Cirian),Rancheria,,15082,8519
51416,15,Tejupilco,San Lucas Del Maiz (San Lucas),Pueblo,,15082,1165
51416,15,Tejupilco,La Joya De San Lucas,Rancheria,,15082,1179
51416,15,Tejupilco,Salitre De San Lucas,Rancheria,,15082,1231
51416,15,Tejupilco,Llano Grande (Llano Grande De San Lucas),Rancheria,,15082,5927
51416,15,Tejupilco,Piedra Ancha,Rancheria,,15082,5948
51416,15,Tejupilco,El Salitre Segunda Seccion,Rancheria,,15082,9112
51417,15,Tejupilco,Sauz De San Lucas (El Sauz),Pueblo,,15082,1156
51417,15,Tejupilco,El Platanal (El Platanal De San Lucas),Rancheria,,15082,1205
51417,15,Tejupilco,Agua Negra,Rancheria,,15082,5845
51417,15,Tejupilco,Antonio De San Lucas Del Maiz,Rancheria,,15082,5848
51417,15,Tejupilco,Cuadrilla De Los Martinez (Los Martinez),Rancheria,,15082,5867
51417,15,Tejupilco,Cuevillas,Rancheria,,15082,5869
51417,15,Tejupilco,El Mamey De San Lucas,Rancheria,,15082,5882
51417,15,Tejupilco,Fundadora De San Lucas Del Maiz,Rancheria,,15082,5909
51417,15,Tejupilco,Limon De San Lucas Del Maiz,Rancheria,,15082,5928
51417,15,Tejupilco,Los Melchores De San Lucas (Los Melchores),Rancheria,,15082,5933
51418,15,Tejupilco,Teneria (Pueblo Nuevo),Pueblo,,15082,1199
51418,15,Tejupilco,Almoloya De Las Granadas,Pueblo,,15082,1201
51418,15,Tejupilco,Cerro Alto (Milpa Vieja),Rancheria,,15082,5855
51418,15,Tejupilco,Rio Grande,Pueblo,,15082,5965
51422,15,Tejupilco,La Labor De Zaragoza,Pueblo,,15082,1158
51422,15,Tejupilco,Cerro Gordo,Rancheria,,15082,5863
51422,15,Tejupilco,El Limon De Ixtapan,Rancheria,,15082,5881
51422,15,Tejupilco,El Rodeo,Rancheria,,15082,5889
51422,15,Tejupilco,La Estancia De Ixtapan,Rancheria,,15082,5910
51422,15,Tejupilco,Ocoyapan,Pueblo,,15082,5940
51422,15,Tejupilco,Zapote Del Ancon,Rancheria,,15082,5975
51423,15,Tejupilco,Arballo,Colonia,,15082,1151
51423,15,Tejupilco,Pantoja,Pueblo,,15082,1161
51423,15,Tejupilco,Antimonio,Rancheria,,15082,5847
51423,15,Tejupilco,Antimonio Pantoja,Rancheria,,15082,5849
51423,15,Tejupilco,El Capire De Pantoja,Rancheria,,15082,5874
51423,15,Tejupilco,Santiago Arizmendi (Arizmendi),Pueblo,,15082,5971
51424,15,Tejupilco,Llano Grande,Pueblo,,15082,1155
51424,15,Tejupilco,El Sauz Ocotepec (El Sauz),Rancheria,,15082,5895
51424,15,Tejupilco,Encinos Verdes,Rancheria,,15082,5896
51424,15,Tejupilco,Las Animas,Rancheria,,15082,5917
51424,15,Tejupilco,Rincon El Sauz Ocotepec,Rancheria,,15082,5961
51425,15,Tejupilco,Cerro Del Chirimoyo,Rancheria,,15082,5861
51425,15,Tejupilco,Cerro Del Divisadero,Rancheria,,15082,5862
51425,15,Tejupilco,El Zapote De Ixtapan (El Zapote),Rancheria,,15082,5893
51425,15,Tejupilco,Hacienda De Ixtapan,Rancheria,,15082,5897
51425,15,Tejupilco,Juluapan (Juloapan),Rancheria,,15082,5900
51425,15,Tejupilco,Las Moras,Rancheria,,15082,5926
51425,15,Tejupilco,Lodo Prieto,Rancheria,,15082,5929
51425,15,Tejupilco,Los Nopales,Rancheria,,15082,5934
51425,15,Tejupilco,Puerto De Jalpan (Jalpa),Rancheria,,15082,5954
51425,15,Tejupilco,Rincon Chiquito,Rancheria,,15082,5957
51425,15,Tejupilco,San Francisco,Rancheria,,15082,5968
51426,15,Tejupilco,Puerto Del Aire,Pueblo,,15082,1162
51426,15,Tejupilco,Ilamos,Rancheria,,15082,5899
51426,15,Tejupilco,La Guitarra,Rancheria,,15082,5911
51426,15,Tejupilco,Las Juntas De Ixtapan,Rancheria,,15082,5919
51426,15,Tejupilco,San Miguel Ixtapan,Pueblo,,15082,8893
51427,15,Tejupilco,El Carmen De Ixtapan,Colonia,,15082,1191
51427,15,Tejupilco,Tirados,Rancheria,,15082,1209
51427,15,Tejupilco,Cuadrilla De Lopez,Colonia,,15082,1226
51427,15,Tejupilco,El Aguacate De Monte De Dios,Rancheria,,15082,5846
51427,15,Tejupilco,El Burrito (El Sauz),Rancheria,,15082,5872
51427,15,Tejupilco,Salitre De Acamuchitlan (El Salitre),Pueblo,,15082,5890
51427,15,Tejupilco,Las Juntas,Rancheria,,15082,5918
51427,15,Tejupilco,Monte De Dios,Rancheria,,15082,5938
51427,15,Tejupilco,Pinzan Morado,Rancheria,,15082,5949
51427,15,Tejupilco,Plaza De Gallos,Rancheria,,15082,5953
51427,15,Tejupilco,Salto Grande,Rancheria,,15082,5966
51427,15,Tejupilco,San Mateo (San Mateo Ixtapan),Rancheria,,15082,5967
51428,15,Tejupilco,Las Mesas De Ixtapan (Las Mesas),Pueblo,,15082,1159
51428,15,Tejupilco,Santa Rosa Rincon De Jaimes,Rancheria,,15082,1194
51428,15,Tejupilco,El Potrero De Ixtapan (El Potrero),Rancheria,,15082,1210
51428,15,Tejupilco,La Florida (Kilometro 5),Pueblo,,15082,5644
51428,15,Tejupilco,Barranca De Ixtapan,Rancheria,,15082,5850
51428,15,Tejupilco,Campanario De Ixtapan (El Campanario),Rancheria,,15082,5873
51428,15,Tejupilco,Santa Maria De Las Flores,Rancheria,,15082,5969
51428,15,Tejupilco,Santa Rosa (Las Juntas),Rancheria,,15082,5970
51430,15,Tejupilco,Bejucos,Colonia,,15082,1228
51430,15,Tejupilco,Benito Juarez (Lazaro Cardenas Del Rio),Colonia,,15082,5851
51430,15,Tejupilco,El Salto (El Salto Dos),Rancheria,,15082,5891
51430,15,Tejupilco,Las Lomas (Los Depositos),Rancheria,,15082,5921
51432,15,Tejupilco,Rincon Del Guayabal,Colonia,,15082,1232
51432,15,Tejupilco,Cuadrilla Del Molino,Rancheria,,15082,5868
51432,15,Tejupilco,El Ciruelo,Rancheria,,15082,5875
51432,15,Tejupilco,La Canada,Rancheria,,15082,5907
51432,15,Tejupilco,Las Mesas De Los Capires (Las Mesas),Rancheria,,15082,5924
51432,15,Tejupilco,Rincon De Carboneras (Carboneras),Rancheria,,15082,5958
51433,15,Tejupilco,La Cofradia (Los Mangos),Rancho,,15082,1154
51433,15,Tejupilco,Acamuchitlan,Pueblo,,15082,5843
51433,15,Tejupilco,Cerro De Los Elizaldes,Rancheria,,15082,5858
51433,15,Tejupilco,El Corupo,Rancheria,,15082,5876
51433,15,Tejupilco,El Jumate,Rancheria,,15082,5880
51433,15,Tejupilco,El Zapote De Acamuchitlan (El Zapote),Pueblo,,15082,5894
51433,15,Tejupilco,La Calera,Rancheria,,15082,5906
51433,15,Tejupilco,La Mesa,Rancheria,,15082,5923
51433,15,Tejupilco,Planes De La Cofradia (Los Planes),Rancheria,,15082,5952
51433,15,Tejupilco,Rio Chiquito,Rancheria,,15082,5963
51433,15,Tejupilco,Tejapan Limones (Tejapan),Pueblo,,15082,5974
51434,15,Tejupilco,Coahuilotes,Rancheria,,15082,5864
51434,15,Tejupilco,El Guayabo,Rancheria,,15082,5879
51434,15,Tejupilco,El Naranjo Grande,Rancheria,,15082,5886
51434,15,Tejupilco,La Bolsa,Rancheria,,15082,5903
51434,15,Tejupilco,La Cuitacera,Rancheria,,15082,5908
51434,15,Tejupilco,Las Anonas,Rancheria,,15082,5914
51434,15,Tejupilco,Las Ilamas,Rancheria,,15082,5925
51434,15,Tejupilco,Los Pinzanes (La Pinzanera),Rancheria,,15082,5936
51434,15,Tejupilco,Naranjo Chiquito,Rancheria,,15082,5939
51434,15,Tejupilco,Paso De San Juan,Pueblo,,15082,5944
51435,15,Tejupilco,Paso Del Guayabal (El Paso),Pueblo,,15082,1230
51435,15,Tejupilco,Barro Prieto,Rancheria,,15082,5853
51435,15,Tejupilco,Paredes Prietas,Rancheria,,15082,5942
51435,15,Tejupilco,Paso De La Parota,Rancheria,,15082,5943
51436,15,Tejupilco,Mesa De Gallos (El Llano),Rancheria,,15082,5922
51436,15,Tejupilco,La Palma Cuata (La Palma),Colonia,,15082,9109
51436,15,Tejupilco,Potrero Grande,Rancheria,,15082,9110
51440,15,Luvianos,San Sebastian 1,Rancheria,,15123,1
51440,15,Luvianos,Luvianos,Pueblo,,15123,1211
51440,15,Luvianos,San Sebastian (Rincon De San Sebastian),Rancheria,,15123,1221
51440,15,Luvianos,Rincon De Alambre,Rancheria,,15123,6141
51440,15,Luvianos,Ninos Heroes,Colonia,,15123,8482
51442,15,Luvianos,Trojes,Rancheria,,15123,1222
51442,15,Luvianos,Arroyo Seco,Rancheria,,15123,5980
51442,15,Luvianos,Cerro Del Venado,Pueblo,,15123,5994
51442,15,Luvianos,Cuadrilla De Benitez,Pueblo,,15123,6004
51442,15,Luvianos,Ojo De Agua,Rancheria,,15123,6031
51442,15,Luvianos,Rincon De Vargas,Rancheria,,15123,6147
51442,15,Luvianos,Toma De Agua,Rancheria,,15123,6166
51443,15,Luvianos,El Estanco,Colonia,,15123,1220
51443,15,Luvianos,Puerto Del Salitre,Rancheria,,15123,1229
51443,15,Luvianos,Calaveras,Rancheria,,15123,5986
51443,15,Luvianos,Capire,Rancheria,,15123,5988
51443,15,Luvianos,El Pie De La Loma,Rancheria,,15123,6032
51443,15,Luvianos,Jaquinicuil,Rancheria,,15123,6055
51443,15,Luvianos,Los Pinzanes,Rancheria,,15123,6100
51445,15,Luvianos,San Antonio Luvianos (San Antonio),Colonia,,15123,1214
51445,15,Luvianos,Cerro De La Culebra,Rancheria,,15123,5992
51445,15,Luvianos,Paso De La Arena,Rancheria,,15123,6120
51446,15,Luvianos,Caja De Agua,Colonia,,15123,1217
51446,15,Luvianos,Cerro De Castelanes,Pueblo,,15123,5991
51446,15,Luvianos,Cerro Del Agua,Rancheria,,15123,5993
51446,15,Luvianos,El Pueblito,Rancheria,,15123,6036
51446,15,Luvianos,Iglesia Vieja,Pueblo,,15123,6053
51446,15,Luvianos,Puerta De Golpe,Rancheria,,15123,6131
51446,15,Luvianos,Rincon De San Lucas,Rancheria,,15123,6146
51453,15,Luvianos,El Copalito,Rancheria,,15123,6017
51453,15,Luvianos,El Naranjito,Pueblo,,15123,6028
51453,15,Luvianos,El Puerto De La Sosa,Rancheria,,15123,6037
51453,15,Luvianos,El Reparo De Nanchititla (El Reparo),Pueblo,,15123,6039
51453,15,Luvianos,El Rincon De Cagalaguas (Rincon Los Mejias),Rancheria,,15123,6040
51453,15,Luvianos,Hormigueros,Pueblo,,15123,6051
51453,15,Luvianos,Las Lajas,Rancheria,,15123,6080
51453,15,Luvianos,Las Palmas,Rancheria,,15123,6082
51453,15,Luvianos,Los Arrayanes (Los Arrayanes Verdes),Rancheria,,15123,6090
51453,15,Luvianos,Los Bancos,Rancheria,,15123,6092
51453,15,Luvianos,Los Ocotes,Rancheria,,15123,6097
51453,15,Luvianos,Los Pinones (El Sauz),Rancho,,15123,6101
51453,15,Luvianos,Los Terreros,Rancheria,,15123,6105
51453,15,Luvianos,Plan De Chihuahua,Rancheria,,15123,6126
51453,15,Luvianos,Puerto De Los Duraznos,Rancheria,,15123,6132
51453,15,Luvianos,Rincon De Arrayanes,Rancheria,,15123,6142
51453,15,Luvianos,Rincon De Gonzalez,Rancheria,,15123,6144
51454,15,Luvianos,Canadas De Nanchititla,Colonia,,15123,1233
51454,15,Luvianos,Aguacatillo,Rancheria,,15123,5977
51454,15,Luvianos,Carrizal,Rancheria,,15123,5990
51454,15,Luvianos,Colcomeca,Rancheria,,15123,5997
51454,15,Luvianos,El Capire,Pueblo,,15123,6010
51454,15,Luvianos,Guayabos (El Guayabo),Rancho,,15123,6020
51454,15,Luvianos,La Laguna,Rancheria,,15123,6064
51454,15,Luvianos,Las Paredes,Rancheria,,15123,6083
51454,15,Luvianos,Los Bancos,Rancheria,,15123,6091
51454,15,Luvianos,Los Tejocotes,Rancheria,,15123,6103
51454,15,Luvianos,Majada De Los Encinos (Majada De Encinos),Rancheria,,15123,6107
51454,15,Luvianos,Monte Verde,Rancheria,,15123,6113
51454,15,Luvianos,Palo Verde,Rancheria,,15123,6118
51454,15,Luvianos,Palos Prietos,Rancheria,,15123,6119
51454,15,Luvianos,Pena Calva,Rancheria,,15123,6123
51454,15,Luvianos,Rincon De Martinez,Rancheria,,15123,6145
51454,15,Luvianos,Tequesquite (El Tequezquite),Rancheria,,15123,6165
51455,15,Luvianos,El Cirare (Cirian De Hilar),Rancheria,,15123,6015
51455,15,Luvianos,La Canoa,Rancheria,,15123,6079
51455,15,Luvianos,Las Parotas,Rancheria,,15123,6084
51455,15,Luvianos,Los Arrayanes,Rancheria,,15123,6089
51455,15,Luvianos,Los Llanitos,Rancheria,,15123,6095
51455,15,Luvianos,Los Tequereques,Rancheria,,15123,6104
51455,15,Luvianos,Mesa De Los Caballos,Rancheria,,15123,6110
51455,15,Luvianos,Ojo De Agua-Palo Gordo,Pueblo,,15123,6116
51455,15,Luvianos,Palo Gordo,Rancheria,,15123,6117
51455,15,Luvianos,Sesteadero De Abajo,Rancheria,,15123,6161
51455,15,Luvianos,Sesteadero De Arriba,Rancheria,,15123,6162
51455,15,Luvianos,Solosuchil,Rancheria,,15123,6163
51456,15,Luvianos,Las Anonas,Rancheria,,15123,1234
51456,15,Luvianos,Caja De Agua,Pueblo,,15123,5984
51456,15,Luvianos,Calabazos (Las Pilas),Rancheria,,15123,5985
51456,15,Luvianos,El Cerro,Rancheria,,15123,6014
51456,15,Luvianos,El Limon,Pueblo,,15123,6023
51456,15,Luvianos,El Platano,Rancheria,,15123,6033
51456,15,Luvianos,El Pueblito,Pueblo,,15123,6034
51456,15,Luvianos,El Rodeo,Rancheria,,15123,6042
51456,15,Luvianos,La Angostura Dos,Rancheria,,15123,6058
51456,15,Luvianos,La Angostura Uno (Cerro De La Angostura Uno),Rancheria,,15123,6059
51456,15,Luvianos,La Arboleda,Rancheria,,15123,6060
51456,15,Luvianos,La Camelina,Rancheria,,15123,6061
51456,15,Luvianos,La Mesa Del Potrero Chiquito,Rancheria,,15123,6067
51456,15,Luvianos,La Toma,Rancheria,,15123,6072
51456,15,Luvianos,Los Pericones (Rancheria Los Pericones),Rancheria,,15123,6098
51456,15,Luvianos,Mesa De Nietos,Pueblo,,15123,6111
51456,15,Luvianos,Salitrillo,Rancheria,,15123,6153
51456,15,Luvianos,Sanguijuelas,Rancheria,,15123,6155
51456,15,Luvianos,El Sauz Palo Gordo,Pueblo,,15123,6159
51456,15,Luvianos,Tremesinos,Rancheria,,15123,6167
51457,15,Luvianos,La Estancia De Nanchititla (La Estancia),Rancheria,,15123,1213
51457,15,Luvianos,Cacahuananche,Rancheria,,15123,5983
51457,15,Luvianos,Cuachinola,Rancheria,,15123,6003
51457,15,Luvianos,El Carrizal,Rancheria,,15123,6012
51457,15,Luvianos,El Huizache,Rancheria,,15123,6021
51457,15,Luvianos,El Jaguey,Rancheria,,15123,6022
51457,15,Luvianos,El Naranjo,Pueblo,,15123,6029
51457,15,Luvianos,El Tanque,Rancheria,,15123,6044
51457,15,Luvianos,Las Lajitas,Rancheria,,15123,6081
51457,15,Luvianos,Las Pinas,Rancheria,,15123,6085
51457,15,Luvianos,Los Arrayanes,Rancheria,,15123,6088
51457,15,Luvianos,Los Pinzanes,Pueblo,,15123,6099
51457,15,Luvianos,El Ojo De Agua,Rancheria,,15123,6115
51457,15,Luvianos,Piedra Colorada,Rancheria,,15123,6124
51457,15,Luvianos,Puerto De Los Terreros,Rancheria,,15123,6133
51457,15,Luvianos,Puerto De Los Zacatones,Rancheria,,15123,6134
51457,15,Luvianos,Sesteadero,Rancheria,,15123,6160
51458,15,Luvianos,Cuahuilotes (Cuajilotes),Rancheria,,15123,1215
51458,15,Luvianos,Avellaneda,Rancheria,,15123,5981
51458,15,Luvianos,El Cascalote,Rancheria,,15123,6013
51458,15,Luvianos,El Manguito (La Parotilla),Rancheria,,15123,6027
51458,15,Luvianos,El Salto De San Jeronimo,Rancheria,,15123,6043
51458,15,Luvianos,Jocoleche,Rancheria,,15123,6057
51458,15,Luvianos,Las Trojas,Rancheria,,15123,6086
51458,15,Luvianos,Lechuguillas,Rancheria,,15123,6087
51458,15,Luvianos,Los Curindales,Rancheria,,15123,6094
51458,15,Luvianos,Navarrete,Rancheria,,15123,6114
51459,15,Luvianos,El Barro,Rancheria,,15123,6007
51459,15,Luvianos,El Ranchito (El Limoncito),Rancho,,15123,6038
51459,15,Luvianos,Gabazos (El Bagaso),Rancheria,,15123,6048
51459,15,Luvianos,Las Garzas (Potrerillos),Rancheria,,15123,6077
51462,15,Luvianos,Rincon De Rodriguez,Colonia,,15123,1218
51462,15,Luvianos,Carbajales,Rancheria,,15123,5989
51462,15,Luvianos,Corral Nuevo,Rancheria,,15123,6000
51462,15,Luvianos,Cruz De Piedra,Rancheria,,15123,6002
51462,15,Luvianos,El Capire De Acatitlan,Rancheria,,15123,6011
51462,15,Luvianos,El Limon,Pueblo,,15123,6024
51462,15,Luvianos,El Mamey Acatitlan,Pueblo,,15123,6025
51462,15,Luvianos,Jocoal,Rancheria,,15123,6056
51462,15,Luvianos,La Mesa,Rancheria,,15123,6066
51462,15,Luvianos,La Palma,Pueblo,,15123,6069
51462,15,Luvianos,La Unidad (Los Ciruelos),Rancheria,,15123,6073
51462,15,Luvianos,Mango Solo,Rancheria,,15123,6108
51462,15,Luvianos,Rancho Viejo,Pueblo,,15123,6138
51462,15,Luvianos,Santa Cruz,Rancheria,,15123,6156
51462,15,Luvianos,El Salitre Estancia Grande,Rancheria,,15123,9580
51463,15,Luvianos,San Juan Acatitlan (Acatitlan),Colonia,,15123,1216
51463,15,Luvianos,Alborejo (Puerto Alborejo),Rancheria,,15123,5978
51463,15,Luvianos,Corral Del Barro,Rancheria,,15123,5999
51463,15,Luvianos,Cuadrilla De Sanchez,Pueblo,,15123,6005
51463,15,Luvianos,El Aguacate,Rancheria,,15123,6006
51463,15,Luvianos,El Naranjo De San Isidro (El Naranjo Primero),Rancheria,,15123,6030
51463,15,Luvianos,Hilamache,Pueblo,,15123,6050
51463,15,Luvianos,Puerto Del Higo,Rancheria,,15123,6135
51463,15,Luvianos,Rincon Del Hilamache,Rancheria,,15123,6148
51463,15,Luvianos,Rincon Del Naranjo La Presa,Rancheria,,15123,6149
51463,15,Luvianos,Salitre Del Puente (Puente Del Salitre),Pueblo,,15123,6151
51463,15,Luvianos,Tres Encinos,Rancheria,,15123,6168
51464,15,Luvianos,Estancia Grande (San Jose Estancia Grande),Rancheria,,15123,6047
51464,15,Luvianos,Puerto El Capulin,Rancheria,,15123,6136
51464,15,Luvianos,Santa Rosa Estancia Grande,Rancheria,,15123,6157
51465,15,Luvianos,San Simon Piedra Grande (San Simon),Pueblo,,15123,1176
51465,15,Luvianos,Hermiltepec (Pena Blanca),Colonia,,15123,1212
51465,15,Luvianos,El Crucillo,Rancheria,,15123,6018
51465,15,Luvianos,El Manguito,Rancheria,,15123,6026
51465,15,Luvianos,El Rincon Piedra Grande,Rancheria,,15123,6041
51465,15,Luvianos,Jalpan,Rancheria,,15123,6054
51465,15,Luvianos,La Candelaria,Rancheria,,15123,6062
51465,15,Luvianos,La Minita,Rancheria,,15123,6068
51465,15,Luvianos,Magadan,Rancheria,,15123,6106
51465,15,Luvianos,Paso Del Agua (Cristo Rey),Pueblo,,15123,6121
51465,15,Luvianos,Piedra Grande,Pueblo,,15123,6125
51465,15,Luvianos,Salitre Piedra Grande,Pueblo,,15123,6152
51465,15,Luvianos,Santa Rosa Hermiltepec,Pueblo,,15123,6158
51465,15,Luvianos,Mesa De Los Espinos (Mesa De Las Escobas),Rancheria,,15123,6170
51466,15,Luvianos,El Tecuan,Rancheria,,15123,6045
51466,15,Luvianos,La Chaqueta,Rancheria,,15123,6063
51466,15,Luvianos,La Laguna,Rancheria,,15123,6065
51466,15,Luvianos,Potrero De Palmarillos,Rancheria,,15123,6128
51467,15,Luvianos,Buenavista,Rancheria,,15123,5982
51467,15,Luvianos,El Brasil,Rancheria,,15123,6008
51467,15,Luvianos,El Pueblito,Pueblo,,15123,6035
51467,15,Luvianos,La Parota,Rancheria,,15123,6071
51467,15,Luvianos,La Yerbabuena,Rancheria,,15123,6074
51467,15,Luvianos,Los Bancos,Rancheria,,15123,6093
51467,15,Luvianos,Los Pozos,Rancheria,,15123,6102
51467,15,Luvianos,Mesa Del Capulin (Mesa De Los Nanches),Rancheria,,15123,6112
51467,15,Luvianos,Pedernales,Rancheria,,15123,6122
51467,15,Luvianos,Potrero Vallecitos (El Potrero),Pueblo,,15123,6130
51467,15,Luvianos,Pungarancho,Pueblo,,15123,6137
51467,15,Luvianos,San Nicolas,Rancheria,,15123,6154
51467,15,Luvianos,Vallecitos De Hermiltepec (Vallecito),Pueblo,,15123,6169
51468,15,Luvianos,Agua Colorada,Rancheria,,15123,5976
51468,15,Luvianos,Arrayan,Rancheria,,15123,5979
51468,15,Luvianos,Canada Del Campanario,Rancheria,,15123,5987
51468,15,Luvianos,Chirimoya,Rancheria,,15123,5995
51468,15,Luvianos,Ciprianes,Pueblo,,15123,5996
51468,15,Luvianos,Cruz De Clavos,Pueblo,,15123,6001
51468,15,Luvianos,El Campanario,Pueblo,,15123,6009
51468,15,Luvianos,El Cirian De Hermiltepec,Pueblo,,15123,6016
51468,15,Luvianos,El Granjen,Rancheria,,15123,6019
51468,15,Luvianos,Huiztepec,Rancheria,,15123,6052
51468,15,Luvianos,Rincon Cruz De Clavos,Rancheria,,15123,6140
51468,15,Luvianos,Rincon De Ciprianes,Rancheria,,15123,6143
51470,15,San Simon De Guerrero,San Simon De Guerrero,Pueblo,,15077,1237
51470,15,San Simon De Guerrero,San Pedro (El Espinal),Barrio,,15077,8063
51470,15,San Simon De Guerrero,Cruz Verde,Barrio,,15077,8724
51470,15,San Simon De Guerrero,San Jose (Barrio Tecolote),Barrio,,15077,8826
51470,15,San Simon De Guerrero,La Fragua,Barrio,,15077,8895
51470,15,San Simon De Guerrero,Santa Cruz,Barrio,,15077,9532
51470,15,San Simon De Guerrero,Santa Rosa (La Gallinada),Barrio,,15077,9533
51476,15,San Simon De Guerrero,Del Monte,Barrio,,15077,8064
51479,15,San Simon De Guerrero,Estancia Vieja (San Jose La Estancia),Rancheria,,15077,1239
51479,15,San Simon De Guerrero,Los Berros Cuentla,Rancheria,,15077,9542
51479,15,San Simon De Guerrero,Mina De Agua,Rancheria,,15077,9543
51480,15,San Simon De Guerrero,La Rueda,Rancheria,,15077,1
51480,15,San Simon De Guerrero,San Diego Cuentla (Llano Grande),Pueblo,,15077,1236
51480,15,San Simon De Guerrero,San Gabriel Cuentla,Pueblo,,15077,1240
51480,15,San Simon De Guerrero,Titipac Cuentla (Titipac),Rancheria,,15077,9530
51480,15,San Simon De Guerrero,La Rinconada,Pueblo,,15077,9540
51480,15,San Simon De Guerrero,Pena Redonda,Rancheria,,15077,9544
51480,15,San Simon De Guerrero,Rincon De Los Trigos,Rancheria,,15077,9545
51483,15,San Simon De Guerrero,Rancho Viejo Cuentla (Rancho Viejo),Rancheria,,15077,8715
51483,15,San Simon De Guerrero,La Sierrita,Rancheria,,15077,9541
51483,15,San Simon De Guerrero,Yerbabuena,Rancheria,,15077,9546
51484,15,San Simon De Guerrero,El Mango Cuentla (El Mango),Rancheria,,15077,9535
51484,15,San Simon De Guerrero,El Zapote,Rancheria,,15077,9537
51484,15,San Simon De Guerrero,Guardarraya,Rancheria,,15077,9538
51485,15,San Simon De Guerrero,El Jocoyol Cuentla (Jocoyoles),Rancheria,,15077,9534
51485,15,San Simon De Guerrero,El Momustle,Rancheria,,15077,9536
51485,15,San Simon De Guerrero,La Cumbre,Rancheria,,15077,9539
51500,15,Amatepec,Amatepec,Pueblo,,15008,1241
51510,15,Amatepec,Rincon De La Cofradia,Pueblo,,15008,1250
51510,15,Amatepec,San Martin,Pueblo,,15008,1251
51510,15,Amatepec,El Aguacate (El Aguacate San Martin),Rancheria,,15008,7637
51513,15,Amatepec,Chapuluapan,Rancheria,,15008,4
51513,15,Amatepec,Rincon De San Simon,Rancheria,,15008,15
51513,15,Amatepec,Corral De Piedra,Pueblo,,15008,1254
51513,15,Amatepec,Cerro De Tlacotepec (Tlacotepec),Pueblo,,15008,1256
51513,15,Amatepec,Coyol De San Simon,Rancheria,,15008,7659
51513,15,Amatepec,Encinal Verde,Rancheria,,15008,7660
51514,15,Amatepec,Los Guajes,Pueblo,,15008,1249
51514,15,Amatepec,San Miguel (San Miguel Zinacausto),Pueblo,,15008,1261
51514,15,Amatepec,Coahuilotes (Los Coahuilotes),Pueblo,,15008,1265
51514,15,Amatepec,El Malpaso,Pueblo,,15008,1266
51514,15,Amatepec,Cerro De Santiago,Rancheria,,15008,7640
51514,15,Amatepec,Guijas Blancas,Rancheria,,15008,7656
51514,15,Amatepec,El Mango Piedras Anchas,Rancheria,,15008,7658
51515,15,Amatepec,El Veladero,Pueblo,,15008,1248
51515,15,Amatepec,La Mora,Rancheria,,15008,7641
51515,15,Amatepec,El Puerto,Rancheria,,15008,7655
51515,15,Amatepec,Joya De La Venta,Rancheria,,15008,7657
51516,15,Amatepec,El Panteon De San Felipe De Jesus,Rancheria,,15008,8
51516,15,Amatepec,La Carrera,Rancheria,,15008,10
51516,15,Amatepec,Los Encinos,Rancheria,,15008,11
51516,15,Amatepec,Los Timbres,Rancheria,,15008,12
51516,15,Amatepec,El Monteal (Barranca Papaloapan),Pueblo,,15008,1252
51516,15,Amatepec,Las Joyas,Rancheria,,15008,1253
51516,15,Amatepec,San Felipe De Jesus,Pueblo,,15008,1255
51516,15,Amatepec,Puente Viejo,Rancheria,,15008,6635
51517,15,Amatepec,San Simon (San Simon Zozocoltepec),Pueblo,,15008,1245
51517,15,Amatepec,Tepehuajes Uno (Tepehuajes De Arriba),Pueblo,,15008,1257
51517,15,Amatepec,Tepehuajes (Tepehuajes De Abajo),Rancheria,,15008,7653
51517,15,Amatepec,La Parota (La Parota Tepehuajes),Rancheria,,15008,7654
51518,15,Amatepec,El Llano,Rancheria,,15008,7652
51523,15,Amatepec,Cerro De Las Animas (El Cerro De Las Animas),Pueblo,,15008,1283
51523,15,Amatepec,El Sitio,Pueblo,,15008,1284
51523,15,Amatepec,Pueblo Nuevo (San Lucas Pueblo Nuevo),Pueblo,,15008,1285
51523,15,Amatepec,Cerro De Las Animas-El Manguito,Rancheria,,15008,7611
51523,15,Amatepec,San Marcos,Rancheria,,15008,7631
51524,15,Amatepec,Tepehuastitlan,Rancheria,,15008,7632
51524,15,Amatepec,Salitre De Lopez,Rancheria,,15008,7636
51525,15,Amatepec,Palmarillos,Rancheria,,15008,13
51525,15,Amatepec,Aguacatitlan (La Carreta),Pueblo,,15008,1258
51525,15,Amatepec,Dolores (Hacienda Dolores),Pueblo,,15008,1259
51525,15,Amatepec,El Rancho,Pueblo,,15008,1262
51525,15,Amatepec,El Fresno,Rancheria,,15008,1263
51525,15,Amatepec,Salitre Palmarillos,Pueblo,,15008,1275
51525,15,Amatepec,Los Sabinos,Rancheria,,15008,7626
51525,15,Amatepec,Charco Hondo (El Tlacuache),Rancheria,,15008,7634
51526,15,Amatepec,Rincon De Esmeraldas,Pueblo,,15008,1271
51526,15,Amatepec,Ayuquila,Pueblo,,15008,1274
51526,15,Amatepec,Las Latas (Ayuquila),Pueblo,,15008,1276
51526,15,Amatepec,San Francisco De Los Pinzanes,Pueblo,,15008,1277
51526,15,Amatepec,La Chupa Rosa,Rancheria,,15008,7624
51526,15,Amatepec,Los Organos,Rancheria,,15008,7627
51526,15,Amatepec,Las Pailas,Rancheria,,15008,7628
51526,15,Amatepec,La Rayuela,Rancheria,,15008,7629
51526,15,Amatepec,Barranca De Esmeraldas (La Guila),Rancheria,,15008,9550
51527,15,Amatepec,Barranca Del Mamey,Rancheria,,15008,3
51527,15,Amatepec,Crucero Cerro Del Campo,Rancheria,,15008,5
51527,15,Amatepec,Cuadrilla Del Naranjo (Rincon Del Naranjo),Rancheria,,15008,6
51527,15,Amatepec,Cuadrilla Nueva (La Presa),Rancheria,,15008,7
51527,15,Amatepec,El Zapote,Rancheria,,15008,9
51527,15,Amatepec,Puente Del Rodeo,Rancheria,,15008,14
51527,15,Amatepec,Los Timbres,Pueblo,,15008,1244
51527,15,Amatepec,La Cofradia,Pueblo,,15008,1247
51527,15,Amatepec,Cerro Del Campo,Pueblo,,15008,1260
51527,15,Amatepec,Santiago,Pueblo,,15008,1264
51527,15,Amatepec,El Ortigo,Rancheria,,15008,7635
51527,15,Amatepec,Pena Del Cuervo,Rancheria,,15008,7638
51527,15,Amatepec,Escuela Vieja,Rancheria,,15008,7639
51527,15,Amatepec,Acatempan,Rancheria,,15008,7642
51527,15,Amatepec,Cuadrilla Nueva,Rancheria,,15008,7643
51527,15,Amatepec,Barrio De La Uva,Rancheria,,15008,7644
51530,15,Amatepec,Palmar Chico,Pueblo,,15008,1267
51530,15,Amatepec,Salitre Santa Barbara (Santa Barbara),Pueblo,,15008,1268
51530,15,Amatepec,El Conejo (Conejo Viejo),Colonia,,15008,5215
51530,15,Amatepec,Aviacion (Campo De Aviacion),Colonia,,15008,5216
51530,15,Amatepec,La Chaqueta,Rancheria,,15008,7616
51530,15,Amatepec,El Pantalon,Rancheria,,15008,7617
51530,15,Amatepec,El Convento,Rancheria,,15008,7625
51533,15,Amatepec,Los Ajoques,Rancheria,,15008,2
51533,15,Amatepec,El Tlapanco,Pueblo,,15008,1286
51533,15,Amatepec,Meyuca,Rancheria,,15008,7619
51533,15,Amatepec,Cerro Del Coyol,Rancheria,,15008,7620
51533,15,Amatepec,Barranca Del Coyol,Rancheria,,15008,7621
51533,15,Amatepec,San Juan Tizapan (La Haciendita),Rancheria,,15008,7622
51533,15,Amatepec,Cristo Rey (Guacamayas),Rancheria,,15008,7623
51534,15,Amatepec,Matuz Puerto Del Rodeo,Pueblo,,15008,1273
51534,15,Amatepec,San Antonio Matuz,Rancheria,,15008,1278
51534,15,Amatepec,La Palma,Colonia,,15008,5214
51534,15,Amatepec,Las Ceibas,Rancheria,,15008,7606
51534,15,Amatepec,Potrerillos (Potrerillos Matuz),Rancheria,,15008,7607
51534,15,Amatepec,Pinzanes Matuz,Rancheria,,15008,7608
51534,15,Amatepec,El Arrayan,Rancheria,,15008,7612
51535,15,Amatepec,Cuadrilla De Lopez,Pueblo,,15008,1272
51535,15,Amatepec,El Tamarindo,Colonia,,15008,5210
51535,15,Amatepec,Guayabillos,Rancheria,,15008,9002
51536,15,Amatepec,Corral Viejo,Rancheria,,15008,7603
51536,15,Amatepec,Santa Barbara,Rancheria,,15008,7604
51536,15,Amatepec,Mango Matuz,Rancheria,,15008,7605
51536,15,Amatepec,Buenavista,Rancheria,,15008,7618
51537,15,Amatepec,El Mamey,Rancheria,,15008,1242
51537,15,Amatepec,Huixtitla,Pueblo,,15008,1270
51537,15,Amatepec,Amadores (Los Amador),Pueblo,,15008,1279
51537,15,Amatepec,Cincuenta Arrobas,Pueblo,,15008,1280
51537,15,Amatepec,Quimichatenco (Barranca De Quimichatenco),Pueblo,,15008,1282
51537,15,Amatepec,El Zapote (El Zapote Lopez),Rancheria,,15008,7613
51537,15,Amatepec,El Zapote Cincuenta Arrobas (El Zapote),Rancheria,,15008,7614
51537,15,Amatepec,San Jose (San Jose Del Palmar),Rancheria,,15008,7615
51537,15,Amatepec,Barranca De Gallegos,Rancheria,,15008,9549
51540,15,Amatepec,El Pino,Rancheria,,15008,1
51540,15,Amatepec,Tierra Azul,Rancheria,,15008,16
51540,15,Amatepec,Platanal,Rancheria,,15008,7645
51540,15,Amatepec,Los Colorines,Rancheria,,15008,7646
51540,15,Amatepec,Los Espinos,Rancheria,,15008,7647
51540,15,Amatepec,El Consuelo,Rancheria,,15008,7648
51540,15,Amatepec,Puerto De La Uva,Rancheria,,15008,8188
51540,15,Amatepec,El Paraje,Rancheria,,15008,8264
51543,15,Amatepec,Tlalchichilpan,Rancheria,,15008,7649
51543,15,Amatepec,El Rodeo,Rancheria,,15008,7650
51544,15,Amatepec,Sumpancle,Rancheria,,15008,17
51544,15,Amatepec,La Goleta,Pueblo,,15008,1243
51544,15,Amatepec,Zacatones,Rancheria,,15008,7651
51550,15,Tlatlaya,Tlatlaya,Pueblo,,15105,1293
51553,15,Tlatlaya,La Cueva,Rancheria,,15105,40
51553,15,Tlatlaya,Loma Larga,Pueblo,,15105,48
51553,15,Tlatlaya,Pena Del Agua,Rancheria,,15105,57
51553,15,Tlatlaya,Piedra Ancha,Rancheria,,15105,59
51553,15,Tlatlaya,Puerto Frio,Rancheria,,15105,65
51553,15,Tlatlaya,Teopazul (Teopazul El Encinal),Rancheria,,15105,71
51553,15,Tlatlaya,Piedra Ancha Ii,Rancheria,,15105,74
51553,15,Tlatlaya,La Union,Rancheria,,15105,75
51553,15,Tlatlaya,Coatepec (Coatepequito),Pueblo,,15105,1287
51553,15,Tlatlaya,Miraveles,Rancheria,,15105,8514
51553,15,Tlatlaya,Dieciocho De Marzo,Rancheria,,15105,8522
51553,15,Tlatlaya,El Terroncillo,Rancheria,,15105,9574
51553,15,Tlatlaya,San Lucas,Rancheria,,15105,9677
51554,15,Tlatlaya,Corral De Piedra Dos (Corral De Piedra),Rancheria,,15105,11
51554,15,Tlatlaya,Juntas Del Paso Topilar,Rancheria,,15105,36
51554,15,Tlatlaya,Arenal,Rancheria,,15105,9071
51554,15,Tlatlaya,Tecomatlan,Rancheria,,15105,9085
51554,15,Tlatlaya,Cerro Del Morado,Rancheria,,15105,9086
51554,15,Tlatlaya,El Revelado,Rancheria,,15105,9622
51555,15,Tlatlaya,El Potrero,Rancheria,,15105,27
51555,15,Tlatlaya,La Laguna Puerto De La Arena,Rancheria,,15105,42
51555,15,Tlatlaya,Puerto De La Arena,Pueblo,,15105,1296
51555,15,Tlatlaya,Plan De La Cuadrilla,Rancheria,,15105,9528
51556,15,Tlatlaya,Cuadrilla De Los Sotero,Rancheria,,15105,13
51556,15,Tlatlaya,Juntas Del Rio Limon,Rancheria,,15105,37
51556,15,Tlatlaya,San Mateo (San Mateo Guayatenco),Pueblo,,15105,1290
51556,15,Tlatlaya,El Limon,Rancheria,,15105,1297
51556,15,Tlatlaya,El Mango,Rancheria,,15105,9083
51556,15,Tlatlaya,Cuadrilla De Gutierrez,Rancheria,,15105,9578
51557,15,Tlatlaya,Los Ocotes,Pueblo,,15105,51
51557,15,Tlatlaya,San Juan Tetitlan,Pueblo,,15105,1288
51557,15,Tlatlaya,Benito Juarez,Colonia,,15105,9277
51558,15,Tlatlaya,Barriales,Rancheria,,15105,4
51558,15,Tlatlaya,La Cofradia,Rancheria,,15105,38
51558,15,Tlatlaya,Pueblo Nuevo,Colonia,,15105,9678
51559,15,Tlatlaya,Corral Parota (Tepehuastitlan),Rancheria,,15105,12
51559,15,Tlatlaya,La Guacamaya,Rancheria,,15105,41
51559,15,Tlatlaya,Mazatitla,Rancheria,,15105,53
51559,15,Tlatlaya,Cuadrilla De Flores,Rancheria,,15105,73
51559,15,Tlatlaya,Santa Cruz,Pueblo,,15105,1291
51559,15,Tlatlaya,Santa Maria,Pueblo,,15105,1292
51560,15,Tlatlaya,La Cubata,Rancheria,,15105,39
51560,15,Tlatlaya,Limon Terrero,Rancheria,,15105,47
51560,15,Tlatlaya,Azuchil,Rancheria,,15105,9625
51564,15,Tlatlaya,El Poroche,Rancheria,,15105,26
51564,15,Tlatlaya,El Tiquimil,Rancheria,,15105,32
51564,15,Tlatlaya,Los Bautistas (Cerro De Los Bautistas),Rancheria,,15105,49
51564,15,Tlatlaya,Las Juntas De Azuchil,Rancheria,,15105,9679
51565,15,Tlatlaya,El Devanador,Rancheria,,15105,16
51565,15,Tlatlaya,Vuelta Del Rio,Pueblo,,15105,1299
51566,15,Tlatlaya,Coahuilotes (Pueblo Nuevo),Rancheria,,15105,10
51566,15,Tlatlaya,El Naranjito (Naranjito Del Paso),Rancheria,,15105,24
51566,15,Tlatlaya,Ranchos Nuevos,Rancheria,,15105,68
51566,15,Tlatlaya,El Zapote (El Zapote San Antonio Del Rosario),Pueblo,,15105,1300
51566,15,Tlatlaya,Cacahuananche,Rancheria,,15105,8241
51568,15,Tlatlaya,La Lagunilla,Pueblo,,15105,1301
51569,15,Tlatlaya,Agua Fria,Rancheria,,15105,1
51569,15,Tlatlaya,La Vibora,Rancheria,,15105,44
51569,15,Tlatlaya,Las Juntas (Las Juntas Del Paso),Rancheria,,15105,46
51569,15,Tlatlaya,Paso De Jaquinicuil,Pueblo,,15105,1298
51569,15,Tlatlaya,El Naranjito,Barrio,,15105,1302
51569,15,Tlatlaya,El Reparo,Rancheria,,15105,9519
51569,15,Tlatlaya,El Ciruelo,Rancheria,,15105,9527
51569,15,Tlatlaya,Los Limones,Rancheria,,15105,9626
51570,15,Tlatlaya,Santa Ana Zicatecoyan,Pueblo,,15105,1303
51570,15,Tlatlaya,Tierra Blanca,Colonia,,15105,5218
51572,15,Tlatlaya,Barranca De Las Flores,Rancheria,,15105,3
51572,15,Tlatlaya,Chachalacatenco,Rancheria,,15105,7
51572,15,Tlatlaya,El Alambique,Rancheria,,15105,15
51572,15,Tlatlaya,Pena Colorada,Rancheria,,15105,56
51572,15,Tlatlaya,Pinzan Morado,Rancheria,,15105,60
51572,15,Tlatlaya,Plan Del Alambique,Rancheria,,15105,62
51573,15,Tlatlaya,El Monton,Rancheria,,15105,23
51573,15,Tlatlaya,El Tamarindo,Rancheria,,15105,31
51573,15,Tlatlaya,El Toroal,Rancheria,,15105,33
51573,15,Tlatlaya,San Juan Corral,Pueblo,,15105,1295
51573,15,Tlatlaya,La Parota,Rancheria,,15105,1333
51574,15,Tlatlaya,Los Hornos,Rancheria,,15105,50
51574,15,Tlatlaya,Pinzan Morado (Cerro Blanco),Rancheria,,15105,61
51574,15,Tlatlaya,Rio Topilar (Topilar),Rancheria,,15105,69
51575,15,Tlatlaya,Charco Del Lagarto,Rancheria,,15105,8
51575,15,Tlatlaya,El Manguito,Rancheria,,15105,22
51575,15,Tlatlaya,Pena Del Organo,Pueblo,,15105,1305
51576,15,Tlatlaya,Cuadrilla Nueva,Rancheria,,15105,14
51576,15,Tlatlaya,Juntas De Santa Ana Zicatecoyan,Rancheria,,15105,35
51576,15,Tlatlaya,El Zopilote,Pueblo,,15105,1306
51576,15,Tlatlaya,Moctezuma,Colonia,,15105,1307
51576,15,Tlatlaya,Rancho Cua,Rancheria,,15105,1308
51577,15,Tlatlaya,Amacuatitla,Rancheria,,15105,2
51577,15,Tlatlaya,Puerto Minatitlan,Rancheria,,15105,66
51577,15,Tlatlaya,Cruz Del Norte,Rancheria,,15105,1309
51577,15,Tlatlaya,El Gavilan,Rancheria,,15105,1310
51577,15,Tlatlaya,Puerto Seco,Pueblo,,15105,1311
51578,15,Tlatlaya,Cerro De Aguacatepec,Rancheria,,15105,6
51578,15,Tlatlaya,El Mango,Rancheria,,15105,21
51578,15,Tlatlaya,Corral De Piedra,Rancheria,,15105,1312
51578,15,Tlatlaya,Salitrillo,Rancheria,,15105,1313
51578,15,Tlatlaya,Rincon Del Aguacate,Pueblo,,15105,1314
51578,15,Tlatlaya,Salitre Grande,Rancheria,,15105,8229
51578,15,Tlatlaya,La Alcantarilla,Rancheria,,15105,8265
51579,15,Tlatlaya,El Suchual De Santa Ana (El Suchual),Rancheria,,15105,30
51579,15,Tlatlaya,San Felipe Tepehuastitlan,Rancheria,,15105,70
51579,15,Tlatlaya,Pie Del Cerro,Pueblo,,15105,1315
51579,15,Tlatlaya,Tejupilquito,Pueblo,,15105,1316
51579,15,Tlatlaya,La Cofradia,Rancho,,15105,9070
51579,15,Tlatlaya,Cuadrilla Del Cirian (Cirian Grande),Rancheria,,15105,9274
51580,15,Tlatlaya,El Limo,Rancheria,,15105,19
51580,15,Tlatlaya,San Francisco De Asis (San Francisco),Pueblo,,15105,1318
51580,15,Tlatlaya,Tlacocuspan (Tlacocuspan Santa Cruz),Pueblo,,15105,1323
51582,15,Tlatlaya,Palmar Grande,Pueblo,,15105,1327
51583,15,Tlatlaya,Macuatitla,Rancheria,,15105,52
51583,15,Tlatlaya,Pie Del Cerro San Vicente,Rancheria,,15105,58
51583,15,Tlatlaya,Palma Torcida,Pueblo,,15105,1320
51584,15,Tlatlaya,El Salitre Ojo De Agua,Rancheria,,15105,28
51584,15,Tlatlaya,Cuadrilla Nueva,Rancheria,,15105,72
51584,15,Tlatlaya,Ancon De Los Curieles,Barrio,,15105,1321
51584,15,Tlatlaya,El Higo Prieto,Rancheria,,15105,1322
51585,15,Tlatlaya,San Pedro Limon,Pueblo,,15105,1324
51586,15,Tlatlaya,El Naranjo Palmar Grande,Rancheria,,15105,25
51586,15,Tlatlaya,Palos Verdes,Pueblo,,15105,1325
51587,15,Tlatlaya,El Cascalote,Rancheria,,15105,5
51587,15,Tlatlaya,Cirian Grande,Rancheria,,15105,9
51587,15,Tlatlaya,El Guayabo,Rancheria,,15105,17
51587,15,Tlatlaya,El Llano,Rancheria,,15105,20
51587,15,Tlatlaya,Huixtitla,Rancheria,,15105,34
51587,15,Tlatlaya,Pena Blanca,Rancheria,,15105,55
51587,15,Tlatlaya,Rancho Viejo,Rancheria,,15105,67
51587,15,Tlatlaya,Mayaltepec,Pueblo,,15105,1326
51588,15,Tlatlaya,El Guitarratel,Rancheria,,15105,18
51588,15,Tlatlaya,El Sauz,Rancheria,,15105,29
51588,15,Tlatlaya,Puerto De Los Martinez,Rancheria,,15105,63
51588,15,Tlatlaya,Las Esmeraldas (Puerto Del Organo),Rancheria,,15105,64
51588,15,Tlatlaya,Las Esmeraldas,Rancheria,,15105,1328
51590,15,Tlatlaya,Rincon Grande,Pueblo,,15105,1331
51598,15,Tlatlaya,Las Juntas,Rancheria,,15105,45
51598,15,Tlatlaya,Palos Altos,Rancheria,,15105,54
51598,15,Tlatlaya,San Antonio Del Rosario,Pueblo,,15105,1317
51598,15,Tlatlaya,El Naranjo,Pueblo,,15105,1329
51598,15,Tlatlaya,Nuevo Copaltepec,Pueblo,,15105,1330
51598,15,Tlatlaya,El Temblor,Pueblo,,15105,1332
51599,15,Tlatlaya,La Parota,Rancheria,,15105,43
51599,15,Tlatlaya,Ancon De La Presa,Rancheria,,15105,9084
51600,15,Sultepec,Sultepec De Pedro Ascencio De Alquisiras,Pueblo,,15080,1340
51603,15,Sultepec,Capula,Pueblo,,15080,1347
51604,15,Sultepec,Hacienda De Real De Abajo (Santa Lucia),Rancheria,,15080,1348
51605,15,Sultepec,Diego Sanchez,Pueblo,,15080,1342
51605,15,Sultepec,La Cienega,Rancheria,,15080,1343
51606,15,Sultepec,Santa Cruz (Santa Cruz Texcalapa),Pueblo,,15080,1338
51606,15,Sultepec,Santo Tomas De Las Flores (Santo Tomas),Pueblo,,15080,1339
51607,15,Sultepec,La Albarrada,Rancheria,,15080,1344
51607,15,Sultepec,La Union,Pueblo,,15080,1345
51610,15,Sultepec,Sultepequito,Pueblo,,15080,1346
51610,15,Sultepec,San Isidro Xochitla,Pueblo,,15080,1361
51610,15,Sultepec,La Laguna,Barrio,,15080,6642
51610,15,Sultepec,San Miguel Terrero,Pueblo,,15080,7464
51613,15,Sultepec,Santa Anita,Pueblo,,15080,1353
51613,15,Sultepec,Pepechuca,Rancheria,,15080,1354
51613,15,Sultepec,San Hipolito Zacatales,Rancheria,,15080,1356
51613,15,Sultepec,Sultepequito,Ejido,,15080,7466
51614,15,Sultepec,Las Penas,Rancheria,,15080,1350
51614,15,Sultepec,El Rincon Del Cristo (Rinconada Del Cristo),Rancheria,,15080,1351
51614,15,Sultepec,El Cristo,Rancheria,,15080,1352
51614,15,Sultepec,El Momoxtle,Rancheria,,15080,1355
51620,15,Sultepec,Aserradero Viejo,Rancheria,,15080,1360
51620,15,Sultepec,Puerto Frio,Rancheria,,15080,7467
51620,15,Sultepec,La Troja Vieja,Rancheria,,15080,7468
51620,15,Sultepec,Los Epazotes,Rancheria,,15080,7474
51623,15,Sultepec,Puentecillas,Pueblo,,15080,1349
51623,15,Sultepec,Las Mesas,Rancheria,,15080,1357
51623,15,Sultepec,Cuatro Cruces,Rancheria,,15080,1375
51624,15,Sultepec,La Virgen,Ejido,,15080,1372
51624,15,Sultepec,San Jose El Potrero,Rancheria,,15080,1373
51624,15,Sultepec,Trojes,Pueblo,,15080,1374
51624,15,Sultepec,Segunda Manzana De Cuatro Cruces,Rancho,,15080,7469
51633,15,Sultepec,Manial De Guadalupe De Abajo,Rancheria,,15080,1367
51633,15,Sultepec,Manial De Guadalupe De Arriba,Pueblo,,15080,1368
51633,15,Sultepec,Cruz De Cedro,Rancheria,,15080,7470
51634,15,Sultepec,Mextepec,Pueblo,,15080,1336
51634,15,Sultepec,San Miguelito,Rancheria,,15080,1362
51634,15,Sultepec,El Ranchito,Rancheria,,15080,1364
51634,15,Sultepec,San Francisco De Asis,Rancheria,,15080,1365
51635,15,Sultepec,El Potrero (Potrero De Guadalupe),Rancheria,,15080,1369
51636,15,Sultepec,Potzontepec,Pueblo,,15080,1337
51636,15,Sultepec,El Calvarito,Pueblo,,15080,1363
51637,15,Sultepec,El Teamate,Pueblo,,15080,1334
51637,15,Sultepec,Salayatla,Rancheria,,15080,1358
51637,15,Sultepec,Salinas,Rancheria,,15080,1359
51637,15,Sultepec,Atzumpa,Pueblo,,15080,1366
51637,15,Sultepec,Rincon De Los Aguilares,Rancheria,,15080,1370
51640,15,Sultepec,San Pedro Hueyahualco,Pueblo,,15080,1371
51644,15,Sultepec,Jalpan (Jalpa),Pueblo,,15080,1335
51644,15,Sultepec,El Huizache,Rancheria,,15080,1380
51645,15,Sultepec,San Miguel Totolmaloya,Pueblo,,15080,1383
51645,15,Sultepec,Cojaltitla,Rancheria,,15080,1384
51645,15,Sultepec,Tenanguillo De Las Penas,Rancheria,,15080,1387
51645,15,Sultepec,Laguna Verde,Rancheria,,15080,1389
51646,15,Sultepec,El Naranjo,Rancheria,,15080,1385
51647,15,Sultepec,Puente Mocho,Rancheria,,15080,1
51647,15,Sultepec,San Jose Xochitla,Rancheria,,15080,1386
51650,15,Sultepec,Coquillo,Pueblo,,15080,1376
51650,15,Sultepec,Metlaltepec,Pueblo,,15080,1377
51650,15,Sultepec,Filo De Los Amates,Rancheria,,15080,1382
51650,15,Sultepec,Las Joyas,Rancheria,,15080,7472
51653,15,Sultepec,Laguna Seca,Rancheria,,15080,1378
51653,15,Sultepec,Capulatengo,Rancheria,,15080,1381
51654,15,Sultepec,San Nicolas Del Cobre (San Nicolas),Rancheria,,15080,1379
51654,15,Sultepec,Tehuilotepec,Rancheria,,15080,1388
51655,15,Sultepec,El Puerto Del Teamate (Puerto De Las Majadas),Rancheria,,15080,7471
51670,15,Texcaltitlan,Santa Maria,Barrio,,15097,1393
51670,15,Texcaltitlan,Texcaltitlan,Pueblo,,15097,1394
51670,15,Texcaltitlan,San Miguel,Barrio,,15097,1405
51670,15,Texcaltitlan,Acatitlan,Barrio,,15097,1410
51673,15,Texcaltitlan,Tlacotepec,Rancheria,,15097,1399
51673,15,Texcaltitlan,Venta Morales ( El Pedregal ),Rancheria,,15097,6636
51673,15,Texcaltitlan,Palo Amarillo,Rancheria,,15097,6637
51673,15,Texcaltitlan,El Agostadero,Rancheria,,15097,7509
51674,15,Texcaltitlan,Palmillas,Pueblo,,15097,1400
51674,15,Texcaltitlan,Ojo De Agua,Rancheria,,15097,6638
51674,15,Texcaltitlan,Venta Morales (La Laguna),Ejido,,15097,6641
51675,15,Texcaltitlan,San Agustin,Pueblo,,15097,1391
51675,15,Texcaltitlan,El Chapaneal,Pueblo,,15097,1401
51675,15,Texcaltitlan,Gavia Chica ( Rincon ),Rancheria,,15097,6640
51675,15,Texcaltitlan,Los Lirios,Rancheria,,15097,7508
51675,15,Texcaltitlan,Las Tablas (Las Tablas San Jose),Rancheria,,15097,7510
51675,15,Texcaltitlan,San Jose,Rancheria,,15097,7511
51676,15,Texcaltitlan,El Salto,Rancheria,,15097,1
51676,15,Texcaltitlan,Texcapilla,Pueblo,,15097,1395
51676,15,Texcaltitlan,Llano Grande,Rancheria,,15097,1402
51676,15,Texcaltitlan,Nueva Santa Maria,Rancheria,,15097,6639
51693,15,Texcaltitlan,Jesus Del Monte,Pueblo,,15097,1406
51693,15,Texcaltitlan,Yuytepec,Rancheria,,15097,1409
51694,15,Texcaltitlan,Agua Del Trebol,Rancheria,,15097,7512
51694,15,Texcaltitlan,Las Paredes,Rancheria,,15097,7513
51695,15,Texcaltitlan,Hueyatenco,Pueblo,,15097,1390
51695,15,Texcaltitlan,Carbajal,Colonia,,15097,1397
51695,15,Texcaltitlan,Noxtepec,Colonia,,15097,1398
51695,15,Texcaltitlan,Rastrojo Largo,Rancheria,,15097,7514
51696,15,Texcaltitlan,Chiquiuntepec (Chiquintepec),Colonia,,15097,1407
51697,15,Texcaltitlan,San Francisco,Pueblo,,15097,1392
51697,15,Texcaltitlan,Arroyo Seco,Colonia,,15097,1408
51700,15,Coatepec Harinas,Coatepec Harinas,Pueblo,,15021,1412
51700,15,Coatepec Harinas,Primera De San Miguel (La Punta),Rancheria,,15021,5219
51700,15,Coatepec Harinas,Segunda De Analco (La Presa),Rancheria,,15021,6682
51704,15,Coatepec Harinas,Segunda De San Miguel (El Cerrito),Barrio,,15021,7538
51705,15,Coatepec Harinas,Primera De Zacanguillo (Santo Nino Doctor),Rancheria,,15021,7539
51713,15,Coatepec Harinas,Guadalupe,Colonia,,15021,7540
51714,15,Coatepec Harinas,Cochisquila,Pueblo,,15021,1415
51714,15,Coatepec Harinas,Plan De San Francisco,Rancheria,,15021,6685
51714,15,Coatepec Harinas,Cuentla,Rancheria,,15021,7544
51715,15,Coatepec Harinas,Primera De Analco,Rancheria,,15021,6684
51716,15,Coatepec Harinas,Acuitlapilco,Pueblo,,15021,1411
51716,15,Coatepec Harinas,El Potrero,Colonia,,15021,1416
51720,15,Coatepec Harinas,San Jose Del Progreso (San Jose),Pueblo,,15021,1413
51720,15,Coatepec Harinas,Loma De Acuitlapilco,Pueblo,,15021,1421
51720,15,Coatepec Harinas,Santo Nino,Rancheria,,15021,7550
51720,15,Coatepec Harinas,San Martin El Salto,Rancheria,,15021,7551
51720,15,Coatepec Harinas,Zacatones (San Felipe De Jesus),Rancheria,,15021,7553
51723,15,Coatepec Harinas,La Providencia,Rancheria,,15021,1
51723,15,Coatepec Harinas,El Telar,Pueblo,,15021,1425
51723,15,Coatepec Harinas,Potrero Redondo,Pueblo,,15021,1426
51723,15,Coatepec Harinas,Agua Bendita,Pueblo,,15021,1431
51723,15,Coatepec Harinas,El Picacho,Rancheria,,15021,6688
51723,15,Coatepec Harinas,La Conchita,Rancheria,,15021,7547
51723,15,Coatepec Harinas,Las Trojes,Rancheria,,15021,7555
51724,15,Coatepec Harinas,Segunda Del Monte (La Presa),Pueblo,,15021,1420
51724,15,Coatepec Harinas,Primera Del Monte (La Presa),Pueblo,,15021,1422
51724,15,Coatepec Harinas,Primera De Santa Ana,Rancheria,,15021,5220
51724,15,Coatepec Harinas,Segunda De Zacanguillo,Rancheria,,15021,6681
51724,15,Coatepec Harinas,Segunda De Santa Ana,Barrio,,15021,7537
51725,15,Coatepec Harinas,Las Jaras,Rancheria,,15021,7554
51726,15,Coatepec Harinas,Agua Amarga,Pueblo,,15021,1423
51726,15,Coatepec Harinas,San Fernando,Rancheria,,15021,6683
51726,15,Coatepec Harinas,Los Fresnos,Rancheria,,15021,7558
51727,15,Coatepec Harinas,Tecolotepec,Pueblo,,15021,1424
51727,15,Coatepec Harinas,Teocotitla,Rancheria,,15021,6680
51727,15,Coatepec Harinas,El Potrerito (El Potrero),Rancheria,,15021,6687
51727,15,Coatepec Harinas,Capulin Redondo,Rancheria,,15021,7542
51727,15,Coatepec Harinas,Huayanalco,Rancheria,,15021,7545
51727,15,Coatepec Harinas,Piedras Anchas (Primera Del Monte),Rancheria,,15021,7549
51727,15,Coatepec Harinas,La Rosa,Rancheria,,15021,7556
51730,15,Coatepec Harinas,Puerta Del Carmen,Rancheria,,15021,1427
51730,15,Coatepec Harinas,Llano Grande,Pueblo,,15021,1430
51733,15,Coatepec Harinas,Meyuca De Morelos (Meyuca),Pueblo,,15021,1419
51733,15,Coatepec Harinas,Baja De Laja Azul,Pueblo,,15021,1428
51733,15,Coatepec Harinas,Alta De Laja Azul,Rancheria,,15021,7541
51734,15,Coatepec Harinas,El Reynoso,Pueblo,,15021,1417
51734,15,Coatepec Harinas,San Luis (Colonia Hidalgo),Rancheria,,15021,1418
51734,15,Coatepec Harinas,El Cedrito,Pueblo,,15021,1429
51735,15,Coatepec Harinas,Adolfo Lopez Mateos,Colonia,,15021,7543
51735,15,Coatepec Harinas,La Cercada,Rancheria,,15021,7546
51750,15,Coatepec Harinas,Chiltepec De Hidalgo,Pueblo,,15021,1432
51750,15,Coatepec Harinas,Las Vueltas,Pueblo,,15021,1433
51750,15,Coatepec Harinas,La Laguna,Rancheria,,15021,7557
51753,15,Coatepec Harinas,Monte De Las Vueltas,Rancheria,,15021,6686
51753,15,Coatepec Harinas,La Galera,Rancheria,,15021,7548
51754,15,Coatepec Harinas,Ixtlahuaca De Villada,Pueblo,,15021,1434
51754,15,Coatepec Harinas,Cruz De Piedra,Pueblo,,15021,1435
51754,15,Coatepec Harinas,Las Mesas,Pueblo,,15021,1436
51754,15,Coatepec Harinas,San Pedro,Rancheria,,15021,7552
51760,15,Villa Guerrero,San Francisco,Pueblo,,15113,1440
51760,15,Villa Guerrero,Villa Guerrero,Pueblo,,15113,1448
51760,15,Villa Guerrero,15 De Mayo,Unidad Habitacional,,15113,5170
51760,15,Villa Guerrero,Santa Cecilia,Barrio,,15113,8061
51765,15,Villa Guerrero,Buenavista,Pueblo,,15113,1437
51765,15,Villa Guerrero,San Felipe,Pueblo,,15113,1454
51765,15,Villa Guerrero,Jesus Carranza (Rancho De Jesus),Pueblo,,15113,1455
51765,15,Villa Guerrero,El Islote,Pueblo,,15113,1466
51765,15,Villa Guerrero,Ejido De San Mateo Coapexco,Rancheria,,15113,6600
51765,15,Villa Guerrero,Coxcacoaco,Rancheria,,15113,6602
51766,15,Villa Guerrero,El Progreso Hidalgo,Pueblo,,15113,1452
51767,15,Villa Guerrero,La Finca,Pueblo,,15113,1451
51767,15,Villa Guerrero,Potrero Nuevo,Pueblo,,15113,1453
51767,15,Villa Guerrero,Ejido De La Finca,Rancheria,,15113,6601
51773,15,Villa Guerrero,El Venturero Santa Maria Aranzazu,Rancheria,,15113,1
51773,15,Villa Guerrero,San Diego,Pueblo,,15113,1456
51773,15,Villa Guerrero,Cruz Vidriada,Pueblo,,15113,1458
51775,15,Villa Guerrero,Santa Maria Aranzazu (Santa Maria),Pueblo,,15113,1445
51775,15,Villa Guerrero,La Joya,Rancheria,,15113,6604
51776,15,Villa Guerrero,San Miguel,Pueblo,,15113,1444
51776,15,Villa Guerrero,San Lucas,Pueblo,,15113,1457
51777,15,Villa Guerrero,San Bartolome (San Bartolo),Pueblo,,15113,1439
51777,15,Villa Guerrero,San Jose,Pueblo,,15113,1442
51777,15,Villa Guerrero,El Moral,Pueblo,,15113,1459
51777,15,Villa Guerrero,Los Ranchos De San Jose,Rancheria,,15113,6603
51777,15,Villa Guerrero,Cuajimalpa (Los Cuervos),Rancheria,,15113,7427
51777,15,Villa Guerrero,Zanjillas San Bartolome,Rancheria,,15113,7430
51783,15,Villa Guerrero,San Mateo Coapexco,Pueblo,,15113,1443
51783,15,Villa Guerrero,Santiago Oxtotitlan,Pueblo,,15113,1446
51783,15,Villa Guerrero,Zacango,Pueblo,,15113,1449
51783,15,Villa Guerrero,Loma De Zacango (El Venturero),Rancheria,,15113,6605
51784,15,Villa Guerrero,Totolmajac,Pueblo,,15113,1447
51784,15,Villa Guerrero,El Carmen,Pueblo,,15113,1463
51784,15,Villa Guerrero,El Izote,Pueblo,,15113,1464
51784,15,Villa Guerrero,San Pedro Buenos Aires (San Pedro),Pueblo,,15113,1465
51785,15,Villa Guerrero,Porfirio Diaz,Pueblo,,15113,1438
51786,15,Villa Guerrero,San Gaspar,Pueblo,,15113,1441
51786,15,Villa Guerrero,La Loma De La Concepcion (La Loma),Rancheria,,15113,1460
51786,15,Villa Guerrero,Matlazinca,Pueblo,,15113,1461
51786,15,Villa Guerrero,Tequimilpa,Pueblo,,15113,1462
51786,15,Villa Guerrero,El Penon,Rancheria,,15113,7428
51786,15,Villa Guerrero,Potrero De La Sierra,Rancheria,,15113,7429
51800,15,Zacualpan,Paraje El Cuetzillo,Rancheria,,15117,5
51800,15,Zacualpan,Zacualpan,Pueblo,,15117,1469
51800,15,Zacualpan,Santiago,Pueblo,,15117,1474
51800,15,Zacualpan,Los Zapotes (Barrio San Jose),Barrio,,15117,5178
51800,15,Zacualpan,Tlapexco,Rancheria,,15117,7409
51810,15,Zacualpan,Huitzoltepec,Pueblo,,15117,1468
51813,15,Zacualpan,Ayotuxco,Pueblo,,15117,1467
51814,15,Zacualpan,San Juan,Rancheria,,15117,1
51814,15,Zacualpan,Coloxtitlan,Pueblo,,15117,1472
51814,15,Zacualpan,Tetzicapan (Texicapan),Colonia,,15117,1491
51815,15,Zacualpan,Gama De La Paz,Pueblo,,15117,1471
51815,15,Zacualpan,Zotzocola,Pueblo,,15117,1475
51815,15,Zacualpan,El Sitio,Pueblo,,15117,1477
51815,15,Zacualpan,San Jeronimo,Rancheria,,15117,7408
51816,15,Zacualpan,El Fresno,Pueblo,,15117,1478
51816,15,Zacualpan,El Salto,Pueblo,,15117,1480
51816,15,Zacualpan,El Durazno,Rancheria,,15117,6702
51817,15,Zacualpan,Tres Cruces,Rancheria,,15117,4
51817,15,Zacualpan,Rio Florido 2Da. Seccion,Pueblo,,15117,1481
51817,15,Zacualpan,El Colorin,Rancheria,,15117,7410
51817,15,Zacualpan,Rio Florido 1Ra. Seccion,Rancheria,,15117,7411
51820,15,Zacualpan,Piedra Parada,Pueblo,,15117,1482
51820,15,Zacualpan,Tepextitla 2Da. Seccion,Pueblo,,15117,1487
51825,15,Zacualpan,El Despoblado,Pueblo,,15117,1483
51825,15,Zacualpan,Agua Dulce,Rancheria,,15117,7412
51825,15,Zacualpan,Los Ejidos,Rancheria,,15117,7413
51826,15,Zacualpan,La Luz,Pueblo,,15117,1473
51826,15,Zacualpan,Las Huertas,Pueblo,,15117,1476
51826,15,Zacualpan,Apetlahuacan,Pueblo,,15117,1484
51827,15,Zacualpan,El Cortijo,Pueblo,,15117,1479
51827,15,Zacualpan,Los Planes Vista Hermosa,Rancheria,,15117,1485
51827,15,Zacualpan,Zacualpilla,Pueblo,,15117,1486
51827,15,Zacualpan,Tepextitla 1Ra. Seccion,Rancheria,,15117,7414
51850,15,Zacualpan,Los Barriales,Rancheria,,15117,2
51850,15,Zacualpan,Hueytecoxco,Rancheria,,15117,3
51850,15,Zacualpan,Tres Cruces,Rancheria,,15117,1488
51850,15,Zacualpan,Mamatla,Pueblo,,15117,1489
51850,15,Zacualpan,El Coyol,Rancheria,,15117,7407
51854,15,Zacualpan,Memetla,Barrio,,15117,5177
51854,15,Zacualpan,Cruz De Quiote,Rancheria,,15117,7415
51854,15,Zacualpan,La Mora,Rancheria,,15117,7416
51854,15,Zacualpan,Velixtla,Rancheria,,15117,7417
51855,15,Zacualpan,Teocaltzingo,Rancheria,,15117,1490
51855,15,Zacualpan,El Verdecillo,Rancheria,,15117,7418
51855,15,Zacualpan,La Trinidad,Rancheria,,15117,7419
51855,15,Zacualpan,Yolotepec,Rancheria,,15117,7420
51856,15,Zacualpan,Ixtayotla,Pueblo,,15117,1493
51856,15,Zacualpan,Coronas,Rancheria,,15117,7421
51857,15,Zacualpan,San Antonio Amealco,Pueblo,,15117,1492
51857,15,Zacualpan,Calatepec,Rancheria,,15117,7422
51857,15,Zacualpan,Huaxtitla,Rancheria,,15117,7423
51857,15,Zacualpan,La Cofradia,Rancheria,,15117,7424
51860,15,Almoloya De Alquisiras,Almoloya De Alquisiras,Pueblo,,15004,1495
51860,15,Almoloya De Alquisiras,Jaltepec De Arriba,Pueblo,,15004,1496
51860,15,Almoloya De Alquisiras,Cuarta Manzana,Rancheria,,15004,6700
51860,15,Almoloya De Alquisiras,Cerro De Tlapexco (Segunda Manzana),Barrio,,15004,8065
51863,15,Almoloya De Alquisiras,La Union Riva Palacio,Pueblo,,15004,1497
51863,15,Almoloya De Alquisiras,Totoltepec De La Paz,Pueblo,,15004,1503
51863,15,Almoloya De Alquisiras,Cerro Del Guayabo,Rancheria,,15004,7496
51863,15,Almoloya De Alquisiras,La Barranca,Rancheria,,15004,7499
51863,15,Almoloya De Alquisiras,La Guadalupana,Colonia,,15004,7500
51863,15,Almoloya De Alquisiras,Loma Larga,Rancheria,,15004,7502
51863,15,Almoloya De Alquisiras,Totoltepec De Arriba,Rancheria,,15004,7505
51864,15,Almoloya De Alquisiras,San Andres Tepetitlan,Pueblo,,15004,1500
51864,15,Almoloya De Alquisiras,Plutarco Gonzalez (Higueras),Pueblo,,15004,1508
51864,15,Almoloya De Alquisiras,Capulmanca,Rancheria,,15004,7495
51865,15,Almoloya De Alquisiras,Quinta Manzana,Pueblo,,15004,1504
51865,15,Almoloya De Alquisiras,Ahuacatitlan (Aguacatitlan),Pueblo,,15004,1505
51866,15,Almoloya De Alquisiras,Agua Fria,Pueblo,,15004,1494
51866,15,Almoloya De Alquisiras,Tepehuajes,Ejido,,15004,1502
51866,15,Almoloya De Alquisiras,Las Mesas,Pueblo,,15004,1506
51866,15,Almoloya De Alquisiras,Los Ranchos,Rancheria,,15004,7503
51866,15,Almoloya De Alquisiras,Mesa Del Rio,Rancheria,,15004,7504
51867,15,Almoloya De Alquisiras,Progreso Los Hernandez (Colonia Los Hernandez),Rancheria,,15004,1
51867,15,Almoloya De Alquisiras,San Antonio Pachuquilla,Pueblo,,15004,1498
51867,15,Almoloya De Alquisiras,Buenos Aires,Pueblo,,15004,1507
51867,15,Almoloya De Alquisiras,Llano De Las Casas,Pueblo,,15004,1514
51867,15,Almoloya De Alquisiras,San Jose Tizates (Tizates),Pueblo,,15004,1515
51867,15,Almoloya De Alquisiras,Vista Hermosa,Rancheria,,15004,7506
51870,15,Almoloya De Alquisiras,Cuauhtenco,Ejido,,15004,1509
51874,15,Almoloya De Alquisiras,Sexta Manzana,Rancheria,,15004,1510
51874,15,Almoloya De Alquisiras,Los Pinos,Rancheria,,15004,6701
51874,15,Almoloya De Alquisiras,El Mirador,Rancheria,,15004,7497
51874,15,Almoloya De Alquisiras,La Lobera,Rancheria,,15004,7501
51875,15,Almoloya De Alquisiras,Plan De Vigas,Pueblo,,15004,1499
51875,15,Almoloya De Alquisiras,Yerbabuena,Rancheria,,15004,7507
51880,15,Almoloya De Alquisiras,Los Perez,Rancheria,,15004,1511
51880,15,Almoloya De Alquisiras,Aquiapan,Rancheria,,15004,1512
51883,15,Almoloya De Alquisiras,Triguillos,Pueblo,,15004,1513
51883,15,Almoloya De Alquisiras,Cuevillas,Rancheria,,15004,9087
51900,15,Ixtapan De La Sal,Ixtapan De La Sal,Pueblo,,15040,1517
51904,15,Ixtapan De La Sal,Santa Ana,Barrio,,15040,5180
51904,15,Ixtapan De La Sal,San Pedro,Colonia,,15040,5184
51905,15,Ixtapan De La Sal,Santa Catarina,Colonia,,15040,5182
51905,15,Ixtapan De La Sal,10 De Agosto,Colonia,,15040,5188
51905,15,Ixtapan De La Sal,Revolucion,Colonia,,15040,5189
51906,15,Ixtapan De La Sal,Los Cedros,Colonia,,15040,5183
51906,15,Ixtapan De La Sal,Infonavit,Unidad Habitacional,,15040,5185
51906,15,Ixtapan De La Sal,5 De Febrero,Colonia,,15040,5190
51906,15,Ixtapan De La Sal,3 De Mayo,Colonia,,15040,6689
51907,15,Ixtapan De La Sal,San Gaspar,Barrio,,15040,5179
51907,15,Ixtapan De La Sal,Bugambilias,Fraccionamiento,,15040,5181
51907,15,Ixtapan De La Sal,Ixtapita,Colonia,,15040,5187
51910,15,Ixtapan De La Sal,El Abrojo,Pueblo,,15040,1523
51915,15,Ixtapan De La Sal,Los Naranjos,Pueblo,,15040,1527
51915,15,Ixtapan De La Sal,Juarez,Colonia,,15040,7530
51916,15,Ixtapan De La Sal,Ahuacatitlan,Pueblo,,15040,1516
51916,15,Ixtapan De La Sal,San Jose Del Arenal,Pueblo,,15040,1518
51916,15,Ixtapan De La Sal,San Miguel Laderas,Pueblo,,15040,1519
51916,15,Ixtapan De La Sal,Yerbas Buenas,Pueblo,,15040,1520
51916,15,Ixtapan De La Sal,Plan De San Miguel,Pueblo,,15040,1524
51916,15,Ixtapan De La Sal,El Rincon De Dios Yerbas Buenas,Rancheria,,15040,8949
51916,15,Ixtapan De La Sal,San Pablo,Rancheria,,15040,8951
51917,15,Ixtapan De La Sal,San Diego Alcala,Rancheria,,15040,1522
51917,15,Ixtapan De La Sal,Llano De La Union,Pueblo,,15040,1525
51917,15,Ixtapan De La Sal,Santa Ana Xochuca,Pueblo,,15040,1526
51917,15,Ixtapan De La Sal,Llano De San Diego,Rancheria,,15040,7531
51917,15,Ixtapan De La Sal,Palo Blanco,Colonia,,15040,7532
51917,15,Ixtapan De La Sal,El Progreso,Colonia,,15040,7533
51920,15,Ixtapan De La Sal,Tlacochaca,Pueblo,,15040,1528
51920,15,Ixtapan De La Sal,San Pedro Tlacochaca,Rancheria,,15040,7534
51920,15,Ixtapan De La Sal,San Andres,Rancheria,,15040,8952
51920,15,Ixtapan De La Sal,Portezuelos,Rancheria,,15040,8953
51923,15,Ixtapan De La Sal,Yautepec,Pueblo,,15040,1530
51924,15,Ixtapan De La Sal,El Salitre,Pueblo,,15040,1529
51924,15,Ixtapan De La Sal,Rancho San Diego,Fraccionamiento,,15040,7535
51924,15,Ixtapan De La Sal,Residencial Cipres,Fraccionamiento,,15040,8950
51930,15,Ixtapan De La Sal,Malinaltenango,Pueblo,,15040,1531
51933,15,Ixtapan De La Sal,Tecomatepec,Pueblo,,15040,1532
51933,15,Ixtapan De La Sal,San Alejo,Pueblo,,15040,1535
51933,15,Ixtapan De La Sal,Puerta Grande,Pueblo,,15040,1536
51933,15,Ixtapan De La Sal,El Refugio,Rancheria,,15040,6690
51933,15,Ixtapan De La Sal,El Arenal De Las Ollas,Rancheria,,15040,7536
51936,15,Ixtapan De La Sal,Coaxusco,Pueblo,,15040,1533
51937,15,Ixtapan De La Sal,Meson Nuevo,Pueblo,,15040,1534
51950,15,Tonatico,Tonatico Centro,Colonia,,15107,1546
51950,15,Tonatico,Santa Maria Norte,Barrio,,15107,5191
51950,15,Tonatico,San Sebastian,Barrio,,15107,5192
51950,15,Tonatico,San Gaspar,Barrio,,15107,5193
51950,15,Tonatico,Santa Maria Sur,Barrio,,15107,5194
51950,15,Tonatico,San Felipe,Barrio,,15107,5195
51950,15,Tonatico,Porton De Sueno,Unidad Habitacional,,15107,6177
51953,15,Tonatico,Paso De San Juan,Colonia,,15107,6181
51954,15,Tonatico,La Comunidad,Rancheria,,15107,6180
51955,15,Tonatico,San Miguel,Rancheria,,15107,1544
51956,15,Tonatico,El Rincon,Rancheria,,15107,1538
51956,15,Tonatico,El Trapiche,Colonia,,15107,6179
51959,15,Tonatico,Los Amates (San Jose De Los Amates),Rancheria,,15107,1549
51960,15,Tonatico,Tlacopan,Rancheria,,15107,1545
51963,15,Tonatico,La Audiencia,Rancheria,,15107,1540
51963,15,Tonatico,San Bartolo,Rancheria,,15107,1543
51964,15,Tonatico,Salinas,Rancheria,,15107,1542
51964,15,Tonatico,El Terrero,Rancheria,,15107,1550
51970,15,Tonatico,El Zapote,Rancheria,,15107,1539
51973,15,Tonatico,La Puerta De Santiago,Rancheria,,15107,1551
51974,15,Tonatico,Ojo De Agua,Rancheria,,15107,1537
51974,15,Tonatico,Colixtlahuacan,Rancheria,,15107,8923
51977,15,Tonatico,La Vega,Rancheria,,15107,1541
51980,15,Zumpahuacan,Santa Ana,Barrio,,15119,1
51980,15,Zumpahuacan,San Mateo,Barrio,,15119,2
51980,15,Zumpahuacan,Zumpahuacan,Pueblo,,15119,1554
51980,15,Zumpahuacan,San Juan,Pueblo,,15119,6948
51980,15,Zumpahuacan,San Pedro,Colonia,,15119,6949
51980,15,Zumpahuacan,San Agustin,Barrio,,15119,8145
51980,15,Zumpahuacan,San Miguel,Barrio,,15119,8147
51980,15,Zumpahuacan,La Ascension,Barrio,,15119,8201
51980,15,Zumpahuacan,La Cabecera,Barrio,,15119,8208
51984,15,Zumpahuacan,San Nicolas Palo Dulce,Colonia,,15119,11
51984,15,Zumpahuacan,Guadalupe Ahuacatlan,Pueblo,,15119,1559
51985,15,Zumpahuacan,Llano Del Copal,Rancheria,,15119,12
51985,15,Zumpahuacan,Santiaguito,Rancheria,,15119,8517
51986,15,Zumpahuacan,San Pablo Tejalpa,Pueblo,,15119,1553
51986,15,Zumpahuacan,Santa Catarina,Pueblo,,15119,6950
51986,15,Zumpahuacan,San Miguel Ateopa,Rancheria,,15119,8146
51987,15,Zumpahuacan,San Jose Tecontla,Rancheria,,15119,10
51987,15,Zumpahuacan,San Antonio Guadalupe,Pueblo,,15119,1556
51988,15,Zumpahuacan,Guadalupe Tlapizalco,Pueblo,,15119,1560
51989,15,Zumpahuacan,Santa Cruz De Los Pilares,Pueblo,,15119,1561
51990,15,Zumpahuacan,San Gaspar,Pueblo,,15119,1552
51994,15,Zumpahuacan,San Mateo Despoblado,Rancheria,,15119,6
51994,15,Zumpahuacan,Amolonca,Rancheria,,15119,13
51994,15,Zumpahuacan,Santa Maria La Asuncion,Pueblo,,15119,1557
51995,15,Zumpahuacan,Chiapa San Isidro,Rancheria,,15119,5
51995,15,Zumpahuacan,Guadalupe Chiltamalco,Rancheria,,15119,7
51995,15,Zumpahuacan,Santa Ana Despoblado,Rancheria,,15119,8
51995,15,Zumpahuacan,San Pedro Guadalupe (Despoblado),Rancheria,,15119,9
51995,15,Zumpahuacan,Santa Cruz Atempa,Pueblo,,15119,1558
51996,15,Zumpahuacan,Ahuatzingo,Pueblo,,15119,1555
51997,15,Zumpahuacan,El Zapote,Rancheria,,15119,4
51997,15,Zumpahuacan,Guadalupe Victoria,Colonia,,15119,1562
51997,15,Zumpahuacan,El Tamarindo,Rancheria,,15119,8298
52000,15,Lerma,Lerma De Villada Centro,Pueblo,,15051,1563
52004,15,Lerma,Hacienda Santa Clara,Fraccionamiento,,15051,9
52004,15,Lerma,Bosques De Lerma,Fraccionamiento,,15051,10
52004,15,Lerma,Parque Industrial Cerrillo I,Zona Industrial,,15051,1568
52004,15,Lerma,Parque Industrial Cerrillo Ii,Zona Industrial,,15051,1569
52004,15,Lerma,Parque Industrial Lerma,Zona Industrial,,15051,1570
52004,15,Lerma,Guadalupe La Cienega,Colonia,,15051,1571
52004,15,Lerma,La Mota,Colonia,,15051,1572
52004,15,Lerma,Isidro Fabela,Colonia,,15051,5196
52004,15,Lerma,Valle De Lerma,Fraccionamiento,,15051,5197
52004,15,Lerma,Cideco,Unidad Habitacional,,15051,5198
52004,15,Lerma,Auris,Unidad Habitacional,,15051,5199
52004,15,Lerma,Infonavit,Fraccionamiento,,15051,5200
52004,15,Lerma,Emiliano Zapata,Colonia,,15051,7392
52004,15,Lerma,Santa Clara,Fraccionamiento,,15051,7393
52004,15,Lerma,Los Cedros 400,Fraccionamiento,,15051,7394
52004,15,Lerma,La Bomba,Colonia,,15051,8150
52004,15,Lerma,Nueva Ameyalco,Colonia,,15051,8199
52004,15,Lerma,San Isidro,Colonia,,15051,8651
52004,15,Lerma,El Porvenir Ll,Colonia,,15051,9575
52005,15,Lerma,Los Olivos,Fraccionamiento,,15051,1
52005,15,Lerma,Valle De Encinos,Fraccionamiento,,15051,2
52005,15,Lerma,Residencial Tires,Fraccionamiento,,15051,3
52005,15,Lerma,La Toscana Residencial,Fraccionamiento,,15051,11
52005,15,Lerma,El Panteon,Colonia,,15051,1575
52005,15,Lerma,San Jose El Llanito,Pueblo,,15051,1578
52005,15,Lerma,Amomolulco,Pueblo,,15051,1585
52005,15,Lerma,Club De Golf Los Encinos,Fraccionamiento,,15051,5201
52006,15,Lerma,Hacienda Lerma,Fraccionamiento,,15051,12
52006,15,Lerma,El Calvario La Merced,Colonia,,15051,1579
52006,15,Lerma,La Estacion,Colonia,,15051,1580
52010,15,Lerma,El Arbol,Rancheria,,15051,7
52010,15,Lerma,San Nicolas Peralta,Pueblo,,15051,1565
52010,15,Lerma,Alvaro Obregon Tlalmimilolpan,Colonia,,15051,1581
52010,15,Lerma,La Loma,Colonia,,15051,8644
52010,15,Lerma,San Pablo,Colonia,,15051,8649
52020,15,Lerma,El Espino Peralta,Pueblo,,15051,1583
52020,15,Lerma,Casa Blanca (Tierras Nuevas),Colonia,,15051,8631
52030,15,Lerma,El Caracol,Colonia,,15051,8
52030,15,Lerma,San Pedro Tultepec,Pueblo,,15051,1584
52030,15,Lerma,Santa Cruz Tultepec,Pueblo,,15051,6606
52030,15,Lerma,Alfredo Del Mazo,Colonia,,15051,8523
52030,15,Lerma,Adolfo Lopez Mateos,Colonia,,15051,8656
52040,15,Lerma,El Tiradero,Colonia,,15051,6
52040,15,Lerma,San Miguel Ameyalco,Pueblo,,15051,1586
52040,15,Lerma,La Montoya,Rancheria,,15051,6610
52040,15,Lerma,Ojo De Agua,Colonia,,15051,8637
52040,15,Lerma,Cristo Rey,Colonia,,15051,8638
52043,15,Lerma,Santiago Analco,Pueblo,,15051,7390
52044,15,Lerma,Ejido De San Mateo Atarasquillo,Colonia,,15051,13
52044,15,Lerma,San Mateo Atarasquillo,Pueblo,,15051,1594
52044,15,Lerma,Santa Maria Atarasquillo,Pueblo,,15051,1597
52044,15,Lerma,Las Aguilas,Colonia,,15051,8636
52045,15,Lerma,Canada De Alferes,Pueblo,,15051,1587
52045,15,Lerma,Salazar,Pueblo,,15051,1588
52045,15,Lerma,Llano Capacho,Pueblo,,15051,8648
52046,15,Lerma,Santa Cruz Chignahuapan,Pueblo,,15051,6615
52047,15,Lerma,Agricola Analco,Colonia,,15051,1589
52047,15,Lerma,La Manga ( La Laguna ),Rancheria,,15051,6611
52047,15,Lerma,Cucuhapan,Colonia,,15051,8285
52047,15,Lerma,San Lorenzo Huitzizilapan,Ejido,,15051,8639
52050,15,Lerma,Dolores (Rancheria Dolores),Colonia,,15051,4
52050,15,Lerma,Flor De Gallo Huitzizilapan,Rancheria,,15051,5
52050,15,Lerma,Santa Maria Tlalmimilolpan,Pueblo,,15051,1566
52050,15,Lerma,La Concepcion Xochicuautla,Pueblo,,15051,1590
52050,15,Lerma,Metate Viejo Tlalmimilolpan,Pueblo,,15051,1591
52050,15,Lerma,San Agustin Huitzizilapan,Pueblo,,15051,1592
52050,15,Lerma,San Lorenzo Huitzizilapan,Pueblo,,15051,1593
52050,15,Lerma,San Pedro Huitzizilapan,Pueblo,,15051,1595
52050,15,Lerma,Santa Catarina,Pueblo,,15051,1596
52050,15,Lerma,Zacamulpa Huitzizilapan,Pueblo,,15051,1598
52050,15,Lerma,Zacamulpa Tlalmimilolpan,Pueblo,,15051,1599
52050,15,Lerma,Santa Cruz Huitzizilapan,Rancheria,,15051,6607
52050,15,Lerma,Guadalupe Victoria Huitzizilapan,Colonia,,15051,6617
52050,15,Lerma,Adolfo Lopez Mateos Huitzizilapan,Colonia,,15051,6618
52050,15,Lerma,N Dexi Huitzizilapan,Colonia,,15051,8642
52054,15,Lerma,San Francisco Xochicuautla,Pueblo,,15051,1564
52054,15,Lerma,Buenavista,Colonia,,15051,8634
52054,15,Lerma,La Joya,Colonia,,15051,8643
52055,15,Lerma,Barranca Grande,Pueblo,,15051,1582
52055,15,Lerma,Pueblo Nuevo Tlalmimilolpan,Pueblo,,15051,1600
52055,15,Lerma,La Reforma Tlalmimilolpan,Colonia,,15051,6608
52059,15,Lerma,La Unidad Huitzizilapan,Pueblo,,15051,6612
52059,15,Lerma,San Martin Las Rajas Huitzizilapan,Pueblo,,15051,6613
52059,15,Lerma,La Lupita ( Casas Viejas ),Pueblo,,15051,6614
52059,15,Lerma,Las Mesas Huitzizilapan,Pueblo,,15051,8646
52060,15,Xonacatlan,Villas Del Bosque,Fraccionamiento,,15115,2
52060,15,Xonacatlan,Xonacatlan,Colonia,,15115,1604
52060,15,Xonacatlan,Adolfo Lopez Mateos,Colonia,,15115,6970
52064,15,Xonacatlan,San Antonio,Colonia,,15115,5306
52065,15,Xonacatlan,Emiliano Zapata,Colonia,,15115,5165
52067,15,Xonacatlan,La Manga,Barrio,,15115,5309
52067,15,Xonacatlan,Francisco I. Madero,Colonia,,15115,6966
52067,15,Xonacatlan,El Espino,Colonia,,15115,8567
52067,15,Xonacatlan,La Jardona,Colonia,,15115,8568
52070,15,Xonacatlan,Santa Maria Zolotepec,Pueblo,,15115,1607
52070,15,Xonacatlan,5 De Mayo,Colonia,,15115,6968
52073,15,Xonacatlan,Los Laureles,Barrio,,15115,6959
52073,15,Xonacatlan,Lomas De Zolotepec (La Loma),Barrio,,15115,6963
52073,15,Xonacatlan,La Herradura,Barrio,,15115,6964
52074,15,Xonacatlan,San Pedro,Barrio,,15115,1
52074,15,Xonacatlan,San Miguel Mimiapan,Pueblo,,15115,1608
52074,15,Xonacatlan,Los Mesones,Barrio,,15115,6960
52074,15,Xonacatlan,La Cuesta,Barrio,,15115,8563
52074,15,Xonacatlan,San Juan,Barrio,,15115,8564
52075,15,Xonacatlan,La Canada,Barrio,,15115,7234
52076,15,Xonacatlan,Santiago Tejocotillos,Pueblo,,15115,1609
52076,15,Xonacatlan,El Rancho,Barrio,,15115,8562
52076,15,Xonacatlan,Celso Vicencio,Colonia,,15115,8566
52076,15,Xonacatlan,Paraje El Candelero,Colonia,,15115,8569
52076,15,Xonacatlan,Paraje Pipileros,Colonia,,15115,8570
52077,15,Xonacatlan,Santa Cruz,Barrio,,15115,8565
52077,15,Xonacatlan,San Juan El Potrero (El Potrero),Colonia,,15115,8571
52080,15,Otzolotepec,Villa Cuauhtemoc,Pueblo,,15067,1617
52082,15,Otzolotepec,De La Rosa,Barrio,,15067,19
52082,15,Otzolotepec,Solanos,Barrio,,15067,20
52082,15,Otzolotepec,San Agustin Mimbres,Pueblo,,15067,1619
52082,15,Otzolotepec,Fabrica Maria (Pilar Maria),Pueblo,,15067,1625
52083,15,Otzolotepec,De La Barranca,Barrio,,15067,4
52083,15,Otzolotepec,San Mateo Mozoquilpan,Pueblo,,15067,1614
52083,15,Otzolotepec,Santa Maria Tetitla,Pueblo,,15067,1616
52084,15,Otzolotepec,La Loma De Puente San Pedro,Barrio,,15067,5
52084,15,Otzolotepec,La Raya,Barrio,,15067,6
52084,15,Otzolotepec,La Paja,Colonia,,15067,13
52084,15,Otzolotepec,Puente San Pedro,Pueblo,,15067,8474
52085,15,Otzolotepec,De Mozoquilpan,Ejido,,15067,1
52085,15,Otzolotepec,De San Juan,Barrio,,15067,2
52085,15,Otzolotepec,De Santa Maria Tetitla,Ejido,,15067,3
52085,15,Otzolotepec,El Capulin,Barrio,,15067,14
52085,15,Otzolotepec,Santa Ana Mayorazgo,Pueblo,,15067,1613
52085,15,Otzolotepec,San Isidro Las Trojes,Pueblo,,15067,1620
52088,15,Otzolotepec,La Joya,Colonia,,15067,21
52088,15,Otzolotepec,Guadalupe Victoria,Colonia,,15067,1610
52088,15,Otzolotepec,La Y,Barrio,,15067,1623
52089,15,Otzolotepec,La Florida,Unidad Habitacional,,15067,8
52089,15,Otzolotepec,Villa Seca (La Providencia Villa Seca),Ejido,,15067,1624
52090,15,Otzolotepec,Zona Numero Cuatro San Mateo Capulhuac,Pueblo,,15067,9
52090,15,Otzolotepec,Zona Numero Uno San Mateo Capulhuac,Pueblo,,15067,10
52090,15,Otzolotepec,Zona Numero Tres San Mateo Capulhuac,Pueblo,,15067,11
52090,15,Otzolotepec,Zona Numero Dos San Mateo Capulhuac,Pueblo,,15067,12
52090,15,Otzolotepec,San Mateo Capulhuac,Pueblo,,15067,1618
52094,15,Otzolotepec,Rancho El Oxco,Colonia,,15067,16
52094,15,Otzolotepec,La Trampa,Colonia,,15067,17
52095,15,Otzolotepec,La Concepcion De Hidalgo,Pueblo,,15067,1611
52096,15,Otzolotepec,La Rosa,Colonia,,15067,15
52096,15,Otzolotepec,La Presa,Rancheria,,15067,18
52096,15,Otzolotepec,La Huanica,Pueblo,,15067,1612
52096,15,Otzolotepec,Santa Ana Jilotzingo,Pueblo,,15067,1615
52100,15,San Mateo Atenco,San Mateo Atenco Centro,Colonia,,15076,1626
52104,15,San Mateo Atenco,400 Uno Residencial,Fraccionamiento,,15076,1
52104,15,San Mateo Atenco,El Fortin,Fraccionamiento,,15076,2
52104,15,San Mateo Atenco,Espacio Uno Residecial,Fraccionamiento,,15076,3
52104,15,San Mateo Atenco,Hacienda Santa Maria,Fraccionamiento,,15076,4
52104,15,San Mateo Atenco,Residencial San Angel,Fraccionamiento,,15076,5
52104,15,San Mateo Atenco,Grafito,Fraccionamiento,,15076,6
52104,15,San Mateo Atenco,Fenix Residencial,Fraccionamiento,,15076,7
52104,15,San Mateo Atenco,Vitalia San Mateo,Fraccionamiento,,15076,8
52104,15,San Mateo Atenco,Hacienda Real Residencial,Fraccionamiento,,15076,9
52104,15,San Mateo Atenco,Tezontle,Fraccionamiento,,15076,10
52104,15,San Mateo Atenco,Los Perales Residencial,Fraccionamiento,,15076,11
52104,15,San Mateo Atenco,Villas La Magdalena 3,Fraccionamiento,,15076,12
52104,15,San Mateo Atenco,Carlos Hank Gonzalez,Unidad Habitacional,,15076,1628
52104,15,San Mateo Atenco,La Magdalena,Barrio,,15076,1629
52104,15,San Mateo Atenco,San Francisco,Barrio,,15076,1630
52104,15,San Mateo Atenco,San Juan,Barrio,,15076,1631
52104,15,San Mateo Atenco,San Miguel,Barrio,,15076,1632
52104,15,San Mateo Atenco,San Nicolas,Barrio,,15076,1633
52104,15,San Mateo Atenco,Santa Maria,Barrio,,15076,1634
52104,15,San Mateo Atenco,Santiago,Barrio,,15076,1635
52104,15,San Mateo Atenco,Cuauhtemoc,Fraccionamiento,,15076,7383
52104,15,San Mateo Atenco,Villas De Metepec San Mateo,Fraccionamiento,,15076,7385
52104,15,San Mateo Atenco,Rinconada San Carlos,Fraccionamiento,,15076,7387
52104,15,San Mateo Atenco,Hacienda El Dorado,Fraccionamiento,,15076,7388
52104,15,San Mateo Atenco,Hacienda El Dorado Ii,Fraccionamiento,,15076,7389
52104,15,San Mateo Atenco,Vista Verde,Fraccionamiento,,15076,8524
52105,15,San Mateo Atenco,Alvaro Obregon,Colonia,,15076,1637
52105,15,San Mateo Atenco,Buenavista,Colonia,,15076,1638
52105,15,San Mateo Atenco,La Concepcion,Barrio,,15076,1639
52105,15,San Mateo Atenco,San Isidro,Barrio,,15076,1640
52105,15,San Mateo Atenco,San Pedro,Barrio,,15076,1641
52105,15,San Mateo Atenco,Santa Elena,Fraccionamiento,,15076,1642
52107,15,San Mateo Atenco,Guadalupe,Barrio,,15076,1647
52107,15,San Mateo Atenco,San Lucas,Barrio,,15076,1648
52107,15,San Mateo Atenco,Villas De Atenco,Fraccionamiento,,15076,1649
52107,15,San Mateo Atenco,Olmos,Fraccionamiento,,15076,7384
52107,15,San Mateo Atenco,San Roman,Fraccionamiento,,15076,7386
52120,15,San Mateo Atenco,Reforma,Colonia,,15076,1646
52140,15,Metepec,Residencial Campestre Metepec,Fraccionamiento,,15054,2
52140,15,Metepec,Casa Del Pedregal,Fraccionamiento,,15054,3
52140,15,Metepec,Quinta Del Sol,Condominio,,15054,20
52140,15,Metepec,Residencial Los Cerezos,Condominio,,15054,21
52140,15,Metepec,Arcos Del Prado,Condominio,,15054,34
52140,15,Metepec,Villas Dulces,Condominio,,15054,36
52140,15,Metepec,El Mural,Condominio,,15054,37
52140,15,Metepec,Grand Regina Residencial,Condominio,,15054,38
52140,15,Metepec,El Campanario,Condominio,,15054,1650
52140,15,Metepec,Guerrero,Condominio,,15054,1653
52140,15,Metepec,La Herradura Iii,Fraccionamiento,,15054,1654
52140,15,Metepec,Los Morillos,Fraccionamiento,,15054,1656
52140,15,Metepec,Los Santos,Condominio,,15054,1657
52140,15,Metepec,Los Sauces Ii,Condominio,,15054,1659
52140,15,Metepec,Mayorazgo,Unidad Habitacional,,15054,1660
52140,15,Metepec,Metepec Centro,Colonia,,15054,1662
52140,15,Metepec,Puerta De Hierro,Condominio,,15054,1664
52140,15,Metepec,San Agustin,Condominio,,15054,1672
52140,15,Metepec,San Lorenzo Coacalco (San Lorenzo),Pueblo,,15054,1674
52140,15,Metepec,San Mateo,Barrio,,15054,1675
52140,15,Metepec,San Miguel,Barrio,,15054,1676
52140,15,Metepec,Santa Cruz,Barrio,,15054,1678
52140,15,Metepec,Santa Teresa,Fraccionamiento,,15054,1679
52140,15,Metepec,Villas Amozoc,Fraccionamiento,,15054,1680
52140,15,Metepec,Los Robles,Condominio,,15054,1709
52140,15,Metepec,Residencial Balmoral,Condominio,,15054,1721
52140,15,Metepec,Solar,Condominio,,15054,1723
52140,15,Metepec,La Herradura I,Condominio,,15054,1725
52140,15,Metepec,Residencial Alborada,Condominio,,15054,1726
52140,15,Metepec,La Joya,Condominio,,15054,1727
52140,15,Metepec,San Angel,Condominio,,15054,1728
52140,15,Metepec,Villa Dorada,Condominio,,15054,1729
52140,15,Metepec,Villas Chapultepec,Condominio,,15054,1730
52140,15,Metepec,Villas Esperanza,Condominio,,15054,1731
52140,15,Metepec,Villas Ii,Fraccionamiento,,15054,1732
52140,15,Metepec,Villas Iii,Fraccionamiento,,15054,1733
52140,15,Metepec,Espiritu Santo,Barrio,,15054,5088
52140,15,Metepec,Santiaguito,Barrio,,15054,5094
52140,15,Metepec,Coaxustenco,Barrio,,15054,5167
52140,15,Metepec,Villas Del Sol,Condominio,,15054,5509
52140,15,Metepec,Casa Magna,Condominio,,15054,5524
52140,15,Metepec,Quintas Las Manzanas,Fraccionamiento,,15054,8089
52140,15,Metepec,Villa Romana,Fraccionamiento,,15054,8259
52140,15,Metepec,Maple,Condominio,,15054,9271
52140,15,Metepec,Rincon Viejo,Fraccionamiento,,15054,9522
52143,15,Metepec,De La Asuncion,Barrio,,15054,8
52143,15,Metepec,Las Minas,Colonia,,15054,39
52143,15,Metepec,San Miguel Totocuitlapilco,Pueblo,,15054,1685
52144,15,Metepec,Condado Del Valle,Fraccionamiento,,15054,5
52144,15,Metepec,Agricola Alvaro Obregon,Colonia,,15054,1687
52144,15,Metepec,Residencial Foresta,Fraccionamiento,,15054,8938
52145,15,Metepec,San Lucas Tunco,Pueblo,,15054,1691
52146,15,Metepec,San Sebastian,Pueblo,,15054,1692
52147,15,Metepec,San Gaspar Tlahuelilpan,Pueblo,,15054,1693
52148,15,Metepec,Hacienda San Antonio,Fraccionamiento,,15054,4
52148,15,Metepec,Finca Real,Fraccionamiento,,15054,6
52148,15,Metepec,Los Sauces,Condominio,,15054,1658
52148,15,Metepec,Agricola Lazaro Cardenas,Colonia,,15054,1695
52148,15,Metepec,Llano Grande (El Salitre),Colonia,,15054,5093
52149,15,Metepec,Residencial La Loma,Condominio,,15054,23
52149,15,Metepec,Los Alamos,Fraccionamiento,,15054,1701
52149,15,Metepec,Andres Molina Enriquez,Unidad Habitacional,,15054,1703
52149,15,Metepec,La Virgen,Fraccionamiento,,15054,1706
52149,15,Metepec,Las Mitras,Condominio,,15054,1707
52149,15,Metepec,Lomas De San Isidro,Condominio,,15054,1708
52149,15,Metepec,Hacienda Del Bosque,Condominio,,15054,1711
52149,15,Metepec,Rincon De San Isidro,Condominio,,15054,1714
52149,15,Metepec,San Isidro Residencial,Fraccionamiento,,15054,1715
52149,15,Metepec,San Jose La Pilita,Colonia,,15054,1716
52149,15,Metepec,Valle Del Cristal,Condominio,,15054,1718
52149,15,Metepec,Villas San Agustin,Fraccionamiento,,15054,1719
52149,15,Metepec,Los Vitrales,Condominio,,15054,8090
52149,15,Metepec,Villas Magdalena,Condominio,,15054,8119
52149,15,Metepec,Villas Dante,Fraccionamiento,,15054,8481
52149,15,Metepec,Las Magnolias,Condominio,,15054,8509
52150,15,Metepec,El Manantial,Fraccionamiento,,15054,1
52150,15,Metepec,El Castano,Fraccionamiento,,15054,8056
52150,15,Metepec,La Antigua,Condominio,,15054,8091
52154,15,Metepec,Los Cedros,Fraccionamiento,,15054,1741
52154,15,Metepec,Villas Estefania,Condominio,,15054,1743
52154,15,Metepec,Real De Arcos,Condominio,,15054,5511
52155,15,Metepec,Virreyes,Condominio,,15054,1748
52156,15,Metepec,Chopos,Condominio,,15054,18
52156,15,Metepec,Olmos,Condominio,,15054,27
52156,15,Metepec,Los Girasoles,Condominio,,15054,1746
52156,15,Metepec,El Porton,Condominio,,15054,1749
52156,15,Metepec,Hipico,Fraccionamiento,,15054,1752
52156,15,Metepec,Villas Metepec,Condominio,,15054,1754
52156,15,Metepec,El Hipico,Colonia,,15054,8093
52157,15,Metepec,El Rodeo,Colonia,,15054,1756
52157,15,Metepec,Las Haciendas,Fraccionamiento,,15054,1758
52158,15,Metepec,Los Fresnos,Condominio,,15054,1761
52158,15,Metepec,Plazuelas De San Francisco,Condominio,,15054,1762
52158,15,Metepec,Rincon De San Gabriel,Condominio,,15054,1763
52158,15,Metepec,Rinconada San Carlos,Fraccionamiento,,15054,1764
52158,15,Metepec,San Francisco Coaxusco,Pueblo,,15054,1765
52158,15,Metepec,San Marino,Fraccionamiento,,15054,5674
52159,15,Metepec,Residencial Country Club,Fraccionamiento,,15054,1770
52159,15,Metepec,Fortanet,Fraccionamiento,,15054,1771
52159,15,Metepec,San Carlos,Fraccionamiento,,15054,1774
52159,15,Metepec,San Gabriel,Condominio,,15054,1775
52160,15,Metepec,El Arenal,Colonia,,15054,7
52160,15,Metepec,San Bartolome Tlaltelulco,Pueblo,,15054,1778
52160,15,Metepec,Santiaguito,Barrio,,15054,1780
52160,15,Metepec,Urbano Bonanza,Conjunto Habitacional,,15054,8088
52161,15,Metepec,Santa Maria Magdalena Ocotitlan,Pueblo,,15054,1781
52164,15,Metepec,El Encino,Condominio,,15054,40
52164,15,Metepec,San Jorge Pueblo Nuevo,Pueblo,,15054,1785
52164,15,Metepec,Union,Colonia,,15054,5092
52164,15,Metepec,Loma Real,Condominio,,15054,8092
52164,15,Metepec,Casa Del Valle,Fraccionamiento,,15054,9273
52164,15,Metepec,Residencial Las Palmas,Fraccionamiento,,15054,9531
52165,15,Metepec,Girona Residencial,Fraccionamiento,,15054,35
52165,15,Metepec,Las Margaritas,Fraccionamiento,,15054,1786
52165,15,Metepec,Agripin Garcia Estrada,Unidad Habitacional,,15054,1788
52165,15,Metepec,Santa Cruz Ocotitlan,Barrio,,15054,8186
52166,15,Metepec,Dr. Jorge Jimenez Cantu,Colonia,,15054,1789
52166,15,Metepec,La Michoacana,Colonia,,15054,1790
52166,15,Metepec,Luisa Isabel Campos De Jimenez Cantu,Colonia,,15054,1791
52167,15,Metepec,Alteza Residencial Metepec,Condominio,,15054,14
52167,15,Metepec,Bosques San Juan,Condominio,,15054,1793
52167,15,Metepec,Isidro Fabela,Unidad Habitacional,,15054,1796
52167,15,Metepec,Jesus Jimenez Gallardo,Fraccionamiento,,15054,1797
52167,15,Metepec,Residencial Las Americas,Fraccionamiento,,15054,1798
52167,15,Metepec,El Cipres,Condominio,,15054,1799
52167,15,Metepec,Villas San Gregorio,Condominio,,15054,1801
52167,15,Metepec,Municipal,Colonia,,15054,1805
52167,15,Metepec,Las Jaras,Colonia,,15054,5114
52167,15,Metepec,Estoril,Condominio,,15054,8094
52167,15,Metepec,Juan Fernandez Albarran,Condominio,,15054,8095
52168,15,Metepec,Residencial Veranda,Condominio,,15054,12
52168,15,Metepec,Prados De Ceboruco,Condominio,,15054,13
52168,15,Metepec,Solidaridad De Los Electricistas,Colonia,,15054,1807
52168,15,Metepec,Villas Alteza,Fraccionamiento,,15054,1809
52168,15,Metepec,Valle De San Javier,Condominio,,15054,8118
52169,15,Metepec,Juan Fernandez Albarran,Fraccionamiento,,15054,1810
52169,15,Metepec,Las Glorias,Condominio,,15054,1812
52169,15,Metepec,Los Nogales,Condominio,,15054,1813
52169,15,Metepec,Purisima,Colonia,,15054,1814
52169,15,Metepec,Real De San Javier,Fraccionamiento,,15054,1815
52169,15,Metepec,Xinantecatl,Fraccionamiento,,15054,1816
52170,15,Metepec,El Nogal,Condominio,,15054,19
52170,15,Metepec,Puerta Del Sol,Condominio,,15054,29
52170,15,Metepec,El Carmen,Condominio,,15054,1817
52170,15,Metepec,Real De San Jeronimo,Fraccionamiento,,15054,1818
52170,15,Metepec,San Jose,Condominio,,15054,1819
52170,15,Metepec,San Jeronimo,Condominio,,15054,1822
52170,15,Metepec,San Jeronimo Chicahualco,Pueblo,,15054,1823
52170,15,Metepec,Rinconada San Jeronimo,Condominio,,15054,5522
52170,15,Metepec,Quintas De San Jeronimo,Condominio,,15054,8086
52170,15,Metepec,Los Arboles I,Condominio,,15054,8232
52170,15,Metepec,Los Arboles Ii,Condominio,,15054,8233
52172,15,Metepec,Amarena Residencial,Condominio,,15054,9
52172,15,Metepec,Residencial Aria,Condominio,,15054,10
52172,15,Metepec,El Baldaquin Residencial,Condominio,,15054,11
52172,15,Metepec,Quinta Las Azaleas,Condominio,,15054,15
52172,15,Metepec,San Miguel Regla,Condominio,,15054,16
52172,15,Metepec,Bellavista,Condominio,,15054,17
52172,15,Metepec,Ibiza Residencial,Condominio,,15054,22
52172,15,Metepec,Los Almendros,Condominio,,15054,26
52172,15,Metepec,Portofino Royal Country Club,Fraccionamiento,,15054,28
52172,15,Metepec,Rancho El Silencio,Condominio,,15054,30
52172,15,Metepec,Lomas De La Asuncion,Condominio,,15054,31
52172,15,Metepec,Residencial Bosques De Ciruelos,Condominio,,15054,32
52172,15,Metepec,Bosques De La Asuncion,Condominio,,15054,33
52172,15,Metepec,Casa Real,Condominio,,15054,1722
52172,15,Metepec,Villas Kent Seccion Sauces,Condominio,,15054,1734
52172,15,Metepec,Residencial La Joya Diamante,Condominio,,15054,1772
52172,15,Metepec,Alsacia,Fraccionamiento,,15054,1824
52172,15,Metepec,Aquitania,Condominio,,15054,1825
52172,15,Metepec,Residencial San Salvador,Condominio,,15054,1826
52172,15,Metepec,Explanada Del Parque,Fraccionamiento,,15054,1827
52172,15,Metepec,Villas Kent Seccion Guadalupe,Condominio,,15054,1829
52172,15,Metepec,Issemym La Providencia,Condominio,,15054,1831
52172,15,Metepec,Real De Azaleas Ii,Condominio,,15054,1832
52172,15,Metepec,Real De Azaleas I,Condominio,,15054,1833
52172,15,Metepec,Lorena,Fraccionamiento,,15054,1834
52172,15,Metepec,Los Sauces,Condominio,,15054,1835
52172,15,Metepec,Paseo Normandia,Condominio,,15054,1836
52172,15,Metepec,La Asuncion,Fraccionamiento,,15054,1837
52172,15,Metepec,El Pueblito,Condominio,,15054,1838
52172,15,Metepec,Rancho San Lucas,Fraccionamiento,,15054,1840
52172,15,Metepec,Rinconada San Luis,Condominio,,15054,1841
52172,15,Metepec,San Salvador Tizatlalli,Pueblo,,15054,1843
52172,15,Metepec,Sur De La Hacienda,Condominio,,15054,1844
52172,15,Metepec,Esperanza Lopez Mateos,Unidad Habitacional,,15054,1845
52172,15,Metepec,Villas Kent Seccion El Nevado,Condominio,,15054,1846
52172,15,Metepec,Villas Santa Teresa,Condominio,,15054,1848
52172,15,Metepec,Villas Tizatlalli,Condominio,,15054,1849
52172,15,Metepec,Agricola Francisco I. Madero,Colonia,,15054,5090
52172,15,Metepec,Santa Cecilia,Condominio,,15054,5676
52172,15,Metepec,Estrella,Condominio,,15054,5679
52172,15,Metepec,Galapagos,Condominio,,15054,5682
52172,15,Metepec,Real De Azaleas Iii,Fraccionamiento,,15054,5683
52172,15,Metepec,San Antonio Regla,Condominio,,15054,5684
52172,15,Metepec,Santa Maria Regla,Condominio,,15054,5686
52172,15,Metepec,Habitat Metepec,Condominio,,15054,6586
52172,15,Metepec,Arbol De La Vida,Colonia,,15054,8096
52172,15,Metepec,Paseo Santa Elena,Condominio,,15054,8097
52172,15,Metepec,Santa Rita,Condominio,,15054,8098
52172,15,Metepec,Villas Los Arrayanes,Condominio,,15054,8099
52172,15,Metepec,San Miguel,Condominio,,15054,8102
52172,15,Metepec,El Pirul,Condominio,,15054,8113
52172,15,Metepec,La Capilla,Condominio,,15054,8114
52172,15,Metepec,Los Cisnes,Condominio,,15054,8115
52172,15,Metepec,Real De Azaleas,Condominio,,15054,8116
52172,15,Metepec,Mision Viejo,Fraccionamiento,,15054,8485
52172,15,Metepec,Palma Real,Fraccionamiento,,15054,8499
52172,15,Metepec,La Concordia,Condominio,,15054,8502
52172,15,Metepec,Altavista,Fraccionamiento,,15054,8894
52172,15,Metepec,Haciendas De Guadalupe,Fraccionamiento,,15054,9548
52175,15,Metepec,Casa Blanca,Colonia,,15054,1850
52175,15,Metepec,Los Arcos,Condominio,,15054,1853
52175,15,Metepec,La Noria,Fraccionamiento,,15054,5675
52175,15,Metepec,Renacimiento,Condominio,,15054,8103
52175,15,Metepec,Villas Casa Blanca,Condominio,,15054,8104
52176,15,Metepec,Arboledas I,Condominio,,15054,1739
52176,15,Metepec,Izcalli Cuauhtemoc I,Fraccionamiento,,15054,1856
52176,15,Metepec,Izcalli Cuauhtemoc Ii,Fraccionamiento,,15054,1857
52176,15,Metepec,Izcalli Cuauhtemoc Iii,Fraccionamiento,,15054,1858
52176,15,Metepec,Izcalli Cuauhtemoc Iv,Fraccionamiento,,15054,1859
52176,15,Metepec,Izcalli Cuauhtemoc V,Fraccionamiento,,15054,1860
52176,15,Metepec,Izcalli Cuauhtemoc Vi,Fraccionamiento,,15054,1861
52176,15,Metepec,Las Marinas,Fraccionamiento,,15054,1862
52176,15,Metepec,La Campesina,Colonia,,15054,8105
52176,15,Metepec,Rancho San Francisco,Fraccionamiento,,15054,8106
52177,15,Metepec,Residencial La Providencia,Fraccionamiento,,15054,24
52177,15,Metepec,Las Barcenas Residencial,Condominio,,15054,25
52177,15,Metepec,Campestre Del Valle,Condominio,,15054,1866
52177,15,Metepec,Residencial Citlalli,Condominio,,15054,1867
52177,15,Metepec,La Hortaliza,Unidad Habitacional,,15054,1868
52177,15,Metepec,La Providencia,Colonia,,15054,1869
52177,15,Metepec,Lazaro Cardenas,Unidad Habitacional,,15054,1870
52177,15,Metepec,Rancho La Providencia,Fraccionamiento,,15054,1871
52177,15,Metepec,Residencial La Gavia,Fraccionamiento,,15054,5091
52177,15,Metepec,El Alcazar,Condominio,,15054,5523
52177,15,Metepec,Villas Country,Condominio,,15054,8101
52177,15,Metepec,Rinconada Mexicana,Condominio,,15054,8117
52178,15,Metepec,Campestre Del Virrey,Fraccionamiento,,15054,1872
52178,15,Metepec,Las Viandas,Fraccionamiento,,15054,8257
52178,15,Metepec,Villas Campestre De Metepec,Condominio,,15054,9272
52179,15,Metepec,Arboledas Ii,Condominio,,15054,1874
52179,15,Metepec,Los Pilares,Fraccionamiento,,15054,1875
52179,15,Metepec,Pilares,Colonia,,15054,1878
52179,15,Metepec,Tollocan Ii,Unidad Habitacional,,15054,1879
52179,15,Metepec,Arcos I Y Ii,Condominio,,15054,8110
52179,15,Metepec,Diamante,Condominio,,15054,8111
52179,15,Metepec,El Ensueno,Condominio,,15054,8112
52180,15,Mexicaltzingo,San Mateo Mexicaltzingo Centro,Pueblo,,15055,1880
52182,15,Mexicaltzingo,San Jose,Colonia,,15055,7062
52182,15,Mexicaltzingo,Tecuanapa,Colonia,,15055,7063
52183,15,Mexicaltzingo,Azcapotzalco,Colonia,,15055,7064
52183,15,Mexicaltzingo,El Calvario Tepanuaya,Colonia,,15055,7065
52185,15,Mexicaltzingo,La Estacion,Colonia,,15055,7067
52185,15,Mexicaltzingo,Mazachulco,Colonia,,15055,7071
52189,15,Mexicaltzingo,San Isidro,Colonia,,15055,1882
52200,15,Calimaya,Calimaya De Diaz Gonzalez,Pueblo,,15018,1883
52200,15,Calimaya,San Pedro - San Pablo,Barrio,,15018,9435
52200,15,Calimaya,San Juan,Barrio,,15018,9441
52200,15,Calimaya,San Martin,Barrio,,15018,9444
52203,15,Calimaya,Los Angeles,Barrio,,15018,9437
52203,15,Calimaya,Santa Cecilia,Barrio,,15018,9446
52203,15,Calimaya,El Rosario,Barrio,,15018,9447
52203,15,Calimaya,Cruz De La Mision,Barrio,,15018,9452
52204,15,Calimaya,Cruz Verde,Barrio,,15018,9436
52204,15,Calimaya,Cruz Blanca,Barrio,,15018,9438
52204,15,Calimaya,Guadalupe,Barrio,,15018,9439
52204,15,Calimaya,Las Torres,Colonia,,15018,9445
52205,15,Calimaya,Sauces,Colonia,,15018,9440
52205,15,Calimaya,El Calvario,Barrio,,15018,9442
52210,15,Calimaya,Zaragoza De Guadalupe,Pueblo,,15018,1886
52210,15,Calimaya,La Loma,Colonia,,15018,9453
52210,15,Calimaya,Francisco Villa,Colonia,,15018,9455
52213,15,Calimaya,San Diego La Huerta,Pueblo,,15018,5169
52215,15,Calimaya,Las Jarillas,Colonia,,15018,9454
52220,15,Calimaya,San Andres Ocotlan,Pueblo,,15018,1889
52223,15,Calimaya,San Bartolito Tlaltelolco,Pueblo,,15018,1890
52224,15,Calimaya,La Concepcion Coatipac (La Conchita),Pueblo,,15018,1892
52224,15,Calimaya,Santa Cruz Tecuantitlan,Colonia,,15018,5156
52224,15,Calimaya,Valle Del Nevado,Fraccionamiento,,15018,9097
52225,15,Calimaya,Arboledas (San Andres),Colonia,,15018,9460
52226,15,Calimaya,Bosque De Las Fuentes Residencial,Fraccionamiento,,15018,1
52226,15,Calimaya,Residencial Valle De Las Fuentes,Fraccionamiento,,15018,3
52226,15,Calimaya,Villas De San Fernando,Fraccionamiento,,15018,4
52226,15,Calimaya,Residencial Rancho El Meson,Fraccionamiento,,15018,9457
52226,15,Calimaya,Vistahermosa (Rancho Los Jardines),Rancheria,,15018,9458
52227,15,Calimaya,Lomas Virreyes,Fraccionamiento,,15018,2
52227,15,Calimaya,Villas Del Campo,Fraccionamiento,,15018,8059
52227,15,Calimaya,Hacienda De Las Fuentes,Fraccionamiento,,15018,9512
52230,15,Calimaya,Santa Maria Nativitas,Pueblo,,15018,1888
52230,15,Calimaya,La Aurora Ii,Fraccionamiento,,15018,9448
52230,15,Calimaya,Residencial Santa Maria,Fraccionamiento,,15018,9449
52230,15,Calimaya,El Arenal,Colonia,,15018,9461
52233,15,Calimaya,San Lorenzo Cuauhtenco,Pueblo,,15018,1891
52233,15,Calimaya,La Guadalupana,Barrio,,15018,9451
52233,15,Calimaya,San Cristobal,Rancheria,,15018,9459
52234,15,Calimaya,San Marcos De La Cruz,Pueblo,,15018,1885
52236,15,Calimaya,El Tarimoro,Colonia,,15018,9456
52240,15,Chapultepec,Chapultepec,Pueblo,,15027,1893
52240,15,Chapultepec,El Calvario,Colonia,,15027,8663
52243,15,Chapultepec,Las Americas,Colonia,,15027,7059
52243,15,Chapultepec,Del Campesino,Colonia,,15027,7060
52244,15,Chapultepec,Ejido De Chapultepec (Paraje Las Viejitas),Colonia,,15027,1
52244,15,Chapultepec,Santa Teresa,Unidad Habitacional,,15027,7058
52250,15,Chapultepec,La Presa (Ejido De Chapultepec),Colonia,,15027,8661
52250,15,Chapultepec,San Isidro,Colonia,,15027,8662
52254,15,Chapultepec,Los Ciruelos (Rancho El Iris),Rancheria,,15027,8664
52254,15,Chapultepec,Vista Hermosa (Rancho El Huevito),Rancheria,,15027,8665
52280,15,San Antonio La Isla,Villas Del Sauce,Fraccionamiento,,15073,1
52280,15,San Antonio La Isla,Parque Agroindustrial San Antonio La Isla,Zona Industrial,,15073,2
52280,15,San Antonio La Isla,San Antonio La Isla,Pueblo,,15073,1895
52280,15,San Antonio La Isla,San Lucas Tepemajalco,Pueblo,,15073,1896
52280,15,San Antonio La Isla,Cuauhtemoc,Colonia,,15073,8578
52282,15,San Antonio La Isla,Ex Rancho San Dimas,Fraccionamiento,,15073,7056
52286,15,San Antonio La Isla,San Antonio,Rancheria,,15073,8577
52290,15,San Antonio La Isla,San Agustin,Rancheria,,15073,8576
52300,15,Tenango Del Valle,Tenango De Arista Centro,Colonia,,15090,1901
52300,15,Tenango Del Valle,San Isidro,Colonia,,15090,8156
52300,15,Tenango Del Valle,Buenos Aires,Colonia,,15090,9033
52300,15,Tenango Del Valle,Tenango De Arista,Colonia,,15090,9428
52300,15,Tenango Del Valle,Las Crucecitas,Colonia,,15090,9524
52303,15,Tenango Del Valle,Leon Guzman,Colonia,,15090,8513
52303,15,Tenango Del Valle,De Valle,Colonia,,15090,8963
52303,15,Tenango Del Valle,Parque Industrial,Colonia,,15090,9023
52303,15,Tenango Del Valle,Ojo De Agua,Colonia,,15090,9024
52303,15,Tenango Del Valle,Santa Martha,Colonia,,15090,9025
52303,15,Tenango Del Valle,Teotenango,Barrio,,15090,9026
52303,15,Tenango Del Valle,El Carrizal,Barrio,,15090,9027
52303,15,Tenango Del Valle,Santo Nino De Atocha,Barrio,,15090,9028
52303,15,Tenango Del Valle,Las Atoleras,Barrio,,15090,9029
52303,15,Tenango Del Valle,Magisterial,Fraccionamiento,,15090,9032
52303,15,Tenango Del Valle,Real De Tetela,Fraccionamiento,,15090,9041
52303,15,Tenango Del Valle,La Soya,Colonia,,15090,9042
52303,15,Tenango Del Valle,Guadalupe,Colonia,,15090,9043
52303,15,Tenango Del Valle,Del Bosque,Fraccionamiento,,15090,9044
52303,15,Tenango Del Valle,Narciso Bassols,Colonia,,15090,9429
52304,15,Tenango Del Valle,Campesina,Colonia,,15090,8157
52304,15,Tenango Del Valle,La Estacion,Barrio,,15090,9030
52304,15,Tenango Del Valle,San Jose,Colonia,,15090,9031
52304,15,Tenango Del Valle,La Tabla,Fraccionamiento,,15090,9039
52305,15,Tenango Del Valle,San Martin,Colonia,,15090,8204
52305,15,Tenango Del Valle,Magisterial,Colonia,,15090,8520
52305,15,Tenango Del Valle,La Joya,Colonia,,15090,8940
52305,15,Tenango Del Valle,El Festival,Colonia,,15090,9034
52305,15,Tenango Del Valle,Cruz Verde,Colonia,,15090,9035
52305,15,Tenango Del Valle,La Aurora,Fraccionamiento,,15090,9036
52305,15,Tenango Del Valle,Los Cedros,Barrio,,15090,9037
52305,15,Tenango Del Valle,Tecamicalli,Fraccionamiento,,15090,9038
52305,15,Tenango Del Valle,Gomez Tagle,Rancheria,,15090,9059
52307,15,Tenango Del Valle,El Coloso,Colonia,,15090,6727
52307,15,Tenango Del Valle,Monte Calvario,Colonia,,15090,6728
52310,15,Tenango Del Valle,San Francisco Tetetla,Rancheria,,15090,1898
52315,15,Tenango Del Valle,Santiaguito Cuaxustenco,Pueblo,,15090,1900
52315,15,Tenango Del Valle,El Paraiso,Fraccionamiento,,15090,8269
52316,15,Tenango Del Valle,El Cerrito (Los Charcos),Rancheria,,15090,9057
52316,15,Tenango Del Valle,Jose Herrera (La Deportiva),Rancheria,,15090,9065
52316,15,Tenango Del Valle,Loma San Joaquin,Rancheria,,15090,9066
52316,15,Tenango Del Valle,La Providencia,Rancheria,,15090,9067
52320,15,Tenango Del Valle,Santa Maria Jajalpa,Pueblo,,15090,1905
52320,15,Tenango Del Valle,La Hacienda De Cuautenango,Rancheria,,15090,9062
52330,15,Tenango Del Valle,San Pedro Zictepec,Pueblo,,15090,1899
52330,15,Tenango Del Valle,Lazaro Cardenas,Barrio,,15090,9046
52330,15,Tenango Del Valle,Cruz Blanca,Colonia,,15090,9061
52333,15,Tenango Del Valle,San Francisco Tepexoxuca,Barrio,,15090,1904
52333,15,Tenango Del Valle,Los Lavaderos,Barrio,,15090,9047
52334,15,Tenango Del Valle,La Herradura,Colonia,,15090,6726
52336,15,Tenango Del Valle,La Haciendita,Colonia,,15090,9063
52337,15,Tenango Del Valle,La Isleta,Colonia,,15090,9064
52340,15,Tenango Del Valle,San Francisco Putla,Pueblo,,15090,1909
52340,15,Tenango Del Valle,El Porvenir,Barrio,,15090,9045
52343,15,Tenango Del Valle,San Isidro,Colonia,,15090,9060
52345,15,Tenango Del Valle,San Miguel Balderas,Pueblo,,15090,1906
52346,15,Tenango Del Valle,Santa Cruz Pueblo Nuevo,Rancheria,,15090,1907
52346,15,Tenango Del Valle,Loma Rancho Juan Mendez,Rancheria,,15090,9049
52347,15,Tenango Del Valle,San Juan Tepehuizco,Colonia,,15090,9069
52350,15,Tenango Del Valle,San Bartolome Atlatlahuca,Pueblo,,15090,1910
52350,15,Tenango Del Valle,La Loma (Las Ruinas),Colonia,,15090,9054
52350,15,Tenango Del Valle,Los Cedros,Barrio,,15090,9055
52353,15,Tenango Del Valle,El Guarda,Rancheria,,15090,9051
52353,15,Tenango Del Valle,Acatzingo,Colonia,,15090,9052
52353,15,Tenango Del Valle,La Cooperativa,Colonia,,15090,9058
52354,15,Tenango Del Valle,Las Minas,Colonia,,15090,9056
52355,15,Tenango Del Valle,San Pedro Tlanixco,Pueblo,,15090,1908
52355,15,Tenango Del Valle,San Jose (Barranca Mocha),Colonia,,15090,9048
52355,15,Tenango Del Valle,El Zarzal,Colonia,,15090,9050
52356,15,Tenango Del Valle,La Azteca,Colonia,,15090,6729
52356,15,Tenango Del Valle,San Roman,Colonia,,15090,9068
52357,15,Tenango Del Valle,Santa Cecilia,Colonia,,15090,9053
52360,15,Rayon,Santa Maria Rayon Centro,Pueblo,,15072,1912
52362,15,Rayon,Ignacio Lopez Rayon,Colonia,,15072,7662
52362,15,Rayon,La Piramide,Colonia,,15072,7663
52362,15,Rayon,Los Cerritos,Rancheria,,15072,8712
52363,15,Rayon,Guadalupe,Colonia,,15072,7665
52363,15,Rayon,De La Cruz,Colonia,,15072,7666
52363,15,Rayon,Ninos Heroes,Colonia,,15072,7667
52363,15,Rayon,San Isidro,Colonia,,15072,7668
52364,15,Rayon,Santa Isabel,Colonia,,15072,7664
52364,15,Rayon,Sanabria,Rancheria,,15072,8714
52365,15,Rayon,San Juan La Isla,Pueblo,,15072,1911
52366,15,Rayon,Casa Blanca,Rancheria,,15072,1
52366,15,Rayon,La Asuncion,Colonia,,15072,7669
52366,15,Rayon,San Jose,Colonia,,15072,7670
52366,15,Rayon,La Joya,Colonia,,15072,7671
52367,15,Rayon,Ex-Hacienda Santiaguito,Colonia,,15072,8711
52370,15,Joquicingo,La Campana,Colonia,,15049,1
52370,15,Joquicingo,Joquicingo,Pueblo,,15049,1915
52370,15,Joquicingo,Cuarto Barrio,Barrio,,15049,8058
52370,15,Joquicingo,Tercer Barrio,Barrio,,15049,8235
52370,15,Joquicingo,Segundo Barrio,Barrio,,15049,8943
52374,15,Joquicingo,Maxtleca De Galeana,Pueblo,,15049,1918
52376,15,Joquicingo,El Ojo De Agua,Rancheria,,15049,7456
52380,15,Joquicingo,San Miguel De Ocampo,Pueblo,,15049,1919
52387,15,Joquicingo,Las Parcelas,Colonia,,15049,2
52387,15,Joquicingo,"San Pedro, Cerro Las Rosas [La Prepa]",Pueblo,,15049,1916
52387,15,Joquicingo,Techuchulco De Allende,Pueblo,,15049,1917
52390,15,Joquicingo,El Guarda De Guerrero (San Jose El Guarda),Pueblo,,15049,1914
52400,15,Tenancingo,San Vicente,Barrio,,15088,1
52400,15,Tenancingo,Nueva San Pedrito,Colonia,,15088,8
52400,15,Tenancingo,Santa Teresa,Barrio,,15088,9
52400,15,Tenancingo,La Campana,Barrio,,15088,10
52400,15,Tenancingo,Tenancingo De Degollado Centro,Colonia,,15088,1930
52400,15,Tenancingo,Issemym,Colonia,,15088,5152
52400,15,Tenancingo,San Pedrito,Colonia,,15088,8193
52400,15,Tenancingo,La Barranca,Colonia,,15088,9608
52403,15,Tenancingo,Los Shiperes,Colonia,,15088,5151
52403,15,Tenancingo,San Isidro,Pueblo,,15088,6749
52403,15,Tenancingo,El Chiflon,Colonia,,15088,9687
52410,15,Tenancingo,De Teotla,Barrio,,15088,2
52410,15,Tenancingo,Del Calvario,Colonia,,15088,3
52410,15,Tenancingo,Capilla De Guadalupe,Barrio,,15088,4
52410,15,Tenancingo,El Carrizal,Barrio,,15088,5
52410,15,Tenancingo,Atotonilco,Pueblo,,15088,6759
52410,15,Tenancingo,Tierra Blanca,Pueblo,,15088,6762
52410,15,Tenancingo,San Diego,Pueblo,,15088,7480
52410,15,Tenancingo,Morelos,Colonia,,15088,7481
52410,15,Tenancingo,Capilla De Los Remedios,Colonia,,15088,9577
52413,15,Tenancingo,San Antonio Agua Bendita,Pueblo,,15088,6761
52414,15,Tenancingo,Santa Ana Ixtlahuatzingo (Santa Ana),Pueblo,,15088,1929
52415,15,Tenancingo,La Compuerta,Pueblo,,15088,6756
52415,15,Tenancingo,La Ocotalera,Pueblo,,15088,6757
52415,15,Tenancingo,Rinconada De Santa Teresa,Colonia,,15088,6760
52416,15,Tenancingo,San Martin Coapaxtongo,Pueblo,,15088,1927
52416,15,Tenancingo,Francisco Zarco,Pueblo,,15088,6754
52416,15,Tenancingo,Plan De San Martin,Pueblo,,15088,7477
52416,15,Tenancingo,Los Morales,Pueblo,,15088,7478
52416,15,Tenancingo,La Mesita,Colonia,,15088,7479
52420,15,Tenancingo,Chalchihuapan,Pueblo,,15088,1921
52420,15,Tenancingo,San Juan Tetitlan,Pueblo,,15088,1937
52420,15,Tenancingo,Gualupita,Colonia,,15088,1940
52420,15,Tenancingo,San Ramon,Pueblo,,15088,6750
52420,15,Tenancingo,San Mateo,Colonia,,15088,7493
52420,15,Tenancingo,14 De Marzo,Colonia,,15088,7494
52423,15,Tenancingo,San Juan Xochiaca,Pueblo,,15088,1933
52423,15,Tenancingo,San Gabriel Zepayautla,Pueblo,,15088,1934
52424,15,Tenancingo,San Simonito,Pueblo,,15088,1928
52425,15,Tenancingo,San Miguel Tecomatlan,Pueblo,,15088,1938
52425,15,Tenancingo,San Pedro Ejido Tecomatlan,Pueblo,,15088,6947
52426,15,Tenancingo,Tepoxtepec,Pueblo,,15088,1932
52427,15,Tenancingo,Guadalupe Victoria,Colonia,,15088,6755
52427,15,Tenancingo,Santa Cruz Xochiaca,Pueblo,,15088,7490
52430,15,Tenancingo,Ixpuichiapan,Ejido,,15088,6752
52430,15,Tenancingo,San Jose El Cuartel,Colonia,,15088,7492
52433,15,Tenancingo,Plan De Guadalupe,Rancheria,,15088,7
52433,15,Tenancingo,San Jose Teneria (Teneria),Pueblo,,15088,1926
52433,15,Tenancingo,Cruz Vidriada,Pueblo,,15088,1939
52433,15,Tenancingo,Ejido De Teneria (El Llano),Colonia,,15088,6751
52433,15,Tenancingo,Emiliano Zapata Ejido De Tenancingo,Colonia,,15088,6753
52433,15,Tenancingo,Valle De Guadalupe,Colonia,,15088,7488
52434,15,Tenancingo,San Jose Chalmita,Pueblo,,15088,1925
52435,15,Tenancingo,Acatzingo (Acatzingo De La Piedra),Pueblo,,15088,1920
52435,15,Tenancingo,Ixpuichiapan,Pueblo,,15088,1923
52435,15,Tenancingo,Tepalcatepec,Pueblo,,15088,1931
52435,15,Tenancingo,Tepetzingo,Pueblo,,15088,1936
52435,15,Tenancingo,Quetzalapa,Pueblo,,15088,1941
52435,15,Tenancingo,Terrenate,Pueblo,,15088,1942
52435,15,Tenancingo,Santa Teresita Acatzingo,Pueblo,,15088,1943
52435,15,Tenancingo,La Lagunilla,Pueblo,,15088,6758
52435,15,Tenancingo,Ejercito Del Trabajo,Colonia,,15088,7483
52435,15,Tenancingo,Emiliano Zapata Ejido Tepetzingo,Colonia,,15088,7484
52435,15,Tenancingo,San Francisco Tepetzingo,Colonia,,15088,7485
52436,15,Tenancingo,Vimate,Fraccionamiento,,15088,6
52436,15,Tenancingo,El Salitre,Pueblo,,15088,1922
52436,15,Tenancingo,La Trinidad,Colonia,,15088,1924
52436,15,Tenancingo,Pueblo Nuevo,Pueblo,,15088,1946
52436,15,Tenancingo,La Cienega,Colonia,,15088,7491
52436,15,Tenancingo,Las Casuarinas,Colonia,,15088,9609
52437,15,Tenancingo,El Carmen (El Desierto Del Carmen),Pueblo,,15088,1944
52437,15,Tenancingo,San Nicolas,Pueblo,,15088,1945
52437,15,Tenancingo,Convento Del Santo Desierto Del Carmen,Pueblo,,15088,7476
52437,15,Tenancingo,Lazaro Cardenas Ixpuchiapan,Colonia,,15088,7486
52437,15,Tenancingo,La Loma,Pueblo,,15088,7487
52440,15,Malinalco,La Soledad,Barrio,,15052,1
52440,15,Malinalco,San Guillermo,Barrio,,15052,2
52440,15,Malinalco,San Martin,Barrio,,15052,3
52440,15,Malinalco,San Pedro,Barrio,,15052,4
52440,15,Malinalco,Santa Maria,Barrio,,15052,5
52440,15,Malinalco,Malinalco,Pueblo,,15052,1947
52440,15,Malinalco,Campos De San Martin,Rancheria,,15052,7439
52440,15,Malinalco,San Juan,Colonia,,15052,8203
52440,15,Malinalco,Santa Monica,Barrio,,15052,8236
52443,15,Malinalco,San Nicolas,Pueblo,,15052,1948
52443,15,Malinalco,Jesus Maria,Rancheria,,15052,6747
52443,15,Malinalco,San Sebastian,Rancheria,,15052,6748
52444,15,Malinalco,San Simon El Alto,Pueblo,,15052,1949
52460,15,Malinalco,Chalma,Pueblo,,15052,1953
52460,15,Malinalco,Tepopula,Rancheria,,15052,7433
52463,15,Malinalco,Pachuquilla,Pueblo,,15052,1954
52463,15,Malinalco,Palmar De Guadalupe,Pueblo,,15052,1960
52463,15,Malinalco,El Zapote,Rancheria,,15052,7443
52464,15,Malinalco,La Ladrillera,Pueblo,,15052,1951
52464,15,Malinalco,Puente Caporal (La Guancha),Rancheria,,15052,1955
52464,15,Malinalco,El Puentecito,Pueblo,,15052,1959
52464,15,Malinalco,La Loma,Rancheria,,15052,7436
52465,15,Malinalco,Jalmolonga (La Hacienda),Pueblo,,15052,1952
52465,15,Malinalco,Amate Amarillo,Pueblo,,15052,1956
52465,15,Malinalco,La Huerta,Colonia,,15052,7437
52465,15,Malinalco,Loma Del Coporo,Rancheria,,15052,7438
52466,15,Malinalco,Monte Grande,Pueblo,,15052,1957
52466,15,Malinalco,La Joya Redonda,Rancheria,,15052,7444
52467,15,Malinalco,Planta Alameda,Pueblo,,15052,1958
52467,15,Malinalco,Los Tepehuajes (Los Tepeguajes),Rancheria,,15052,7445
52467,15,Malinalco,Palo Dulce,Rancheria,,15052,7447
52470,15,Malinalco,Noxtepec De Zaragoza (El Aguacate),Rancheria,,15052,1961
52470,15,Malinalco,Santa Maria Xoquiac,Pueblo,,15052,1964
52473,15,Malinalco,San Pedro Chichicasco (San Pedro),Rancheria,,15052,1962
52473,15,Malinalco,El Platanar,Pueblo,,15052,1963
52473,15,Malinalco,Chichicasco El Viejo,Rancheria,,15052,7446
52476,15,Malinalco,Juarez,Colonia,,15052,1965
52477,15,Malinalco,Aldama,Colonia,,15052,1966
52477,15,Malinalco,Hidalgo,Colonia,,15052,1967
52477,15,Malinalco,San Andres Nicolas Bravo,Pueblo,,15052,1968
52477,15,Malinalco,La Angostura,Rancheria,,15052,7440
52477,15,Malinalco,Emiliano Zapata,Rancheria,,15052,7442
52480,15,Ocuilan,El Cerrito (El Calvario),Rancheria,,15063,1
52480,15,Ocuilan,Ocuilan De Arteaga,Pueblo,,15063,1971
52480,15,Ocuilan,El Puente,Rancheria,,15063,6764
52480,15,Ocuilan,Santa Maria (Tlacutapa),Rancheria,,15063,6770
52480,15,Ocuilan,San Sebastian,Pueblo,,15063,7523
52483,15,Ocuilan,La Canada,Pueblo,,15063,1979
52483,15,Ocuilan,Chalmita,Pueblo,,15063,1984
52484,15,Ocuilan,El Ahuehuete,Pueblo,,15063,1969
52484,15,Ocuilan,La Cienega,Pueblo,,15063,1970
52484,15,Ocuilan,Santa Cruz Tezontepec (Totoltepec),Pueblo,,15063,1973
52484,15,Ocuilan,Santa Monica,Pueblo,,15063,1975
52484,15,Ocuilan,El Picacho (San Antonio El Picacho),Rancheria,,15063,1982
52484,15,Ocuilan,Reforma Agraria (El Pedregal),Rancheria,,15063,6768
52484,15,Ocuilan,La Haciendita,Rancheria,,15063,7517
52484,15,Ocuilan,Amola (San Isidro Amola),Rancheria,,15063,7521
52484,15,Ocuilan,Tlecuilco,Rancheria,,15063,7525
52485,15,Ocuilan,La Esperanza (El Arenal),Pueblo,,15063,1980
52486,15,Ocuilan,Doctor Gustavo Baz,Colonia,,15063,1983
52486,15,Ocuilan,Cinco Caminos,Rancheria,,15063,6763
52487,15,Ocuilan,Coyoltepec,Rancheria,,15063,1981
52490,15,Ocuilan,La Lagunita,Pueblo,,15063,1986
52490,15,Ocuilan,Los Manantiales (El Rio Chiquito),Rancheria,,15063,6766
52490,15,Ocuilan,Plaza Nueva,Rancheria,,15063,6767
52493,15,Ocuilan,Ahuatenco,Rancheria,,15063,1987
52493,15,Ocuilan,Ajuchitlan,Rancheria,,15063,7515
52493,15,Ocuilan,Mexicapa,Rancheria,,15063,7519
52493,15,Ocuilan,Tlatempa,Rancheria,,15063,7524
52494,15,Ocuilan,Pastoria (La Pastora),Pueblo,,15063,1989
52494,15,Ocuilan,Santa Ana,Rancheria,,15063,6769
52494,15,Ocuilan,Tepetzingo (Tepezingo),Rancheria,,15063,6772
52494,15,Ocuilan,Las Trojes,Rancheria,,15063,7518
52495,15,Ocuilan,San Juan Atzingo,Pueblo,,15063,1972
52495,15,Ocuilan,Santa Lucia,Pueblo,,15063,1974
52495,15,Ocuilan,Santa Martha,Pueblo,,15063,1985
52495,15,Ocuilan,Lomas De Teocaltzingo (Loma De Tecalzingo),Rancheria,,15063,6765
52495,15,Ocuilan,Santa Maria Nativitas,Rancheria,,15063,6771
52496,15,Ocuilan,San Jose El Totoc,Rancheria,,15063,1988
52496,15,Ocuilan,El Capulin,Rancheria,,15063,7516
52497,15,Ocuilan,Pueblo Nuevo,Rancheria,,15063,7520
52497,15,Ocuilan,San Isidro,Rancheria,,15063,7522
52500,15,Atizapan,Libertad,Colonia,,15012,1
52500,15,Atizapan,El Palomar,Colonia,,15012,3
52500,15,Atizapan,Santa Cruz Atizapan,Pueblo,,15012,1991
52500,15,Atizapan,El Tepiolol,Colonia,,15012,8615
52503,15,Atizapan,Magisterial,Colonia,,15012,8613
52504,15,Atizapan,Llano Grande,Colonia,,15012,2
52504,15,Atizapan,Tepozoco,Colonia,,15012,8614
52506,15,Atizapan,La Remolacha,Colonia,,15012,8616
52540,15,Almoloya Del Rio,Almoloya Del Rio,Pueblo,,15006,1992
52540,15,Almoloya Del Rio,Loma Linda,Colonia,,15006,6882
52540,15,Almoloya Del Rio,Campesina-Emiliano Zapata,Colonia,,15006,7057
52542,15,Almoloya Del Rio,La Puerta,Colonia,,15006,6881
52543,15,Almoloya Del Rio,La Florida (El Jaguey),Colonia,,15006,1
52570,15,Texcalyacac,Las Maravillas,Colonia,,15098,1
52570,15,Texcalyacac,Mexicapan,Barrio,,15098,2
52570,15,Texcalyacac,San Mateo Texcalyacac,Pueblo,,15098,1993
52570,15,Texcalyacac,La Joya Maravillas,Colonia,,15098,6725
52600,15,Tianguistenco,El Capulin,Fraccionamiento,,15101,2
52600,15,Tianguistenco,Santiago Tianguistenco De Galeana,Pueblo,,15101,1998
52600,15,Tianguistenco,Guadalupe Rhon De Hank,Colonia,,15101,5512
52600,15,Tianguistenco,Izcalli,Unidad Habitacional,,15101,5514
52600,15,Tianguistenco,Parque Industrial Santiago Tianguistenco,Zona Industrial,,15101,5515
52600,15,Tianguistenco,Cipreses,Fraccionamiento,,15101,5516
52600,15,Tianguistenco,Jardines De Santiago,Fraccionamiento,,15101,5517
52600,15,Tianguistenco,La Mora,Fraccionamiento,,15101,5518
52600,15,Tianguistenco,San Cayetano,Colonia,,15101,5519
52600,15,Tianguistenco,20 De Noviembre,Conjunto Habitacional,,15101,7527
52603,15,Tianguistenco,Guadalupe Yancuictlalpan (Gualupita),Pueblo,,15101,1
52603,15,Tianguistenco,Las Granjas,Colonia,,15101,7528
52604,15,Tianguistenco,San Isidro,Rancheria,,15101,8608
52607,15,Tianguistenco,La Palma,Colonia,,15101,5513
52613,15,Tianguistenco,San Jose Mezapa Seccion I,Pueblo,,15101,1996
52613,15,Tianguistenco,San Jose Mezapa Seccion Ii,Pueblo,,15101,6889
52614,15,Tianguistenco,San Lorenzo Huehuetitlan,Pueblo,,15101,1997
52640,15,Tianguistenco,San Pedro Tlaltizapan,Pueblo,,15101,2001
52640,15,Tianguistenco,San Miguel (368),Colonia,,15101,8600
52644,15,Tianguistenco,El Buen Suceso,Rancheria,,15101,8607
52645,15,Tianguistenco,Ex-Hacienda De Atenco,Rancheria,,15101,2002
52645,15,Tianguistenco,San Isidro,Colonia,,15101,8602
52645,15,Tianguistenco,El Tejocote,Rancheria,,15101,8604
52646,15,Tianguistenco,Las Chinampas,Rancheria,,15101,3
52650,15,Tianguistenco,Santiago Tilapa,Pueblo,,15101,2005
52653,15,Tianguistenco,Coamilpa De Juarez,Pueblo,,15101,5645
52654,15,Tianguistenco,El Mirasol,Pueblo,,15101,2003
52656,15,Tianguistenco,La Magdalena De Los Reyes,Pueblo,,15101,2004
52656,15,Tianguistenco,Santa Cruz De Bravo,Pueblo,,15101,6895
52656,15,Tianguistenco,El Apilulco,Colonia,,15101,8603
52660,15,Tianguistenco,Villa De San Nicolas Coatepec De Las Bateas,Pueblo,,15101,2006
52664,15,Tianguistenco,Tierra Colorada,Colonia,,15101,5157
52664,15,Tianguistenco,Chiquixpac Seccion Ii,Rancheria,,15101,6893
52664,15,Tianguistenco,Chiquixpac Seccion I,Rancheria,,15101,7529
52664,15,Tianguistenco,Pueblo Nuevo,Colonia,,15101,8606
52664,15,Tianguistenco,Techmaninalli,Rancheria,,15101,8609
52664,15,Tianguistenco,Tzitzicazapa,Colonia,,15101,8611
52665,15,Tianguistenco,San Bartolo Del Progreso (San Bartolo),Pueblo,,15101,2008
52665,15,Tianguistenco,La Lagunilla,Rancheria,,15101,2009
52665,15,Tianguistenco,Tlacuitlapa,Pueblo,,15101,2011
52665,15,Tianguistenco,Campesina,Colonia,,15101,6892
52665,15,Tianguistenco,Meztitla,Colonia,,15101,8605
52665,15,Tianguistenco,Texoconalco,Colonia,,15101,8610
52665,15,Tianguistenco,Mumana-Atl,Rancheria,,15101,8612
52666,15,Tianguistenco,Tlacomulco,Pueblo,,15101,2010
52666,15,Tianguistenco,Antlantlacpac,Rancheria,,15101,6891
52667,15,Tianguistenco,Ocotenco,Pueblo,,15101,2007
52667,15,Tianguistenco,Ahuatenco,Pueblo,,15101,6890
52667,15,Tianguistenco,Tlaminca,Pueblo,,15101,6896
52680,15,Xalatlaco,Xalatlaco,Pueblo,,15043,2012
52680,15,Xalatlaco,San Agustin,Barrio,,15043,7077
52680,15,Xalatlaco,San Bartolo,Barrio,,15043,7078
52680,15,Xalatlaco,San Francisco,Barrio,,15043,7079
52680,15,Xalatlaco,San Juan,Barrio,,15043,7080
52680,15,Xalatlaco,Techichili,Barrio,,15043,8624
52683,15,Xalatlaco,San Bartolito,Colonia,,15043,8617
52683,15,Xalatlaco,Coxto,Rancheria,,15043,8618
52683,15,Xalatlaco,Mezapa La Fabrica,Colonia,,15043,8623
52684,15,Xalatlaco,Morelos,Pueblo,,15043,2014
52684,15,Xalatlaco,Tejocotes,Pueblo,,15043,6887
52685,15,Xalatlaco,Santa Fe Mezapa,Pueblo,,15043,2015
52686,15,Xalatlaco,Aguila (La Mesa),Pueblo,,15043,1
52686,15,Xalatlaco,Coexapa,Pueblo,,15043,2016
52686,15,Xalatlaco,El Yete,Rancheria,,15043,8619
52688,15,Xalatlaco,San Juan Tomasquillo,Pueblo,,15043,2018
52688,15,Xalatlaco,Cruz Larga,Pueblo,,15043,6888
52689,15,Xalatlaco,Potrero,Pueblo,,15043,2019
52689,15,Xalatlaco,Escalerillas (Barrio San Francisco),Rancheria,,15043,8620
52690,15,Xalatlaco,El Capulin,Pueblo,,15043,2020
52690,15,Xalatlaco,Jaras Verdes,Rancheria,,15043,8621
52690,15,Xalatlaco,Las Cocinas,Rancheria,,15043,8622
52700,15,Capulhuac,Capulhuac De Mirafuentes Centro,Colonia,,15019,2021
52700,15,Capulhuac,San Juan Bautista,Colonia,,15019,7455
52710,15,Capulhuac,San Miguel Almaya,Pueblo,,15019,2023
52710,15,Capulhuac,San Nicolas Tlazala,Pueblo,,15019,2024
52710,15,Capulhuac,Lomas De San Juan,Pueblo,,15019,6884
52710,15,Capulhuac,Agua Blanca,Pueblo,,15019,6885
52710,15,Capulhuac,La Cuchillla,Ejido,,15019,7453
52710,15,Capulhuac,Valle De Los Sauces,Fraccionamiento,,15019,8087
52713,15,Capulhuac,Guadalupe Victoria,Pueblo,,15019,2025
52714,15,Capulhuac,La Lagunilla,Colonia,,15019,9090
52714,15,Capulhuac,Capetillo,Rancheria,,15019,9093
52720,15,Capulhuac,San Isidro,Barrio,,15019,5300
52723,15,Capulhuac,La Poza,Colonia,,15019,9091
52723,15,Capulhuac,Hueyutitla,Rancheria,,15019,9092
52730,15,Capulhuac,San Miguelito,Barrio,,15019,5301
52730,15,Capulhuac,Molino De San Cayetano,Colonia,,15019,7448
52733,15,Capulhuac,Santa Maria Coaxusco,Barrio,,15019,5302
52733,15,Capulhuac,La Cruz,Colonia,,15019,6883
52740,15,Ocoyoacac,Centro Ocoyoacac,Colonia,,15062,2028
52740,15,Ocoyoacac,Santa Maria,Barrio,,15062,5162
52740,15,Ocoyoacac,San Miguel,Barrio,,15062,5163
52740,15,Ocoyoacac,Coapanoaya,Barrio,,15062,8228
52740,15,Ocoyoacac,El Bellotal,Colonia,,15062,8581
52740,15,Ocoyoacac,Ejido La Campana,Colonia,,15062,8583
52743,15,Ocoyoacac,Bosque De Los Encinos,Fraccionamiento,,15062,2
52743,15,Ocoyoacac,Hacienda San Martin,Fraccionamiento,,15062,3
52743,15,Ocoyoacac,Ejidal Emiliano Zapata,Colonia,,15062,5
52743,15,Ocoyoacac,Juarez (Los Chirinos),Colonia,,15062,2035
52743,15,Ocoyoacac,La Marquesa,Rancheria,,15062,2036
52743,15,Ocoyoacac,Rio Hondito,Colonia,,15062,5507
52743,15,Ocoyoacac,Ortiz Rubio (Jajalpa),Colonia,,15062,6703
52743,15,Ocoyoacac,Ex-Hacienda Jajalpa,Fraccionamiento,,15062,8249
52743,15,Ocoyoacac,San Miguel (Posito Del Olvido),Barrio,,15062,8579
52743,15,Ocoyoacac,Canada Honda,Rancheria,,15062,8580
52743,15,Ocoyoacac,El Penon,Rancheria,,15062,8584
52743,15,Ocoyoacac,El Portezuelo,Rancheria,,15062,8585
52743,15,Ocoyoacac,El Zarco (Las Truchas),Rancheria,,15062,8586
52743,15,Ocoyoacac,La Conchita,Rancheria,,15062,8588
52750,15,Ocoyoacac,Loma Bonita,Barrio,,15062,5506
52750,15,Ocoyoacac,Texcalpa (Ex-Hacienda Texcalpa),Rancheria,,15062,8592
52753,15,Ocoyoacac,San Jeronimo Acazulco,Pueblo,,15062,2029
52753,15,Ocoyoacac,Loma De Los Esquiveles,Colonia,,15062,5505
52753,15,Ocoyoacac,Joquicingo,Rancheria,,15062,8587
52753,15,Ocoyoacac,La Lomita,Rancheria,,15062,8589
52753,15,Ocoyoacac,Valle Del Silencio [Parque Recreativo],Rancheria,,15062,8593
52754,15,Ocoyoacac,San Pedro Atlapulco,Pueblo,,15062,2031
52754,15,Ocoyoacac,Cruz De La Mision,Rancheria,,15062,8582
52754,15,Ocoyoacac,San Isidro Tehualtepec,Rancheria,,15062,8590
52754,15,Ocoyoacac,San Pedro,Rancheria,,15062,8591
52755,15,Ocoyoacac,Benevento,Fraccionamiento,,15062,4
52755,15,Ocoyoacac,Santiaguito,Barrio,,15062,5160
52755,15,Ocoyoacac,Tepexoyuca,Barrio,,15062,5276
52756,15,Ocoyoacac,El Pedregal De Guadalupe Hidalgo,Pueblo,,15062,2033
52756,15,Ocoyoacac,El Pirame,Colonia,,15062,6704
52756,15,Ocoyoacac,Guadalupe Victoria,Colonia,,15062,6705
52756,15,Ocoyoacac,Puerta Del Carmen,Fraccionamiento,,15062,7101
52757,15,Ocoyoacac,San Antonio El Llanito,Zona Industrial,,15062,1
52757,15,Ocoyoacac,San Pedro Cholula,Pueblo,,15062,2034
52757,15,Ocoyoacac,Estacion Maclovio Herrera,Zona Industrial,,15062,5508
52757,15,Ocoyoacac,El Llano Del Compromiso,Colonia,,15062,7106
52760,15,Huixquilucan,El Cerrito,Rancheria,,15037,2037
52760,15,Huixquilucan,Huixquilucan De Degollado Centro,Colonia,,15037,2038
52760,15,Huixquilucan,San Ramon,Barrio,,15037,2051
52760,15,Huixquilucan,San Martin,Barrio,,15037,5557
52760,15,Huixquilucan,San Melchor,Barrio,,15037,5558
52760,15,Huixquilucan,San Juan Bautista,Barrio,,15037,5559
52760,15,Huixquilucan,El Plan,Rancheria,,15037,7818
52760,15,Huixquilucan,San Miguel,Barrio,,15037,8190
52760,15,Huixquilucan,El Retiro,Rancheria,,15037,8910
52763,15,Huixquilucan,Vista Horizonte,Fraccionamiento,,15037,3
52763,15,Huixquilucan,Hacienda De Las Palmas,Fraccionamiento,,15037,2041
52763,15,Huixquilucan,Villa Florence,Fraccionamiento,,15037,2042
52764,15,Huixquilucan,Jesus Del Monte,Colonia,,15037,2043
52764,15,Huixquilucan,La Retama,Colonia,,15037,2044
52765,15,Huixquilucan,Esfuerzo Obrero,Colonia,,15037,2045
52765,15,Huixquilucan,Industria Militar Y Cove,Colonia,,15037,2046
52765,15,Huixquilucan,San Fernando,Colonia,,15037,2048
52766,15,Huixquilucan,San Jacinto,Rancheria,,15037,2050
52766,15,Huixquilucan,Santiago Yancuitlalpan,Pueblo,,15037,2052
52766,15,Huixquilucan,Zacamulpa,Pueblo,,15037,2053
52766,15,Huixquilucan,El Mirasol,Rancheria,,15037,8908
52767,15,Huixquilucan,Ignacio Allende,Pueblo,,15037,2054
52767,15,Huixquilucan,El Palacio,Pueblo,,15037,5066
52767,15,Huixquilucan,El Xiguiro,Barrio,,15037,8911
52768,15,Huixquilucan,San Juan Yautepec,Pueblo,,15037,2055
52769,15,Huixquilucan,La Canada,Rancheria,,15037,2056
52769,15,Huixquilucan,La Cima,Colonia,,15037,2057
52769,15,Huixquilucan,Agua De Santo,Rancheria,,15037,8902
52770,15,Huixquilucan,Paseos Del Bosque,Condominio,,15037,1
52770,15,Huixquilucan,Las Canteras,Colonia,,15037,2076
52773,15,Huixquilucan,Magdalena Chichicaspa,Pueblo,,15037,2059
52773,15,Huixquilucan,Del Rio,Barrio,,15037,8903
52773,15,Huixquilucan,La Manzana (La Rinconada),Barrio,,15037,8904
52773,15,Huixquilucan,Magdalena Chichicaspa (Las Campanitas),Ejido,,15037,8905
52773,15,Huixquilucan,El Escobal,Barrio,,15037,8906
52773,15,Huixquilucan,El Manzano,Barrio,,15037,8907
52773,15,Huixquilucan,La Capilla,Rancheria,,15037,8912
52774,15,Huixquilucan,El Pedregal,Colonia,,15037,2060
52774,15,Huixquilucan,Bosque Real,Fraccionamiento,,15037,5059
52774,15,Huixquilucan,Arenal,Colonia,,15037,5060
52775,15,Huixquilucan,Constituyentes De 1917,Colonia,,15037,2061
52775,15,Huixquilucan,Tierra Y Libertad,Colonia,,15037,2063
52776,15,Huixquilucan,Loma Del Carmen,Colonia,,15037,2065
52776,15,Huixquilucan,La Unidad,Colonia,,15037,5058
52777,15,Huixquilucan,Federal Burocratica,Colonia,,15037,2066
52777,15,Huixquilucan,El Bosque,Colonia,,15037,5057
52777,15,Huixquilucan,Paradice,Unidad Habitacional,,15037,5465
52778,15,Huixquilucan,Palo Solo,Colonia,,15037,2068
52778,15,Huixquilucan,Ampliacion Palo Solo,Colonia,,15037,5056
52779,15,Huixquilucan,Conjunto Urbano Green House,Fraccionamiento,,15037,2069
52779,15,Huixquilucan,Monton Cuarteles,Colonia,,15037,2071
52779,15,Huixquilucan,Pirules,Colonia,,15037,2072
52779,15,Huixquilucan,Lomas Country Club,Fraccionamiento,,15037,5084
52780,15,Huixquilucan,Bosques De Las Lomas,Colonia,,15037,5
52780,15,Huixquilucan,Lomas De Tecamachalco Seccion Bosques I Y Ii,Fraccionamiento,,15037,2073
52780,15,Huixquilucan,Lomas De Tecamachalco Seccion Cumbres,Colonia,,15037,2074
52783,15,Huixquilucan,Rinconada De La Herradura,Fraccionamiento,,15037,2067
52783,15,Huixquilucan,Bosques De La Herradura,Fraccionamiento,,15037,2075
52784,15,Huixquilucan,La Herradura,Fraccionamiento,,15037,2077
52784,15,Huixquilucan,La Herradura Seccion Iii,Fraccionamiento,,15037,2078
52784,15,Huixquilucan,La Herradura Seccion Ii,Fraccionamiento,,15037,2079
52784,15,Huixquilucan,La Herradura Seccion I,Fraccionamiento,,15037,2080
52785,15,Huixquilucan,Jardines De La Herradura,Colonia,,15037,158
52785,15,Huixquilucan,Balcones De La Herradura,Fraccionamiento,,15037,2081
52785,15,Huixquilucan,Galardon,Conjunto Habitacional,,15037,2082
52785,15,Huixquilucan,Lomas De La Herradura,Fraccionamiento,,15037,2083
52786,15,Huixquilucan,Lomas Anahuac,Fraccionamiento,,15037,2084
52786,15,Huixquilucan,Magnocentro,Fraccionamiento,,15037,2085
52786,15,Huixquilucan,Parques De La Herradura,Fraccionamiento,,15037,2086
52787,15,Huixquilucan,Bosques De Las Palmas,Fraccionamiento,,15037,2087
52787,15,Huixquilucan,Paseo De Las Palmas,Fraccionamiento,,15037,2089
52787,15,Huixquilucan,Villa De Las Lomas,Colonia,,15037,2090
52787,15,Huixquilucan,Valle De Las Palmas,Fraccionamiento,,15037,5085
52787,15,Huixquilucan,Interlomas,Colonia,,15037,5604
52787,15,Huixquilucan,Palmas Altas Residencial,Condominio,,15037,5605
52788,15,Huixquilucan,Frondoso Torres,Condominio,,15037,2091
52788,15,Huixquilucan,Lomas De Las Palmas,Fraccionamiento,,15037,2092
52788,15,Huixquilucan,Lomas Del Olivo,Fraccionamiento,,15037,2093
52788,15,Huixquilucan,Privada Del Bosque,Fraccionamiento,,15037,7888
52789,15,Huixquilucan,El Olivo,Colonia,,15037,2095
52789,15,Huixquilucan,Lomas Del Sol,Fraccionamiento,,15037,2097
52790,15,Huixquilucan,San Francisco Dos Rios,Pueblo,,15037,2098
52790,15,Huixquilucan,La Pera,Colonia,,15037,5062
52793,15,Huixquilucan,San Bartolome Coatepec,Pueblo,,15037,2058
52793,15,Huixquilucan,Paraje El Mirador,Colonia,,15037,2099
52793,15,Huixquilucan,Paraje Trejo (El Chaparral),Colonia,,15037,5061
52793,15,Huixquilucan,El Obraje,Colonia,,15037,8909
52794,15,Huixquilucan,La Cumbre,Rancheria,,15037,4
52794,15,Huixquilucan,La Glorieta,Rancheria,,15037,2100
52794,15,Huixquilucan,El Hielo,Colonia,,15037,5063
52794,15,Huixquilucan,El Guarda (Puerto El Guarda),Rancheria,,15037,5064
52795,15,Huixquilucan,Santa Cruz Ayotuxco,Pueblo,,15037,2101
52795,15,Huixquilucan,Canales,Barrio,,15037,5065
52796,15,Huixquilucan,San Cristobal Texcalucan,Pueblo,,15037,2102
52797,15,Huixquilucan,Huiloteapan (San Jose Huiloteapan),Rancheria,,15037,2103
52798,15,Huixquilucan,Cerro De San Francisco,Colonia,,15037,2
52798,15,Huixquilucan,San Francisco Ayotuzco,Pueblo,,15037,2104
52799,15,Huixquilucan,Agua Bendita,Rancheria,,15037,2105
52799,15,Huixquilucan,Agua Blanca,Rancheria,,15037,2106
52799,15,Huixquilucan,El Laurel,Rancheria,,15037,2107
52799,15,Huixquilucan,Llano Grande (San Miguel Llano Grande),Rancheria,,15037,2108
52799,15,Huixquilucan,Piedra Grande,Rancheria,,15037,2109
52900,15,Atizapan De Zaragoza,Ciudad Adolfo Lopez Mateos,Colonia,,15013,2110
52910,15,Atizapan De Zaragoza,Adolfo Lopez Mateos,Colonia,,15013,2114
52910,15,Atizapan De Zaragoza,Hogares De Atizapan,Fraccionamiento,,15013,2115
52910,15,Atizapan De Zaragoza,Primero De Septiembre,Colonia,,15013,2116
52910,15,Atizapan De Zaragoza,Los Alamos,Colonia,,15013,4725
52910,15,Atizapan De Zaragoza,Ex Hacienda Del Pedregal,Fraccionamiento,,15013,4728
52910,15,Atizapan De Zaragoza,Adolfo Lopez Mateos Ampliacion I,Colonia,,15013,4815
52910,15,Atizapan De Zaragoza,Real Del Pedregal,Fraccionamiento,,15013,6556
52910,15,Atizapan De Zaragoza,Residencial San Mateo,Fraccionamiento,,15013,8166
52910,15,Atizapan De Zaragoza,Adolfo Lopez Mateos Ampliacion Ii,Colonia,,15013,8182
52915,15,Atizapan De Zaragoza,El Capulin,Colonia,,15013,2117
52915,15,Atizapan De Zaragoza,Mexico 86,Colonia,,15013,2119
52915,15,Atizapan De Zaragoza,Villa De Las Torres,Colonia,,15013,2120
52915,15,Atizapan De Zaragoza,La Nueva Era,Colonia,,15013,2246
52915,15,Atizapan De Zaragoza,Atizapan 2000,Colonia,,15013,4726
52915,15,Atizapan De Zaragoza,Jose Maria Morelos Y Pavon,Colonia,,15013,4727
52915,15,Atizapan De Zaragoza,El Mirador,Colonia,,15013,8183
52916,15,Atizapan De Zaragoza,Loma De Maria Luisa,Colonia,,15013,2123
52916,15,Atizapan De Zaragoza,Los Olivos,Colonia,,15013,4729
52916,15,Atizapan De Zaragoza,El Tunel (Seccion),Colonia,,15013,4730
52918,15,Atizapan De Zaragoza,Hacienda Del Pedregal,Fraccionamiento,,15013,6
52918,15,Atizapan De Zaragoza,Emiliano Zapata,Colonia,,15013,2125
52918,15,Atizapan De Zaragoza,Ampliacion Emiliano Zapata I,Colonia,,15013,2126
52918,15,Atizapan De Zaragoza,Miraflores,Colonia,,15013,2127
52918,15,Atizapan De Zaragoza,Villa De Las Palmas,Colonia,,15013,2129
52918,15,Atizapan De Zaragoza,Sagitario Ii,Colonia,,15013,2190
52918,15,Atizapan De Zaragoza,Villa De Las Palmas Ampliacion,Colonia,,15013,4731
52918,15,Atizapan De Zaragoza,Lomas De Las Torres,Colonia,,15013,4732
52918,15,Atizapan De Zaragoza,Lomas De Monte Maria,Colonia,,15013,4733
52918,15,Atizapan De Zaragoza,Ex-Hacienda El Pedregal,Colonia,,15013,4820
52918,15,Atizapan De Zaragoza,Ampliacion Emiliano Zapata Ii,Colonia,,15013,8165
52919,15,Atizapan De Zaragoza,Bosques De Ixtacala,Colonia,,15013,2130
52919,15,Atizapan De Zaragoza,Revolucion,Colonia,,15013,2132
52919,15,Atizapan De Zaragoza,Universidad Autonoma Metropolitana,Colonia,,15013,2134
52919,15,Atizapan De Zaragoza,Bosques De Primavera,Colonia,,15013,4823
52920,15,Atizapan De Zaragoza,Cerro Grande,Colonia,,15013,2135
52920,15,Atizapan De Zaragoza,Penitas,Colonia,,15013,2136
52920,15,Atizapan De Zaragoza,Ampliacion Penitas,Colonia,,15013,2138
52920,15,Atizapan De Zaragoza,San Mateo Tecoloapan,Pueblo,,15013,2139
52920,15,Atizapan De Zaragoza,San Antonio Pocitos,Colonia,,15013,4824
52923,15,Atizapan De Zaragoza,Villa Jardin,Colonia,,15013,2140
52924,15,Atizapan De Zaragoza,San Jose El Jaral,Colonia,,15013,2143
52924,15,Atizapan De Zaragoza,San Jose El Jaral I,Colonia,,15013,2144
52925,15,Atizapan De Zaragoza,Lomas De La Hacienda,Fraccionamiento,,15013,2145
52926,15,Atizapan De Zaragoza,Jardines De Monterrey,Colonia,,15013,2146
52926,15,Atizapan De Zaragoza,Margarita Maza De Juarez,Colonia,,15013,2147
52926,15,Atizapan De Zaragoza,Villa San Jose,Colonia,,15013,4734
52927,15,Atizapan De Zaragoza,El Cerrito,Colonia,,15013,2148
52927,15,Atizapan De Zaragoza,San Miguel Xochimanga,Colonia,,15013,2149
52928,15,Atizapan De Zaragoza,El Campanario,Fraccionamiento,,15013,2150
52928,15,Atizapan De Zaragoza,Lomas De San Miguel Norte,Colonia,,15013,2151
52928,15,Atizapan De Zaragoza,Lomas De San Miguel Sur,Colonia,,15013,2152
52928,15,Atizapan De Zaragoza,Lomas De Tepalcapa,Colonia,,15013,2153
52928,15,Atizapan De Zaragoza,Prados De Ixtacala I,Colonia,,15013,2154
52928,15,Atizapan De Zaragoza,General Cardenas Del Rio,Colonia,,15013,4735
52928,15,Atizapan De Zaragoza,San Juan Ixtacala Plano Sur,Colonia,,15013,4826
52928,15,Atizapan De Zaragoza,San Juan Ixtacala Plano Norte,Colonia,,15013,4827
52928,15,Atizapan De Zaragoza,Ejidos San Miguel Chalma,Colonia,,15013,4828
52928,15,Atizapan De Zaragoza,Lomas De Tepalcapa Ampliacion,Colonia,,15013,8170
52928,15,Atizapan De Zaragoza,Capulin Ampliacion,Colonia,,15013,8173
52928,15,Atizapan De Zaragoza,Prados De Ixtacala Ii,Colonia,,15013,8179
52929,15,Atizapan De Zaragoza,Hacienda De La Luz,Colonia,,15013,2157
52929,15,Atizapan De Zaragoza,Villas De La Hacienda,Fraccionamiento,,15013,2158
52929,15,Atizapan De Zaragoza,Tierra De En Medio,Colonia,,15013,4829
52930,15,Atizapan De Zaragoza,Lomas De Valle Escondido,Fraccionamiento,,15013,2161
52930,15,Atizapan De Zaragoza,Residencial Chiluca (Club De Golf Chiluca),Fraccionamiento,,15013,2162
52930,15,Atizapan De Zaragoza,La Estadia,Fraccionamiento,,15013,2164
52930,15,Atizapan De Zaragoza,Plazas Del Condado,Fraccionamiento,,15013,4736
52930,15,Atizapan De Zaragoza,Bosque Esmeralda,Fraccionamiento,,15013,7031
52930,15,Atizapan De Zaragoza,Chiluca,Pueblo,,15013,8171
52934,15,Atizapan De Zaragoza,Rancho Blanco Ejido De Espiritu Santo,Ejido,,15013,8176
52936,15,Atizapan De Zaragoza,Prado Largo,Fraccionamiento,,15013,2163
52937,15,Atizapan De Zaragoza,Club De Golf Vallescondido,Fraccionamiento,,15013,2165
52937,15,Atizapan De Zaragoza,Hacienda De Valle Escondido,Fraccionamiento,,15013,2166
52937,15,Atizapan De Zaragoza,Valle Escondido,Fraccionamiento,,15013,2167
52938,15,Atizapan De Zaragoza,Condado De Sayavedra,Fraccionamiento,,15013,2168
52938,15,Atizapan De Zaragoza,Fincas De Sayavedra,Colonia,,15013,5637
52938,15,Atizapan De Zaragoza,Rancho San Juan,Fraccionamiento,,15013,9681
52940,15,Atizapan De Zaragoza,Rinconada Bonfil,Colonia,,15013,5
52940,15,Atizapan De Zaragoza,Alfredo V. Bonfil,Colonia,,15013,2173
52940,15,Atizapan De Zaragoza,Ampliacion Alfredo V Bonfil,Colonia,,15013,2174
52940,15,Atizapan De Zaragoza,Prof. Cristobal Higuera,Colonia,,15013,2176
52940,15,Atizapan De Zaragoza,Prof. Cristobal Higuera Ampliacion,Colonia,,15013,2177
52940,15,Atizapan De Zaragoza,Cinco De Mayo,Colonia,,15013,2274
52940,15,Atizapan De Zaragoza,Luis Donaldo Colosio,Colonia,,15013,4737
52945,15,Atizapan De Zaragoza,Atizapan,Ejido,,15013,2178
52945,15,Atizapan De Zaragoza,Real De Atizapan,Fraccionamiento,,15013,2179
52945,15,Atizapan De Zaragoza,Rinconada De Las Arboledas,Fraccionamiento,,15013,2181
52945,15,Atizapan De Zaragoza,Vergel De Arboledas,Fraccionamiento,,15013,2183
52945,15,Atizapan De Zaragoza,La Explanada,Colonia,,15013,4738
52946,15,Atizapan De Zaragoza,San Juan Bosco,Colonia,,15013,2184
52947,15,Atizapan De Zaragoza,Lomas Lindas I Seccion,Fraccionamiento,,15013,2185
52947,15,Atizapan De Zaragoza,La Cima,Fraccionamiento,,15013,4739
52947,15,Atizapan De Zaragoza,Lomas Lindas Ii Seccion,Fraccionamiento,,15013,8178
52948,15,Atizapan De Zaragoza,Boulevares De Atizapan,Fraccionamiento,,15013,2187
52948,15,Atizapan De Zaragoza,El Pedregal De Atizapan,Fraccionamiento,,15013,2188
52948,15,Atizapan De Zaragoza,Central De Abastos,Zona Comercial,,15013,4740
52948,15,Atizapan De Zaragoza,El Riachuelo,Colonia,,15013,4741
52949,15,Atizapan De Zaragoza,Las Aguilas,Colonia,,15013,2189
52949,15,Atizapan De Zaragoza,Sagitario I,Colonia,,15013,2191
52949,15,Atizapan De Zaragoza,Seis De Octubre,Colonia,,15013,4742
52950,15,Atizapan De Zaragoza,Las Arboledas,Fraccionamiento,,15013,2192
52953,15,Atizapan De Zaragoza,Ahuehuetes,Colonia,,15013,2193
52953,15,Atizapan De Zaragoza,Las Colonias,Colonia,,15013,2195
52953,15,Atizapan De Zaragoza,Laureles,Fraccionamiento,,15013,9643
52953,15,Atizapan De Zaragoza,Torres De Atizapan Vi,Fraccionamiento,,15013,9644
52953,15,Atizapan De Zaragoza,Torres De Atizapan Viii,Colonia,,15013,9645
52957,15,Atizapan De Zaragoza,Mayorazgos De La Concordia,Fraccionamiento,,15013,2205
52957,15,Atizapan De Zaragoza,Mayorazgos De Los Gigantes,Fraccionamiento,,15013,2206
52957,15,Atizapan De Zaragoza,Mayorazgos Del Bosque,Fraccionamiento,,15013,2207
52957,15,Atizapan De Zaragoza,Club Hipico San Miguel,Fraccionamiento,,15013,8181
52959,15,Atizapan De Zaragoza,Club De Golf Hacienda,Fraccionamiento,,15013,2210
52960,15,Atizapan De Zaragoza,Barrio Norte,Colonia,,15013,2211
52965,15,Atizapan De Zaragoza,La Condesa,Fraccionamiento,,15013,2212
52966,15,Atizapan De Zaragoza,Mexico Nuevo,Colonia,,15013,2217
52966,15,Atizapan De Zaragoza,27 De Septiembre,Unidad Habitacional,,15013,2218
52967,15,Atizapan De Zaragoza,Bosques De Atizapan,Fraccionamiento,,15013,2219
52967,15,Atizapan De Zaragoza,Coporo,Colonia,,15013,2220
52967,15,Atizapan De Zaragoza,Rincon De Los Bosques,Colonia,,15013,2223
52967,15,Atizapan De Zaragoza,Rinconada De Atizapan,Fraccionamiento,,15013,2224
52968,15,Atizapan De Zaragoza,Fraccionamiento Industrial El Pedregal,Zona Industrial,,15013,3
52968,15,Atizapan De Zaragoza,Zona Industrial 1 (Prof. Cristobal Higuera),Zona Industrial,,15013,2225
52968,15,Atizapan De Zaragoza,Zona Industrial 2 (Mexico Nuevo),Zona Industrial,,15013,2226
52970,15,Atizapan De Zaragoza,San Jose,Fraccionamiento,,15013,4
52970,15,Atizapan De Zaragoza,Valle De Mexico,Fraccionamiento,,15013,2170
52970,15,Atizapan De Zaragoza,La Ermita,Colonia,,15013,2227
52970,15,Atizapan De Zaragoza,Las Alamedas,Fraccionamiento,,15013,2228
52975,15,Atizapan De Zaragoza,El Potrero,Colonia,,15013,2229
52975,15,Atizapan De Zaragoza,Lomas De San Lorenzo,Colonia,,15013,2230
52975,15,Atizapan De Zaragoza,Lomas De San Lorenzo Ampliacion,Colonia,,15013,8168
52975,15,Atizapan De Zaragoza,Rincon De La Montana,Fraccionamiento,,15013,8172
52976,15,Atizapan De Zaragoza,Atizapan Moderno,Fraccionamiento,,15013,2231
52977,15,Atizapan De Zaragoza,14 De Diciembre,Unidad Habitacional,,15013,2232
52977,15,Atizapan De Zaragoza,Lomas De Atizapan,Fraccionamiento,,15013,2234
52977,15,Atizapan De Zaragoza,Lomas De Atizapan Ii,Fraccionamiento,,15013,2236
52978,15,Atizapan De Zaragoza,Jardines De Atizapan,Fraccionamiento,,15013,2237
52978,15,Atizapan De Zaragoza,Las Acacias,Fraccionamiento,,15013,2238
52979,15,Atizapan De Zaragoza,Alborada,Colonia,,15013,2239
52979,15,Atizapan De Zaragoza,Lazaro Cardenas,Colonia,,15013,2240
52979,15,Atizapan De Zaragoza,Paseos De Mexico,Fraccionamiento,,15013,2241
52980,15,Atizapan De Zaragoza,Las Flores,Colonia,,15013,2113
52980,15,Atizapan De Zaragoza,San Martin De Porres,Colonia,,15013,2242
52980,15,Atizapan De Zaragoza,San Martin De Porres Ampliacion,Colonia,,15013,4743
52980,15,Atizapan De Zaragoza,Demetrio Vallejo,Colonia,,15013,4831
52980,15,Atizapan De Zaragoza,Demetrio Vallejo Ampliacion,Colonia,,15013,8174
52985,15,Atizapan De Zaragoza,La Cruz,Colonia,,15013,2244
52985,15,Atizapan De Zaragoza,Lomas De Guadalupe,Colonia,,15013,2247
52985,15,Atizapan De Zaragoza,Morelos,Colonia,,15013,2248
52985,15,Atizapan De Zaragoza,Rincon De La Charreria,Colonia,,15013,2249
52986,15,Atizapan De Zaragoza,Ignacio Lopez Rayon,Colonia,,15013,2250
52987,15,Atizapan De Zaragoza,Conjunto Habitacional Villa Sol,Fraccionamiento,,15013,2
52987,15,Atizapan De Zaragoza,Capulin Monte Sol,Colonia,,15013,2251
52987,15,Atizapan De Zaragoza,La Canada,Fraccionamiento,,15013,2255
52987,15,Atizapan De Zaragoza,Lomas De Capistrano,Colonia,,15013,2256
52987,15,Atizapan De Zaragoza,Bosques De San Martin,Colonia,,15013,4832
52987,15,Atizapan De Zaragoza,Ex Ejido El Mosco,Colonia,,15013,8169
52988,15,Atizapan De Zaragoza,Casitas Capistrano,Fraccionamiento,,15013,2258
52989,15,Atizapan De Zaragoza,Residencial Lago Esmeralda,Fraccionamiento,,15013,1
52989,15,Atizapan De Zaragoza,Nuevo Madin,Colonia,,15013,2259
52989,15,Atizapan De Zaragoza,Viejo Madin,Colonia,,15013,8177
52990,15,Atizapan De Zaragoza,Calacoaya,Pueblo,,15013,2260
52990,15,Atizapan De Zaragoza,El Chaparral,Colonia,,15013,2261
52990,15,Atizapan De Zaragoza,El Chaparral Ampliacion,Colonia,,15013,2262
52994,15,Atizapan De Zaragoza,Lomas De Bellavista,Fraccionamiento,,15013,2265
52995,15,Atizapan De Zaragoza,Club De Golf Bellavista,Fraccionamiento,,15013,2266
52996,15,Atizapan De Zaragoza,Conjunto Taxco,Colonia,,15013,2268
52996,15,Atizapan De Zaragoza,Explanada Calacoaya,Fraccionamiento,,15013,2269
52996,15,Atizapan De Zaragoza,Privada De Las Arboledas,Fraccionamiento,,15013,2270
52996,15,Atizapan De Zaragoza,Privada Las Huertas,Fraccionamiento,,15013,2271
52996,15,Atizapan De Zaragoza,Calacoaya Residencial,Fraccionamiento,,15013,2272
52996,15,Atizapan De Zaragoza,Rincon Colonial,Fraccionamiento,,15013,2273
52996,15,Atizapan De Zaragoza,Issemym,Unidad Habitacional,,15013,4744
52997,15,Atizapan De Zaragoza,Bellavista,Fraccionamiento,,15013,7
52997,15,Atizapan De Zaragoza,El Calvario,Colonia,,15013,2275
52997,15,Atizapan De Zaragoza,Los Cajones,Colonia,,15013,8175
52998,15,Atizapan De Zaragoza,Fuentes Del Sol,Fraccionamiento,,15013,2278
52998,15,Atizapan De Zaragoza,Fuentes De Satelite,Fraccionamiento,,15013,2279
52998,15,Atizapan De Zaragoza,Rancho Castro,Colonia,,15013,8180
52998,15,Atizapan De Zaragoza,Mision De La Presa,Fraccionamiento,,15013,9680
53000,15,Naucalpan De Juarez,San Bartolo Naucalpan (Naucalpan Centro),Pueblo,,15057,2280
53000,15,Naucalpan De Juarez,Unidad Morelos,Colonia,,15057,6446
53010,15,Naucalpan De Juarez,Conjunto San Miguel,Fraccionamiento,,15057,2282
53030,15,Naucalpan De Juarez,Bosque De Los Remedios,Colonia,,15057,2284
53040,15,Naucalpan De Juarez,Las Americas,Fraccionamiento,,15057,2285
53050,15,Naucalpan De Juarez,El Mirador,Fraccionamiento,,15057,2287
53060,15,Naucalpan De Juarez,Loma Taurina,Colonia,,15057,2288
53070,15,Naucalpan De Juarez,Adolfo Lopez Mateos,Colonia,,15057,2289
53100,15,Naucalpan De Juarez,Ciudad Satelite,Fraccionamiento,,15057,2290
53100,15,Naucalpan De Juarez,Club Cuicacalli,Fraccionamiento,,15057,6438
53110,15,Naucalpan De Juarez,Santa Cruz Del Monte,Pueblo,,15057,2295
53110,15,Naucalpan De Juarez,Fontana Residencial,Fraccionamiento,,15057,6442
53110,15,Naucalpan De Juarez,Bugambilias,Fraccionamiento,,15057,9142
53115,15,Naucalpan De Juarez,Lomas De Las Fuentes,Fraccionamiento,,15057,2297
53116,15,Naucalpan De Juarez,La Alteza,Fraccionamiento,,15057,2298
53117,15,Naucalpan De Juarez,El Sauzalito,Fraccionamiento,,15057,2299
53117,15,Naucalpan De Juarez,Cristobal Colon,Fraccionamiento,,15057,6440
53119,15,Naucalpan De Juarez,Colonial Satelite,Fraccionamiento,,15057,2301
53120,15,Naucalpan De Juarez,Lomas Verdes 1A Seccion,Fraccionamiento,,15057,2302
53120,15,Naucalpan De Juarez,Lomas Verdes (Conjunto Lomas Verdes),Fraccionamiento,,15057,2303
53124,15,Naucalpan De Juarez,Bosque Alto,Colonia,,15057,2307
53124,15,Naucalpan De Juarez,Petroquimica Lomas Verdes,Unidad Habitacional,,15057,2308
53124,15,Naucalpan De Juarez,La Cuspide,Colonia,,15057,4844
53125,15,Naucalpan De Juarez,Lomas Verdes 3A Seccion,Fraccionamiento,,15057,2309
53125,15,Naucalpan De Juarez,Lomas Verdes 4A Seccion,Fraccionamiento,,15057,2310
53126,15,Naucalpan De Juarez,Lomas Verdes 5A Seccion (La Concordia),Fraccionamiento,,15057,2312
53126,15,Naucalpan De Juarez,Lomas Verdes 6A Seccion,Fraccionamiento,,15057,5702
53126,15,Naucalpan De Juarez,El Cristo,Colonia,,15057,8832
53127,15,Naucalpan De Juarez,La Altena I,Fraccionamiento,,15057,2314
53127,15,Naucalpan De Juarez,La Altena Ii,Fraccionamiento,,15057,2315
53127,15,Naucalpan De Juarez,La Altena Iii,Fraccionamiento,,15057,2316
53127,15,Naucalpan De Juarez,Lomas De Santa Cruz,Fraccionamiento,,15057,6439
53128,15,Naucalpan De Juarez,Conjunto La Ronda,Colonia,,15057,2317
53128,15,Naucalpan De Juarez,Residencial Santa Cruz,Fraccionamiento,,15057,2318
53129,15,Naucalpan De Juarez,Jardines De Satelite,Fraccionamiento,,15057,2319
53129,15,Naucalpan De Juarez,Telefonistas,Unidad Habitacional,,15057,6441
53130,15,Naucalpan De Juarez,Jardines De La Florida,Fraccionamiento,,15057,2322
53138,15,Naucalpan De Juarez,Hacienda De Cristo (Exhacienda De Cristo),Colonia,,15057,2323
53140,15,Naucalpan De Juarez,Boulevares,Fraccionamiento,,15057,2325
53140,15,Naucalpan De Juarez,Misiones,Fraccionamiento,,15057,2326
53140,15,Naucalpan De Juarez,Ampliacion Misiones,Fraccionamiento,,15057,2327
53140,15,Naucalpan De Juarez,Jardines De Boulevares,Fraccionamiento,,15057,6437
53150,15,Naucalpan De Juarez,Santa Cruz Acatlan,Pueblo,,15057,2329
53160,15,Naucalpan De Juarez,La Florida,Fraccionamiento,,15057,2330
53170,15,Naucalpan De Juarez,Loma De Cristy,Fraccionamiento,,15057,2333
53177,15,Naucalpan De Juarez,Rinconada Diligencias,Fraccionamiento,,15057,2335
53178,15,Naucalpan De Juarez,La Soledad,Fraccionamiento,,15057,2336
53200,15,Naucalpan De Juarez,Lomas De San Mateo,Fraccionamiento,,15057,2339
53200,15,Naucalpan De Juarez,La Atalaya,Fraccionamiento,,15057,9147
53215,15,Naucalpan De Juarez,Casas Viejas (La Era),Colonia,,15057,4834
53215,15,Naucalpan De Juarez,La Huerta San Mateo,Fraccionamiento,,15057,9148
53215,15,Naucalpan De Juarez,La Barranquilla,Fraccionamiento,,15057,9149
53216,15,Naucalpan De Juarez,Santiago Tepatlaxco,Pueblo,,15057,2342
53217,15,Naucalpan De Juarez,La Presa (Tejocote),Colonia,,15057,2344
53217,15,Naucalpan De Juarez,El Tejocote 2Da. Seccion,Colonia,,15057,9154
53217,15,Naucalpan De Juarez,El Tejocote,Colonia,,15057,9155
53217,15,Naucalpan De Juarez,Ejido Del Tejocote,Colonia,,15057,9175
53218,15,Naucalpan De Juarez,Colinas De San Mateo,Colonia,,15057,2347
53218,15,Naucalpan De Juarez,Rancho Colorado,Colonia,,15057,9150
53219,15,Naucalpan De Juarez,Rincon Verde,Colonia,,15057,2348
53220,15,Naucalpan De Juarez,San Mateo Nopala,Pueblo,,15057,2349
53220,15,Naucalpan De Juarez,Rinconada De Los Parques,Colonia,,15057,4837
53220,15,Naucalpan De Juarez,Rincon De Las Fuentes,Fraccionamiento,,15057,6433
53220,15,Naucalpan De Juarez,Real San Mateo,Fraccionamiento,,15057,6434
53220,15,Naucalpan De Juarez,La Joya Ii,Fraccionamiento,,15057,9143
53220,15,Naucalpan De Juarez,La Joya I,Fraccionamiento,,15057,9144
53220,15,Naucalpan De Juarez,La Joyita,Fraccionamiento,,15057,9145
53224,15,Naucalpan De Juarez,San Mateo Nopala Zona Norte,Colonia,,15057,2351
53227,15,Naucalpan De Juarez,Izcalli San Mateo,Fraccionamiento,,15057,2354
53227,15,Naucalpan De Juarez,San Mateo Nopala Zona Sur,Colonia,,15057,2355
53227,15,Naucalpan De Juarez,Rinconada San Mateo,Fraccionamiento,,15057,6435
53227,15,Naucalpan De Juarez,Cumbres De San Mateo,Colonia,,15057,8974
53227,15,Naucalpan De Juarez,Pedregal De San Mateo,Fraccionamiento,,15057,9152
53228,15,Naucalpan De Juarez,Praderas De San Mateo,Colonia,,15057,2356
53228,15,Naucalpan De Juarez,Santa Rosa,Colonia,,15057,4835
53228,15,Naucalpan De Juarez,La Luna (San Mateo Nopala),Colonia,,15057,4839
53228,15,Naucalpan De Juarez,El Risco,Fraccionamiento,,15057,6436
53228,15,Naucalpan De Juarez,Laderas De La Colmena,Fraccionamiento,,15057,9146
53228,15,Naucalpan De Juarez,Los Emperadores,Fraccionamiento,,15057,9153
53229,15,Naucalpan De Juarez,San Mateo Nopala (Bellavista),Ejido,,15057,2345
53229,15,Naucalpan De Juarez,Las Animas (Ex-Hacienda Las Animas),Colonia,,15057,7921
53229,15,Naucalpan De Juarez,Pinos Ii,Colonia,,15057,8836
53229,15,Naucalpan De Juarez,Jardines Del Ojo De Agua,Colonia,,15057,8837
53229,15,Naucalpan De Juarez,Puente De Piedra,Colonia,,15057,8844
53229,15,Naucalpan De Juarez,El Cobradero,Colonia,,15057,8849
53229,15,Naucalpan De Juarez,Cipreses (Las Julianas),Barrio,,15057,8850
53229,15,Naucalpan De Juarez,El Puerto,Colonia,,15057,8851
53229,15,Naucalpan De Juarez,El Chabacano,Colonia,,15057,8852
53229,15,Naucalpan De Juarez,Las Arenillas,Barrio,,15057,8853
53229,15,Naucalpan De Juarez,Cordoba,Colonia,,15057,8854
53229,15,Naucalpan De Juarez,La Rosa,Colonia,,15057,8855
53229,15,Naucalpan De Juarez,La Hiedra,Colonia,,15057,8856
53229,15,Naucalpan De Juarez,Juan Gomez,Barrio,,15057,8858
53229,15,Naucalpan De Juarez,La Cuesta,Colonia,,15057,8859
53229,15,Naucalpan De Juarez,Las Penitas,Barrio,,15057,8862
53229,15,Naucalpan De Juarez,Tito,Barrio,,15057,8864
53229,15,Naucalpan De Juarez,Agua Buena,Barrio,,15057,8865
53229,15,Naucalpan De Juarez,Rancho Viejo,Barrio,,15057,9131
53230,15,Naucalpan De Juarez,Los Alamos,Fraccionamiento,,15057,2357
53237,15,Naucalpan De Juarez,Los Fresnos,Fraccionamiento,,15057,2359
53239,15,Naucalpan De Juarez,Ampliacion Los Fresnos,Fraccionamiento,,15057,4840
53240,15,Naucalpan De Juarez,Jardines De San Mateo Seccion Colinas,Fraccionamiento,,15057,2346
53240,15,Naucalpan De Juarez,Jardines De San Mateo,Fraccionamiento,,15057,2361
53240,15,Naucalpan De Juarez,Anexo Jardines De San Mateo,Fraccionamiento,,15057,2362
53240,15,Naucalpan De Juarez,Alcanfores,Fraccionamiento,,15057,2363
53240,15,Naucalpan De Juarez,Prado San Mateo,Fraccionamiento,,15057,2364
53240,15,Naucalpan De Juarez,Valle De San Mateo,Fraccionamiento,,15057,2365
53247,15,Naucalpan De Juarez,Lomas De Occipaco,Colonia,,15057,2367
53248,15,Naucalpan De Juarez,Laderas De San Mateo,Fraccionamiento,,15057,2368
53250,15,Naucalpan De Juarez,Santiago Occipaco,Pueblo,,15057,2370
53250,15,Naucalpan De Juarez,La Palma,Fraccionamiento,,15057,9151
53260,15,Naucalpan De Juarez,Mexico 68,Colonia,,15057,2372
53270,15,Naucalpan De Juarez,San Juan Totoltepec,Pueblo,,15057,2373
53270,15,Naucalpan De Juarez,Las Papas,Fraccionamiento,,15057,9161
53278,15,Naucalpan De Juarez,Izcalli Del Bosque,Fraccionamiento,,15057,2377
53279,15,Naucalpan De Juarez,Bosques De Moctezuma,Colonia,,15057,2378
53279,15,Naucalpan De Juarez,Tercer Mundo,Colonia,,15057,4841
53280,15,Naucalpan De Juarez,Ciudad Brisa,Fraccionamiento,,15057,2379
53283,15,Naucalpan De Juarez,Pedregal De Echegaray,Fraccionamiento,,15057,4842
53283,15,Naucalpan De Juarez,Tiahui,Fraccionamiento,,15057,6432
53290,15,Naucalpan De Juarez,Balcones De San Mateo,Fraccionamiento,,15057,2338
53290,15,Naucalpan De Juarez,Vista Del Valle Seccion Electricistas,Fraccionamiento,,15057,2380
53296,15,Naucalpan De Juarez,"Vista Del Valle Ii, Iii, Iv Y Ix",Fraccionamiento,,15057,2381
53296,15,Naucalpan De Juarez,Xalpa De La Huerta,Fraccionamiento,,15057,6430
53296,15,Naucalpan De Juarez,Vista Del Valle Seccion Bosques,Fraccionamiento,,15057,6431
53297,15,Naucalpan De Juarez,Paseos Del Bosque,Fraccionamiento,,15057,2382
53297,15,Naucalpan De Juarez,Ex-Ejido Santiago Occipaco,Colonia,,15057,9203
53298,15,Naucalpan De Juarez,Cumbres De Himalaya,Colonia,,15057,2383
53300,15,Naucalpan De Juarez,Colon Echegaray,Fraccionamiento,,15057,2384
53300,15,Naucalpan De Juarez,Hacienda De Echegaray,Fraccionamiento,,15057,2385
53309,15,Naucalpan De Juarez,Rincon Echegaray,Fraccionamiento,,15057,2386
53310,15,Naucalpan De Juarez,Bosque De Echegaray,Fraccionamiento,,15057,2387
53310,15,Naucalpan De Juarez,Bosque De Echegaray Seccion Electricistas,Fraccionamiento,,15057,6429
53320,15,Naucalpan De Juarez,Diez De Abril,Colonia,,15057,2390
53329,15,Naucalpan De Juarez,Rivera De Echegaray,Fraccionamiento,,15057,2391
53330,15,Naucalpan De Juarez,Cervecera Modelo,Colonia,,15057,2392
53338,15,Naucalpan De Juarez,Santa Maria Nativitas,Pueblo,,15057,2283
53338,15,Naucalpan De Juarez,Conjunto La Huerta,Fraccionamiento,,15057,2395
53339,15,Naucalpan De Juarez,Rincon Del Bosque De Echegaray,Fraccionamiento,,15057,2396
53340,15,Naucalpan De Juarez,La Perla,Fraccionamiento,,15057,2397
53340,15,Naucalpan De Juarez,Los Pastores,Fraccionamiento,,15057,2398
53348,15,Naucalpan De Juarez,Industrial La Perla,Zona Industrial,,15057,2400
53350,15,Naucalpan De Juarez,Rancho Atenco,Colonia,,15057,2401
53370,15,Naucalpan De Juarez,Industrial Alce Blanco,Zona Industrial,,15057,2402
53370,15,Naucalpan De Juarez,Naucalpan,Zona Industrial,,15057,2403
53378,15,Naucalpan De Juarez,Ahuizotla (Santiago Ahuizotla),Colonia,,15057,2406
53390,15,Naucalpan De Juarez,Lomas De Sotelo,Fraccionamiento,,15057,2409
53398,15,Naucalpan De Juarez,El Parque,Fraccionamiento,,15057,2410
53400,15,Naucalpan De Juarez,Los Remedios,Pueblo,,15057,2412
53650,15,Naucalpan De Juarez,Yongua,Barrio,,15057,5453
53410,15,Naucalpan De Juarez,Ampliacion Los Remedios (El Beato),Colonia,,15057,2413
53410,15,Naucalpan De Juarez,Padre Figueroa,Colonia,,15057,2414
53410,15,Naucalpan De Juarez,Union Popular,Colonia,,15057,9162
53420,15,Naucalpan De Juarez,Loma Colorada 1Ra. Seccion,Colonia,,15057,2415
53425,15,Naucalpan De Juarez,La Universal,Colonia,,15057,2417
53425,15,Naucalpan De Juarez,El Corralito,Colonia,,15057,2493
53426,15,Naucalpan De Juarez,San Lorenzo Totolinga,Pueblo,,15057,2418
53426,15,Naucalpan De Juarez,Emiliano Zapata,Colonia,,15057,2482
53426,15,Naucalpan De Juarez,La Canada - San Lorenzo Totolinga,Colonia,,15057,2483
53426,15,Naucalpan De Juarez,La Raquelito,Colonia,,15057,2484
53426,15,Naucalpan De Juarez,Cuartos Ii 1A Seccion,Colonia,,15057,2488
53426,15,Naucalpan De Juarez,Cuartos Iii,Colonia,,15057,2489
53426,15,Naucalpan De Juarez,San Lorenzo Totolinga 2A Seccion,Colonia,,15057,6443
53426,15,Naucalpan De Juarez,San Lorenzo Totolinga 1A Seccion,Colonia,,15057,6445
53426,15,Naucalpan De Juarez,Casa Blanca,Colonia,,15057,9137
53426,15,Naucalpan De Juarez,Los Cuartos Ii,Colonia,,15057,9138
53427,15,Naucalpan De Juarez,Las Huertas 1A Secc,Colonia,,15057,2420
53427,15,Naucalpan De Juarez,Las Huertas 2A Seccion,Colonia,,15057,2421
53427,15,Naucalpan De Juarez,Las Huertas 3A Seccion,Colonia,,15057,2422
53427,15,Naucalpan De Juarez,Luisa Isabel Campos De Jimenez Cantu (Cuartos I),Colonia,,15057,2487
53427,15,Naucalpan De Juarez,Loma Colorada 2Da. Seccion,Colonia,,15057,6444
53427,15,Naucalpan De Juarez,El Porvenir,Colonia,,15057,9156
53427,15,Naucalpan De Juarez,Lomas De Los Remedios,Colonia,,15057,9157
53427,15,Naucalpan De Juarez,Las Caballerizas,Colonia,,15057,9158
53428,15,Naucalpan De Juarez,Mexico 86 (La Chacona),Colonia,,15057,2423
53430,15,Naucalpan De Juarez,Los Arcos,Colonia,,15057,2425
53430,15,Naucalpan De Juarez,Reubicacion El Torito,Colonia,,15057,6447
53440,15,Naucalpan De Juarez,Sierra Nevada,Colonia,,15057,2426
53440,15,Naucalpan De Juarez,Union Popular,Unidad Habitacional,,15057,2536
53440,15,Naucalpan De Juarez,Predio El Zapote,Colonia,,15057,9184
53450,15,Naucalpan De Juarez,Ciudad De Los Ninos,Colonia,,15057,2427
53458,15,Naucalpan De Juarez,Bosque De Los Remedios,Unidad Habitacional,,15057,2428
53459,15,Naucalpan De Juarez,Ampliacion Ciudad De Los Ninos,Colonia,,15057,2429
53460,15,Naucalpan De Juarez,Barrio El Torito,Colonia,,15057,2430
53460,15,Naucalpan De Juarez,La Rivera,Colonia,,15057,2431
53460,15,Naucalpan De Juarez,Los Arcos,Fraccionamiento,,15057,9163
53470,15,Naucalpan De Juarez,Loma De Canteras (Lomas De Cantera),Fraccionamiento,,15057,2438
53489,15,Naucalpan De Juarez,Parque Industrial Naucalpan,Zona Industrial,,15057,2442
53490,15,Naucalpan De Juarez,Lomas De San Agustin,Colonia,,15057,2444
53490,15,Naucalpan De Juarez,Santa Lilia Chamapa,Colonia,,15057,2476
53490,15,Naucalpan De Juarez,Las Tinajas (Predio Las Tinajas),Colonia,,15057,2490
53490,15,Naucalpan De Juarez,La Monera,Colonia,,15057,2492
53500,15,Naucalpan De Juarez,El Conde,Colonia,,15057,2445
53500,15,Naucalpan De Juarez,San Andres Atoto,Colonia,,15057,2446
53519,15,Naucalpan De Juarez,Industrial Atoto,Zona Industrial,,15057,2450
53520,15,Naucalpan De Juarez,El Olivar,Colonia,,15057,2451
53520,15,Naucalpan De Juarez,Rosa De Castilla,Colonia,,15057,2453
53529,15,Naucalpan De Juarez,Industrial Tlatilco,Zona Industrial,,15057,2454
53530,15,Naucalpan De Juarez,El Molinito,Colonia,,15057,2456
53530,15,Naucalpan De Juarez,Jardines Del Molinito,Fraccionamiento,,15057,2457
53530,15,Naucalpan De Juarez,Nuevo Molinito,Colonia,,15057,9141
53533,15,Naucalpan De Juarez,Campo Militar 1,Equipamiento,,15057,1
53550,15,Naucalpan De Juarez,Ampliacion San Esteban,Colonia,,15057,2460
53550,15,Naucalpan De Juarez,San Esteban Huitzilacasco,Pueblo,,15057,2461
53550,15,Naucalpan De Juarez,Unidad San Esteban,Colonia,,15057,2462
53560,15,Naucalpan De Juarez,Lazaro Cardenas,Colonia,,15057,2463
53569,15,Naucalpan De Juarez,San Francisco Cuautlalpan,Pueblo,,15057,2464
53570,15,Naucalpan De Juarez,La Canada,Colonia,,15057,2465
53570,15,Naucalpan De Juarez,Lomas De La Canada,Colonia,,15057,2466
53570,15,Naucalpan De Juarez,San Antonio Zomeyucan (Zona Urbana),Colonia,,15057,2520
53570,15,Naucalpan De Juarez,San Antonio Zomeyucan,Pueblo,,15057,2533
53580,15,Naucalpan De Juarez,Reforma San Luis,Colonia,,15057,2468
53580,15,Naucalpan De Juarez,Loma Linda,Colonia,,15057,2474
53580,15,Naucalpan De Juarez,Ampliacion Loma Linda,Colonia,,15057,2475
53580,15,Naucalpan De Juarez,San Luis Tlatilco,Pueblo,,15057,2477
53580,15,Naucalpan De Juarez,La Esperanza,Colonia,,15057,9135
53580,15,Naucalpan De Juarez,Piedras Negras,Colonia,,15057,9136
53598,15,Naucalpan De Juarez,Hidalgo,Colonia,,15057,2467
53598,15,Naucalpan De Juarez,Estado De Mexico (El Tambor),Colonia,,15057,2471
53640,15,Naucalpan De Juarez,Nueva San Rafael,Colonia,,15057,2478
53640,15,Naucalpan De Juarez,Bosques De Chamapa,Colonia,,15057,6425
53650,15,Naucalpan De Juarez,San Miguel Dextha,Barrio,,15057,2
53650,15,Naucalpan De Juarez,San Francisco Chimalpa,Pueblo,,15057,2480
53650,15,Naucalpan De Juarez,Mojonera,Barrio,,15057,5440
53650,15,Naucalpan De Juarez,Dudy,Barrio,,15057,5441
53650,15,Naucalpan De Juarez,Chixtu,Barrio,,15057,5442
53650,15,Naucalpan De Juarez,La Canada De Boche,Barrio,,15057,5443
53650,15,Naucalpan De Juarez,Donity,Barrio,,15057,5445
53650,15,Naucalpan De Juarez,Cielito,Barrio,,15057,5446
53650,15,Naucalpan De Juarez,Upeny De Gora,Barrio,,15057,5447
53650,15,Naucalpan De Juarez,La Mora,Barrio,,15057,5449
53650,15,Naucalpan De Juarez,Dayu,Barrio,,15057,5451
53650,15,Naucalpan De Juarez,Arenillas (La Capilla),Barrio,,15057,8845
53650,15,Naucalpan De Juarez,Las Cruces,Barrio,,15057,8860
53650,15,Naucalpan De Juarez,Salinas,Barrio,,15057,8866
53650,15,Naucalpan De Juarez,Tres Piedras (La Loma),Barrio,,15057,8867
53650,15,Naucalpan De Juarez,Chimalpa Viejo,Barrio,,15057,8869
53650,15,Naucalpan De Juarez,Batha,Barrio,,15057,8871
53650,15,Naucalpan De Juarez,Las Mesas,Barrio,,15057,9177
53650,15,Naucalpan De Juarez,Gora,Barrio,,15057,9185
53650,15,Naucalpan De Juarez,De Dorani,Barrio,,15057,9186
53650,15,Naucalpan De Juarez,Juando,Barrio,,15057,9187
53650,15,Naucalpan De Juarez,Depeny,Barrio,,15057,9188
53650,15,Naucalpan De Juarez,Shido,Barrio,,15057,9189
53650,15,Naucalpan De Juarez,Dongu,Barrio,,15057,9190
53650,15,Naucalpan De Juarez,Xoyu,Barrio,,15057,9191
53650,15,Naucalpan De Juarez,Moni,Barrio,,15057,9192
53650,15,Naucalpan De Juarez,Yongua Bosques,Barrio,,15057,9193
53650,15,Naucalpan De Juarez,Boxisda,Barrio,,15057,9194
53650,15,Naucalpan De Juarez,Panthe,Barrio,,15057,9196
53650,15,Naucalpan De Juarez,Boito,Barrio,,15057,9197
53650,15,Naucalpan De Juarez,Chivato,Barrio,,15057,9198
53650,15,Naucalpan De Juarez,Shindo,Barrio,,15057,9199
53650,15,Naucalpan De Juarez,Bandhi,Barrio,,15057,9200
53650,15,Naucalpan De Juarez,Las Trenzonas,Barrio,,15057,9202
53658,15,Naucalpan De Juarez,La Cebada (Barrio La Cebada),Barrio,,15057,8833
53658,15,Naucalpan De Juarez,Minas Del Tecolote,Colonia,,15057,8835
53658,15,Naucalpan De Juarez,Las Torres,Colonia,,15057,8840
53658,15,Naucalpan De Juarez,Paraje Las Rosas,Colonia,,15057,8841
53658,15,Naucalpan De Juarez,La Palma (Pie De La Palma),Colonia,,15057,8842
53658,15,Naucalpan De Juarez,La Magnolia,Barrio,,15057,8843
53658,15,Naucalpan De Juarez,El Castillo,Ejido,,15057,8846
53658,15,Naucalpan De Juarez,Llano De Las Flores (Barrio Del Hueso),Barrio,,15057,8848
53658,15,Naucalpan De Juarez,La Viga (Cerro Loco),Barrio,,15057,8861
53659,15,Naucalpan De Juarez,Villa Alpina,Fraccionamiento,,15057,2481
53659,15,Naucalpan De Juarez,San Miguel Dorami,Barrio,,15057,5450
53659,15,Naucalpan De Juarez,La Magueyera,Colonia,,15057,7922
53659,15,Naucalpan De Juarez,Luis Donaldo Colosio (Piedra De Alesna),Colonia,,15057,8863
53659,15,Naucalpan De Juarez,San Jose Tejamanil,Barrio,,15057,8870
53659,15,Naucalpan De Juarez,El Guardita,Colonia,,15057,8872
53659,15,Naucalpan De Juarez,Valle Tranquilo,Colonia,,15057,8873
53660,15,Naucalpan De Juarez,San Rafael Chamapa,Pueblo,,15057,2485
53660,15,Naucalpan De Juarez,La Presa Chamapa,Colonia,,15057,6427
53664,15,Naucalpan De Juarez,San Rafael Chamapa (Tabiquera 5),Colonia,,15057,6416
53664,15,Naucalpan De Juarez,San Rafael Chamapa (Tabiquera 6),Colonia,,15057,6417
53664,15,Naucalpan De Juarez,San Rafael Chamapa (Tabiquera 7),Colonia,,15057,6418
53664,15,Naucalpan De Juarez,San Rafael Chamapa (Tabiquera 8),Colonia,,15057,6419
53664,15,Naucalpan De Juarez,San Rafael Chamapa Ii,Colonia,,15057,6420
53664,15,Naucalpan De Juarez,San Rafael Chamapa (Tabiquera 2),Colonia,,15057,6421
53664,15,Naucalpan De Juarez,San Rafael Chamapa (Tabiquera 3),Colonia,,15057,6422
53664,15,Naucalpan De Juarez,San Rafael Chamapa (Tabiquera 4),Colonia,,15057,6423
53664,15,Naucalpan De Juarez,Cuartos Constitucion (San Rafael Chamapa I),Colonia,,15057,6424
53664,15,Naucalpan De Juarez,San Rafael Chamapa I,Colonia,,15057,6426
53670,15,Naucalpan De Juarez,Los Cuartos (San Rafael Chamapa I),Colonia,,15057,2496
53680,15,Naucalpan De Juarez,San Rafael Chamapa Iv,Colonia,,15057,4845
53680,15,Naucalpan De Juarez,San Rafael Chamapa (Tabiquera 9),Colonia,,15057,6411
53680,15,Naucalpan De Juarez,La Mora,Colonia,,15057,9201
53687,15,Naucalpan De Juarez,San Rafael Chamapa (Tabiquera 1),Colonia,,15057,2499
53687,15,Naucalpan De Juarez,Poetas Mexiquenses ( Tabiquera 10 ),Colonia,,15057,4846
53688,15,Naucalpan De Juarez,Las Colonias (Predio Las Colonias),Colonia,,15057,2500
53689,15,Naucalpan De Juarez,Izcalli Chamapa,Colonia,,15057,2501
53689,15,Naucalpan De Juarez,Isidro Fabela (Tabiqueras 11 Y 12),Colonia,,15057,4847
53690,15,Naucalpan De Juarez,Olimpiada 68 (San Rafael Chamapa Iii),Colonia,,15057,2502
53690,15,Naucalpan De Juarez,Olimpica (San Rafael Chamapa V),Colonia,,15057,2503
53690,15,Naucalpan De Juarez,Ampliacion Olimpica (San Rafael Chamapa Vii),Colonia,,15057,2504
53690,15,Naucalpan De Juarez,Valle Dorado (San Rafael Chamapa Vi),Colonia,,15057,2505
53690,15,Naucalpan De Juarez,Lomas De Chamapa,Colonia,,15057,9159
53694,15,Naucalpan De Juarez,Minas El Coyote,Colonia,,15057,2506
53695,15,Naucalpan De Juarez,Minas San Martin,Colonia,,15057,2507
53695,15,Naucalpan De Juarez,La Palma,Colonia,,15057,9140
53696,15,Naucalpan De Juarez,Mina Palacios (Minas Palacio),Colonia,,15057,2509
53697,15,Naucalpan De Juarez,Minas El Tecolote,Colonia,,15057,2511
53697,15,Naucalpan De Juarez,3 De Mayo,Colonia,,15057,8973
53697,15,Naucalpan De Juarez,El Capulin,Colonia,,15057,9139
53697,15,Naucalpan De Juarez,Jardines De San Jose,Colonia,,15057,9160
53698,15,Naucalpan De Juarez,Olimpica Radio 2A Seccion (El Caracol),Colonia,,15057,2512
53698,15,Naucalpan De Juarez,Olimpica Radio 1A Seccion (San Rafael Chamapa),Colonia,,15057,2513
53698,15,Naucalpan De Juarez,San Jose Poza Honda,Colonia,,15057,6992
53700,15,Naucalpan De Juarez,Altamira,Colonia,,15057,2515
53700,15,Naucalpan De Juarez,Ampliacion Altamira,Colonia,,15057,2516
53700,15,Naucalpan De Juarez,Torres Zomeyucan (San Antonio Zomeyucan),Colonia,,15057,6414
53708,15,Naucalpan De Juarez,Balcones De Chamapa,Colonia,,15057,2517
53708,15,Naucalpan De Juarez,Tierra Y Libertad,Colonia,,15057,6415
53710,15,Naucalpan De Juarez,Plan De Ayala,Colonia,,15057,5655
53713,15,Naucalpan De Juarez,Vicente Guerrero,Colonia,,15057,2521
53714,15,Naucalpan De Juarez,La Mancha Iii,Colonia,,15057,2522
53716,15,Naucalpan De Juarez,Alfredo Del Mazo Velez,Colonia,,15057,2524
53716,15,Naucalpan De Juarez,La Punta,Colonia,,15057,4848
53717,15,Naucalpan De Juarez,La Mancha I,Colonia,,15057,2525
53717,15,Naucalpan De Juarez,La Mancha Ii,Colonia,,15057,2526
53718,15,Naucalpan De Juarez,Alfredo V. Bonfil,Colonia,,15057,2527
53719,15,Naucalpan De Juarez,Lomas Del Cadete,Colonia,,15057,2528
53730,15,Naucalpan De Juarez,Capulin Soledad,Colonia,,15057,2531
53730,15,Naucalpan De Juarez,Unidad Y Progreso,Colonia,,15057,8975
53760,15,Naucalpan De Juarez,San Jose De Los Leones 3A Seccion,Colonia,,15057,2534
53760,15,Naucalpan De Juarez,San Jose De Los Leones 2A Seccion,Colonia,,15057,6412
53760,15,Naucalpan De Juarez,San Jose De Los Leones 1A Seccion,Colonia,,15057,6413
53770,15,Naucalpan De Juarez,El Chamizal,Colonia,,15057,2537
53780,15,Naucalpan De Juarez,Martires De Rio Blanco,Colonia,,15057,2538
53787,15,Naucalpan De Juarez,Ampliacion Martires De Rio Blanco,Colonia,,15057,2539
53788,15,Naucalpan De Juarez,La Tolva,Colonia,,15057,2540
53790,15,Naucalpan De Juarez,Benito Juarez,Colonia,,15057,2542
53798,15,Naucalpan De Juarez,La Radio Benito Juarez,Colonia,,15057,2543
53799,15,Naucalpan De Juarez,Ampliacion Benito Juarez,Colonia,,15057,2544
53800,15,Naucalpan De Juarez,Buenavista,Colonia,,15057,2545
53800,15,Naucalpan De Juarez,Lomas Del Rio,Fraccionamiento,,15057,6410
53809,15,Naucalpan De Juarez,Miramar,Colonia,,15057,2546
53810,15,Naucalpan De Juarez,San Jose Rio Hondo (Rio Hondo),Pueblo,,15057,2547
53819,15,Naucalpan De Juarez,Progreso,Colonia,,15057,2548
53820,15,Naucalpan De Juarez,Ricardo Flores Magon,Colonia,,15057,2549
53830,15,Naucalpan De Juarez,Independencia,Colonia,,15057,2550
53830,15,Naucalpan De Juarez,La Guadalupana,Colonia,,15057,9134
53839,15,Naucalpan De Juarez,Rincones Del Bosque,Fraccionamiento,,15057,2552
53840,15,Naucalpan De Juarez,Lomas Del Huizachal,Fraccionamiento,,15057,2553
53900,15,Naucalpan De Juarez,Lomas Hipodromo,Fraccionamiento,,15057,2556
53909,15,Naucalpan De Juarez,Explanada De Las Fuentes,Fraccionamiento,,15057,2557
53910,15,Naucalpan De Juarez,Lomas Manuel Avila Camacho,Fraccionamiento,,15057,2558
53930,15,Naucalpan De Juarez,Country Club,Fraccionamiento,,15057,2560
53940,15,Naucalpan De Juarez,Rio Escondido,Fraccionamiento,,15057,2561
53950,15,Naucalpan De Juarez,Lomas De Tecamachalco,Fraccionamiento,,15057,2562
53960,15,Naucalpan De Juarez,Reforma Social (Lomas De San Isidro),Colonia,,15057,2563
53970,15,Naucalpan De Juarez,San Miguel Tecamachalco,Pueblo,,15057,2564
54000,15,Tlalnepantla De Baz,Tlalnepantla Centro,Colonia,,15104,2566
54000,15,Tlalnepantla De Baz,Alta Vista,Fraccionamiento,,15104,8925
54009,15,Tlalnepantla De Baz,La Riviera,Fraccionamiento,,15104,2568
54010,15,Tlalnepantla De Baz,La Azteca,Colonia,,15104,2569
54010,15,Tlalnepantla De Baz,La Providencia,Colonia,,15104,2570
54010,15,Tlalnepantla De Baz,San Pedro Barrientos,Colonia,,15104,2571
54010,15,Tlalnepantla De Baz,Valle Hermoso,Fraccionamiento,,15104,2572
54010,15,Tlalnepantla De Baz,21 De Marzo,Colonia,,15104,2573
54010,15,Tlalnepantla De Baz,Barrientos Gustavo Baz,Unidad Habitacional,,15104,7896
54015,15,Tlalnepantla De Baz,Conjunto Urbano Terraze,Condominio,,15104,1
54015,15,Tlalnepantla De Baz,Barrientos,Zona Industrial,,15104,2575
54016,15,Tlalnepantla De Baz,Jose Maria Velasco,Unidad Habitacional,,15104,2576
54017,15,Tlalnepantla De Baz,Ninos Heroes,Zona Industrial,,15104,2577
54017,15,Tlalnepantla De Baz,Comunidad Betania,Fraccionamiento,,15104,7898
54020,15,Tlalnepantla De Baz,Benito Juarez (Tequex.),Colonia,,15104,2578
54020,15,Tlalnepantla De Baz,El Dorado,Fraccionamiento,,15104,2579
54020,15,Tlalnepantla De Baz,La Joya Chica,Fraccionamiento,,15104,2580
54020,15,Tlalnepantla De Baz,Lomas Boulevares,Fraccionamiento,,15104,2581
54020,15,Tlalnepantla De Baz,Tequexquinahuac Parte Alta,Colonia,,15104,2583
54020,15,Tlalnepantla De Baz,Valle Dorado,Fraccionamiento,,15104,2584
54020,15,Tlalnepantla De Baz,Condominio Tequexquinahuac,Unidad Habitacional,,15104,7899
54020,15,Tlalnepantla De Baz,Tequexquinahuac,Pueblo,,15104,7914
54020,15,Tlalnepantla De Baz,El Gran Dorado,Conjunto Habitacional,,15104,8928
54021,15,Tlalnepantla De Baz,Loma Azul,Colonia,,15104,2585
54022,15,Tlalnepantla De Baz,Robles Patera,Colonia,,15104,2586
54023,15,Tlalnepantla De Baz,Lomas De Valle Dorado,Fraccionamiento,,15104,2587
54023,15,Tlalnepantla De Baz,Lomas De Atlaco,Colonia,,15104,7905
54023,15,Tlalnepantla De Baz,Los Pirules Ampliacion,Fraccionamiento,,15104,7907
54023,15,Tlalnepantla De Baz,Lomas Tulpan,Colonia,,15104,7951
54025,15,Tlalnepantla De Baz,Cumbres Del Valle,Fraccionamiento,,15104,2588
54026,15,Tlalnepantla De Baz,Las Arboledas,Fraccionamiento,,15104,2589
54028,15,Tlalnepantla De Baz,Laderas De San Javier,Fraccionamiento,,15104,2591
54030,15,Tlalnepantla De Baz,Centro Industrial Tlalnepantla,Zona Industrial,,15104,2593
54030,15,Tlalnepantla De Baz,Tlaxcopan,Zona Industrial,,15104,2594
54030,15,Tlalnepantla De Baz,La Romana,Fraccionamiento,,15104,2595
54030,15,Tlalnepantla De Baz,La Nueva Ferrocarrilera,Colonia,,15104,2596
54030,15,Tlalnepantla De Baz,San Nicolas,Zona Industrial,,15104,2597
54030,15,Tlalnepantla De Baz,San Javier,Fraccionamiento,,15104,2598
54030,15,Tlalnepantla De Baz,Imss Tlalnepantla,Unidad Habitacional,,15104,2600
54030,15,Tlalnepantla De Baz,Jesus Garcia Corona,Unidad Habitacional,,15104,5051
54030,15,Tlalnepantla De Baz,Ampliacion San Javier,Colonia,,15104,8926
54033,15,Tlalnepantla De Baz,San Lorenzo,Zona Industrial,,15104,2601
54033,15,Tlalnepantla De Baz,La Ferrocarrilera El Hoyo,Colonia,,15104,6995
54037,15,Tlalnepantla De Baz,El Triangulo,Colonia,,15104,2603
54038,15,Tlalnepantla De Baz,Rivera Del Bosque,Fraccionamiento,,15104,2604
54040,15,Tlalnepantla De Baz,Lomas De San Andres Atenco,Colonia,,15104,2607
54040,15,Tlalnepantla De Baz,Los Pirules,Fraccionamiento,,15104,2608
54040,15,Tlalnepantla De Baz,Rincon Del Valle,Fraccionamiento,,15104,2609
54040,15,Tlalnepantla De Baz,San Andres Atenco,Pueblo,,15104,2610
54040,15,Tlalnepantla De Baz,Valle De Los Pinos 1Ra. Seccion,Fraccionamiento,,15104,2611
54040,15,Tlalnepantla De Baz,Valle Verde,Fraccionamiento,,15104,2612
54040,15,Tlalnepantla De Baz,Leandro Valle,Colonia,,15104,5103
54040,15,Tlalnepantla De Baz,Lomas De San Andres Atenco Ampliacion,Colonia,,15104,7000
54040,15,Tlalnepantla De Baz,San Andres Atenco Ampliacion,Colonia,,15104,7911
54049,15,Tlalnepantla De Baz,Balcones Del Valle,Colonia,,15104,2617
54050,15,Tlalnepantla De Baz,Bosques De Mexico,Fraccionamiento,,15104,2618
54050,15,Tlalnepantla De Baz,Ex-Hacienda De Santa Monica,Colonia,,15104,2620
54050,15,Tlalnepantla De Baz,Jacarandas,Fraccionamiento,,15104,2621
54050,15,Tlalnepantla De Baz,Jacarandas Ampliacion,Fraccionamiento,,15104,2622
54050,15,Tlalnepantla De Baz,Jardines De Santa Monica,Fraccionamiento,,15104,2623
54050,15,Tlalnepantla De Baz,Las Margaritas,Fraccionamiento,,15104,2624
54050,15,Tlalnepantla De Baz,Magisterial Vista Bella,Fraccionamiento,,15104,2625
54050,15,Tlalnepantla De Baz,Margaritas Ampliacion,Fraccionamiento,,15104,7909
54054,15,Tlalnepantla De Baz,Bellavista Satelite,Fraccionamiento,,15104,2628
54054,15,Tlalnepantla De Baz,Jardines Bellavista,Fraccionamiento,,15104,2629
54054,15,Tlalnepantla De Baz,Residencial Privanza,Fraccionamiento,,15104,5104
54054,15,Tlalnepantla De Baz,Rincon De Bella Vista,Fraccionamiento,,15104,5592
54054,15,Tlalnepantla De Baz,Club De Golf Bellavista,Fraccionamiento,,15104,8927
54055,15,Tlalnepantla De Baz,San Lucas Tepetlacalco,Pueblo,,15104,2630
54055,15,Tlalnepantla De Baz,San Lucas Tepetlacalco Ampliacion,Colonia,,15104,2631
54057,15,Tlalnepantla De Baz,Valle De Santa Monica,Fraccionamiento,,15104,2632
54059,15,Tlalnepantla De Baz,Francisco Villa,Colonia,,15104,2634
54060,15,Tlalnepantla De Baz,Electra,Fraccionamiento,,15104,2635
54060,15,Tlalnepantla De Baz,La Loma,Pueblo,,15104,2636
54060,15,Tlalnepantla De Baz,Arcos Electra,Fraccionamiento,,15104,2637
54060,15,Tlalnepantla De Baz,Miguel Hidalgo,Colonia,,15104,2638
54060,15,Tlalnepantla De Baz,Valle Del Paraiso,Fraccionamiento,,15104,2640
54060,15,Tlalnepantla De Baz,Viveros Del Rio,Fraccionamiento,,15104,2641
54060,15,Tlalnepantla De Baz,Viveros Del Valle,Fraccionamiento,,15104,2642
54060,15,Tlalnepantla De Baz,Valle De Los Pinos 2Da. Seccion,Fraccionamiento,,15104,7916
54060,15,Tlalnepantla De Baz,Valle Sol,Fraccionamiento,,15104,7917
54063,15,Tlalnepantla De Baz,Rinconada Del Paraiso,Fraccionamiento,,15104,2643
54067,15,Tlalnepantla De Baz,Tlalcalli,Unidad Habitacional,,15104,2646
54068,15,Tlalnepantla De Baz,Benito Juarez Centro,Colonia,,15104,2647
54069,15,Tlalnepantla De Baz,Las Rosas,Fraccionamiento,,15104,2648
54069,15,Tlalnepantla De Baz,Plaza De Las Rosas,Colonia,,15104,2649
54070,15,Tlalnepantla De Baz,El Cortijo,Unidad Habitacional,,15104,2650
54070,15,Tlalnepantla De Baz,San Jose Puente De Vigas,Zona Industrial,,15104,2651
54070,15,Tlalnepantla De Baz,La Comunidad,Fraccionamiento,,15104,2653
54070,15,Tlalnepantla De Baz,Adolfo Lopez Mateos,Unidad Habitacional,,15104,2655
54070,15,Tlalnepantla De Baz,Rancho San Antonio,Fraccionamiento,,15104,2658
54070,15,Tlalnepantla De Baz,Tlalnemex,Colonia,,15104,2659
54073,15,Tlalnepantla De Baz,Los Reyes,Zona Industrial,,15104,2660
54075,15,Tlalnepantla De Baz,Los Reyes,Pueblo,,15104,2661
54075,15,Tlalnepantla De Baz,Los Reyes Ixtacala 2Da. Seccion,Fraccionamiento,,15104,7908
54076,15,Tlalnepantla De Baz,Los Tejavanes,Unidad Habitacional,,15104,2662
54080,15,Tlalnepantla De Baz,Bellavista Puente De Vigas,Colonia,,15104,2664
54080,15,Tlalnepantla De Baz,El Mirador,Colonia,,15104,2665
54080,15,Tlalnepantla De Baz,Las Armas,Zona Industrial,,15104,2666
54080,15,Tlalnepantla De Baz,Plazas De La Colina,Fraccionamiento,,15104,2667
54080,15,Tlalnepantla De Baz,Residencias Del Parque,Fraccionamiento,,15104,2668
54080,15,Tlalnepantla De Baz,Vista Hermosa,Colonia,,15104,2670
54080,15,Tlalnepantla De Baz,Ampliacion Vista Hermosa,Fraccionamiento,,15104,2671
54080,15,Tlalnepantla De Baz,Viveros De La Loma,Fraccionamiento,,15104,2672
54080,15,Tlalnepantla De Baz,Xocoyahualco,Pueblo,,15104,2673
54080,15,Tlalnepantla De Baz,Condominios Villas Satelite,Unidad Habitacional,,15104,7900
54080,15,Tlalnepantla De Baz,Conjunto Pintores,Fraccionamiento,,15104,7901
54080,15,Tlalnepantla De Baz,Tepetlacalco A. C.,Unidad Habitacional,,15104,7913
54080,15,Tlalnepantla De Baz,Natura,Fraccionamiento,,15104,8931
54080,15,Tlalnepantla De Baz,Real Del Ocho,Fraccionamiento,,15104,8932
54090,15,Tlalnepantla De Baz,Rosario 1 Sector Croc Ii,Unidad Habitacional,,15104,2675
54090,15,Tlalnepantla De Baz,Rosario 1 Sector Croc Iii-A,Unidad Habitacional,,15104,2676
54090,15,Tlalnepantla De Baz,Hogares Ferrocarrileros,Unidad Habitacional,,15104,2678
54090,15,Tlalnepantla De Baz,La Escuela,Colonia,,15104,2679
54090,15,Tlalnepantla De Baz,La Mora,Colonia,,15104,2680
54090,15,Tlalnepantla De Baz,Los Reyes Ixtacala 1Ra. Seccion,Fraccionamiento,,15104,2682
54090,15,Tlalnepantla De Baz,Puente De Vigas,Pueblo,,15104,2683
54090,15,Tlalnepantla De Baz,San Jeronimo Tepetlacalco,Pueblo,,15104,2684
54090,15,Tlalnepantla De Baz,San Jose Puente De Vigas,Pueblo,,15104,2685
54090,15,Tlalnepantla De Baz,San Pablo Xalpa,Pueblo,,15104,2686
54090,15,Tlalnepantla De Baz,Sedena,Unidad Habitacional,,15104,5052
54090,15,Tlalnepantla De Baz,Rosario 1 Sector Croc Vii,Unidad Habitacional,,15104,5053
54090,15,Tlalnepantla De Baz,Rosario 1 Sector Ii-Ca,Unidad Habitacional,,15104,7004
54090,15,Tlalnepantla De Baz,Rosario 1 Sector Ii-Cb,Unidad Habitacional,,15104,7005
54090,15,Tlalnepantla De Baz,Rosario 1 Sector Ii-Cd,Unidad Habitacional,,15104,7006
54090,15,Tlalnepantla De Baz,Rosario 1 Sector Iii-A,Unidad Habitacional,,15104,7007
54090,15,Tlalnepantla De Baz,Rosario 1 Sector Iii-B,Unidad Habitacional,,15104,7008
54090,15,Tlalnepantla De Baz,Rosario 1 Sector Iii-C,Unidad Habitacional,,15104,7009
54090,15,Tlalnepantla De Baz,Los Cedros,Unidad Habitacional,,15104,7915
54090,15,Tlalnepantla De Baz,Rosario I Sector Croc Iii B,Unidad Habitacional,,15104,7924
54090,15,Tlalnepantla De Baz,Rosario Ii Sector I,Unidad Habitacional,,15104,7925
54090,15,Tlalnepantla De Baz,Rosario Ii Sector Ii,Unidad Habitacional,,15104,7926
54090,15,Tlalnepantla De Baz,Rosario Ii Sector Iii,Unidad Habitacional,,15104,7927
54092,15,Tlalnepantla De Baz,Rosario 1 Sector Croc V Bugambilias,Unidad Habitacional,,15104,2688
54092,15,Tlalnepantla De Baz,Rosario Ceylan,Fraccionamiento,,15104,2689
54093,15,Tlalnepantla De Baz,Rosario Ii Gasera,Unidad Habitacional,,15104,2690
54094,15,Tlalnepantla De Baz,Rosario Ii Hipodromo Textil,Unidad Habitacional,,15104,2691
54098,15,Tlalnepantla De Baz,Gustavo Baz Prada Los Reyes Ixtacala,Unidad Habitacional,,15104,2692
54100,15,Tlalnepantla De Baz,Las Palomas,Colonia,,15104,2695
54100,15,Tlalnepantla De Baz,San Lucas Patoni,Pueblo,,15104,2696
54100,15,Tlalnepantla De Baz,Unbidad Croc Solidaridad,Unidad Habitacional,,15104,6999
54108,15,Tlalnepantla De Baz,La Sideral,Colonia,,15104,2697
54108,15,Tlalnepantla De Baz,Ampliacion La Arboleda,Colonia,,15104,7897
54109,15,Tlalnepantla De Baz,La Arboleda,Colonia,,15104,2699
54110,15,Tlalnepantla De Baz,Unidad Barrientos,Unidad Habitacional,,15104,2700
54110,15,Tlalnepantla De Baz,El Olivo I,Colonia,,15104,2702
54110,15,Tlalnepantla De Baz,Hogar Obrero,Colonia,,15104,2703
54110,15,Tlalnepantla De Baz,Isidro Fabela,Colonia,,15104,2704
54110,15,Tlalnepantla De Baz,La Blanca,Colonia,,15104,2705
54110,15,Tlalnepantla De Baz,Reforma Urbana,Colonia,,15104,2706
54110,15,Tlalnepantla De Baz,Santa Maria Tlayacampa,Pueblo,,15104,2707
54110,15,Tlalnepantla De Baz,Franja Municipal,Colonia,,15104,5591
54110,15,Tlalnepantla De Baz,Nuevo Mexico,Fraccionamiento,,15104,6994
54110,15,Tlalnepantla De Baz,Lomas Del Calvario,Colonia,,15104,7906
54110,15,Tlalnepantla De Baz,Cooperativa La Romana,Colonia,,15104,7929
54118,15,Tlalnepantla De Baz,Franja Ferrea,Colonia,,15104,2709
54119,15,Tlalnepantla De Baz,El Olivo Ii Parte Alta Carlos Pichardo Cruz,Fraccionamiento,,15104,2710
54119,15,Tlalnepantla De Baz,El Olivo Ii Parte Baja,Fraccionamiento,,15104,6993
54120,15,Tlalnepantla De Baz,Gustavo Baz Prada,Colonia,,15104,2712
54120,15,Tlalnepantla De Baz,Gustavo Baz Prada Ampliacion,Colonia,,15104,2713
54120,15,Tlalnepantla De Baz,Loma Bonita,Fraccionamiento,,15104,2714
54120,15,Tlalnepantla De Baz,Los Parajes,Colonia,,15104,2715
54120,15,Tlalnepantla De Baz,San Rafael,Pueblo,,15104,2716
54120,15,Tlalnepantla De Baz,Tlayapa,Colonia,,15104,2717
54120,15,Tlalnepantla De Baz,Rancho San Rafael Amates,Colonia,,15104,7910
54120,15,Tlalnepantla De Baz,La Canada,Fraccionamiento,,15104,8929
54124,15,Tlalnepantla De Baz,Cuauhtemoc,Colonia,,15104,2718
54126,15,Tlalnepantla De Baz,Tabla Honda,Colonia,,15104,2720
54126,15,Tlalnepantla De Baz,Rio San Javier,Colonia,,15104,7928
54127,15,Tlalnepantla De Baz,Ferrocarrilera San Rafael,Colonia,,15104,2721
54128,15,Tlalnepantla De Baz,Condominios San Rafael,Unidad Habitacional,,15104,2722
54130,15,Tlalnepantla De Baz,El Rosal,Colonia,,15104,2723
54130,15,Tlalnepantla De Baz,Ex Ejido De Santa Cecilia,Colonia,,15104,2724
54130,15,Tlalnepantla De Baz,Independencia,Colonia,,15104,2725
54130,15,Tlalnepantla De Baz,Independencia Ampliacion,Colonia,,15104,2726
54130,15,Tlalnepantla De Baz,Izcalli Del Rio,Fraccionamiento,,15104,2727
54130,15,Tlalnepantla De Baz,Los Angeles,Colonia,,15104,2728
54130,15,Tlalnepantla De Baz,Santa Cecilia,Fraccionamiento,,15104,2730
54130,15,Tlalnepantla De Baz,Santa Cecilia Acatitlan,Pueblo,,15104,2731
54130,15,Tlalnepantla De Baz,Valle De Las Piramides,Fraccionamiento,,15104,5105
54130,15,Tlalnepantla De Baz,Jardines De La Canada,Unidad Habitacional,,15104,6996
54130,15,Tlalnepantla De Baz,Media Luna,Colonia,,15104,6997
54130,15,Tlalnepantla De Baz,Jardines Santa Cecilia Infonavit,Unidad Habitacional,,15104,7904
54134,15,Tlalnepantla De Baz,Jardines De Santa Cecilia,Fraccionamiento,,15104,2732
54135,15,Tlalnepantla De Baz,San Buenaventura,Zona Industrial,,15104,2733
54136,15,Tlalnepantla De Baz,San Buenaventura,Unidad Habitacional,,15104,2734
54140,15,Tlalnepantla De Baz,El Puerto,Colonia,,15104,2735
54140,15,Tlalnepantla De Baz,Izcalli Acatitlan,Fraccionamiento,,15104,2736
54140,15,Tlalnepantla De Baz,Izcalli Piramide,Fraccionamiento,,15104,2737
54140,15,Tlalnepantla De Baz,Izcalli Piramide Ii,Unidad Habitacional,,15104,2738
54140,15,Tlalnepantla De Baz,La Cantera,Colonia,,15104,2739
54140,15,Tlalnepantla De Baz,Ex-Ejido De San Lucas Patoni,Colonia,,15104,2741
54140,15,Tlalnepantla De Baz,San Miguel Chalma,Pueblo,,15104,2742
54140,15,Tlalnepantla De Baz,El Tenayo Centro,Colonia,,15104,2743
54140,15,Tlalnepantla De Baz,El Tenayo Norte,Colonia,,15104,2744
54140,15,Tlalnepantla De Baz,Ffcc Cecilia Mora Viuda De Gomez,Colonia,,15104,5589
54140,15,Tlalnepantla De Baz,El Tenayo Sur,Colonia,,15104,6998
54142,15,Tlalnepantla De Baz,Chalma La Union,Fraccionamiento,,15104,2745
54143,15,Tlalnepantla De Baz,Chalma La Barranca,Fraccionamiento,,15104,2746
54145,15,Tlalnepantla De Baz,Tabla Honda,Unidad Habitacional,,15104,2747
54146,15,Tlalnepantla De Baz,La Cuchilla,Colonia,,15104,2748
54147,15,Tlalnepantla De Baz,El Tenayo,Unidad Habitacional,,15104,2749
54147,15,Tlalnepantla De Baz,Valle Del Tenayo,Unidad Habitacional,,15104,2750
54149,15,Tlalnepantla De Baz,Hugo Cervantes Del Rio,Fraccionamiento,,15104,2752
54150,15,Tlalnepantla De Baz,Acueducto Tenayuca,Colonia,,15104,2753
54150,15,Tlalnepantla De Baz,Ahuehuetes,Colonia,,15104,2754
54150,15,Tlalnepantla De Baz,Arenal Tenayuca,Colonia,,15104,2755
54150,15,Tlalnepantla De Baz,Loma Escondida,Unidad Habitacional,,15104,2757
54150,15,Tlalnepantla De Baz,San Bartolo Tenayuca,Pueblo,,15104,2758
54150,15,Tlalnepantla De Baz,Valle Ceylan,Fraccionamiento,,15104,2759
54150,15,Tlalnepantla De Baz,Ampliacion Valle Ceylan,Fraccionamiento,,15104,7919
54152,15,Tlalnepantla De Baz,La Purisima,Colonia,,15104,2760
54158,15,Tlalnepantla De Baz,Poder De Dios,Colonia,,15104,2762
54160,15,Tlalnepantla De Baz,Artemisa,Unidad Habitacional,,15104,2764
54160,15,Tlalnepantla De Baz,La Joya Ixtacala,Colonia,,15104,2765
54160,15,Tlalnepantla De Baz,Miraflores,Fraccionamiento,,15104,2766
54160,15,Tlalnepantla De Baz,Nueva Ixtacala,Fraccionamiento,,15104,2767
54160,15,Tlalnepantla De Baz,P.I.P.S.A.,Unidad Habitacional,,15104,2768
54160,15,Tlalnepantla De Baz,Prado Ixtacala,Colonia,,15104,2769
54160,15,Tlalnepantla De Baz,San Antonio Ixtacala,Colonia,,15104,2770
54160,15,Tlalnepantla De Baz,San Felipe Ixtacala,Colonia,,15104,2771
54160,15,Tlalnepantla De Baz,San Juan Ixtacala,Pueblo,,15104,2772
54160,15,Tlalnepantla De Baz,El Tejocote,Unidad Habitacional,,15104,7902
54162,15,Tlalnepantla De Baz,Ceylan Ixtacala,Colonia,,15104,2773
54168,15,Tlalnepantla De Baz,San Juan Ixtacala Ampliacion Norte,Colonia,,15104,2779
54170,15,Tlalnepantla De Baz,Parque Industrial San Pablo Xalpa,Zona Industrial,,15104,2780
54170,15,Tlalnepantla De Baz,Prado Vallejo,Fraccionamiento,,15104,2782
54170,15,Tlalnepantla De Baz,Prensa Nacional,Colonia,,15104,2783
54170,15,Tlalnepantla De Baz,Venustiano Carranza,Colonia,,15104,2785
54170,15,Tlalnepantla De Baz,Bosques De Ceylan,Colonia,,15104,5588
54172,15,Tlalnepantla De Baz,Ex Hacienda De En Medio,Unidad Habitacional,,15104,2787
54173,15,Tlalnepantla De Baz,Maravillas Ceylan,Unidad Habitacional,,15104,2788
54180,15,Tlalnepantla De Baz,Lomas De San Juan Ixhuatepec,Colonia,,15104,2791
54180,15,Tlalnepantla De Baz,San Jose Ixhuatepec,Colonia,,15104,2792
54180,15,Tlalnepantla De Baz,San Juan Ixhuatepec,Pueblo,,15104,2793
54180,15,Tlalnepantla De Baz,Atras Del Tequiquil,Colonia,,15104,7001
54187,15,Tlalnepantla De Baz,La Presa,Zona Industrial,,15104,2798
54187,15,Tlalnepantla De Baz,Ecuestre Residencial San Jose,Colonia,,15104,4748
54187,15,Tlalnepantla De Baz,Magisterial Siglo Xxi,Unidad Habitacional,,15104,4749
54189,15,Tlalnepantla De Baz,Lazaro Cardenas 1Ra. Seccion,Colonia,,15104,2801
54189,15,Tlalnepantla De Baz,Lazaro Cardenas 2Da. Seccion,Colonia,,15104,7002
54189,15,Tlalnepantla De Baz,Lazaro Cardenas 3Ra. Seccion,Colonia,,15104,7003
54190,15,Tlalnepantla De Baz,Ffcc Concepcion Zepeda Viuda De Gomez Z.,Colonia,,15104,2803
54190,15,Tlalnepantla De Baz,Constitucion De 1917,Colonia,,15104,2804
54190,15,Tlalnepantla De Baz,Constituyentes De 1857,Colonia,,15104,2805
54190,15,Tlalnepantla De Baz,Division Del Norte,Colonia,,15104,2806
54190,15,Tlalnepantla De Baz,Dr. Jorge Jimenez Cantu,Colonia,,15104,2808
54190,15,Tlalnepantla De Baz,La Laguna,Colonia,,15104,2809
54190,15,Tlalnepantla De Baz,Marina Nacional,Colonia,,15104,2814
54190,15,Tlalnepantla De Baz,La Petrolera,Colonia,,15104,5106
54193,15,Tlalnepantla De Baz,Ex-Ejido De Tepeolulco,Colonia,,15104,2815
54195,15,Tlalnepantla De Baz,Santa Virginia,Fraccionamiento,,15104,2
54195,15,Tlalnepantla De Baz,Colinas De San Jose,Fraccionamiento,,15104,8934
54196,15,Tlalnepantla De Baz,Bahia Del Copal,Unidad Habitacional,,15104,2816
54196,15,Tlalnepantla De Baz,Angeles San Jose,Conjunto Habitacional,,15104,8933
54197,15,Tlalnepantla De Baz,San Isidro Ixhuatepec,Colonia,,15104,2817
54198,15,Tlalnepantla De Baz,Lomas De Lindavista El Copal,Fraccionamiento,,15104,2818
54198,15,Tlalnepantla De Baz,Los Angeles,Fraccionamiento,,15104,8930
54200,15,Polotitlan,Polotitlan De La Ilustracion,Pueblo,,15071,2823
54203,15,Polotitlan,Loma Bonita,Colonia,,15071,8935
54204,15,Polotitlan,El Alamo,Colonia,,15071,2820
54220,15,Polotitlan,San Francisco Acazuchitlaltongo,Pueblo,,15071,2829
54223,15,Polotitlan,Tildio,Rancheria,,15071,2
54223,15,Polotitlan,Ruano,Pueblo,,15071,2824
54223,15,Polotitlan,La Loma Del Pino (Pachuquilla),Rancheria,,15071,8937
54224,15,Polotitlan,Encinillas,Ejido,,15071,2821
54225,15,Polotitlan,El Panal,Rancheria,,15071,8704
54225,15,Polotitlan,Ranchito De Ruano,Rancheria,,15071,8705
54225,15,Polotitlan,San Isidro,Rancheria,,15071,8706
54225,15,Polotitlan,San Isidro El Chico,Rancheria,,15071,8707
54225,15,Polotitlan,San Isidrito,Rancheria,,15071,8936
54226,15,Polotitlan,San Antonio El Viejo,Pueblo,,15071,2828
54227,15,Polotitlan,Estacion Polotitlan (Casas Viejas),Pueblo,,15071,7329
54227,15,Polotitlan,Cerro Gordo,Pueblo,,15071,7330
54227,15,Polotitlan,Satelite,Rancheria,,15071,8709
54233,15,Polotitlan,El Gavillero De La Trinidad (La Curva),Pueblo,,15071,7326
54233,15,Polotitlan,La Magdalena,Rancheria,,15071,7327
54234,15,Polotitlan,Lazaro Cardenas (San Rafael),Barrio,,15071,2822
54234,15,Polotitlan,La Purisima (Buenavista),Pueblo,,15071,7328
54235,15,Polotitlan,San Nicolas De Los Cerritos,Pueblo,,15071,2830
54235,15,Polotitlan,San Antonio Polotitlan,Rancheria,,15071,8708
54236,15,Polotitlan,San Antonio Escobedo,Pueblo,,15071,2826
54236,15,Polotitlan,Taxhie,Pueblo,,15071,2831
54236,15,Polotitlan,Pueblo Nuevo,Rancheria,,15071,8710
54237,15,Polotitlan,Celayita (San Jose Celayita),Colonia,,15071,2819
54237,15,Polotitlan,San Agustin El Cuervo,Pueblo,,15071,2825
54237,15,Polotitlan,El Tesoro,Pueblo,,15071,6886
54239,15,Polotitlan,San Antonio Escobedo Norte,Rancheria,,15071,1
54240,15,Jilotepec,Jilotepec De Molina Enriquez,Pueblo,,15045,2842
54240,15,Jilotepec,La Cruz De Dendho,Colonia,,15045,8491
54246,15,Jilotepec,Vista Hermosa,Colonia,,15045,8141
54246,15,Jilotepec,Magisterio Estatal,Unidad Habitacional,,15045,8530
54250,15,Jilotepec,Potrero Nuevo,Rancheria,,15045,5
54250,15,Jilotepec,San Pablo Huantepec,Pueblo,,15045,2847
54250,15,Jilotepec,Ojo De Agua,Rancheria,,15045,6787
54253,15,Jilotepec,Coscomate Del Progreso,Pueblo,,15045,2835
54253,15,Jilotepec,Dexcani Alto,Pueblo,,15045,2836
54253,15,Jilotepec,Dexcani Bajo,Rancheria,,15045,2837
54253,15,Jilotepec,La Merced,Colonia,,15045,5143
54253,15,Jilotepec,La Manzanilla (Tercera Manzana De Dexcani Bajo),Rancheria,,15045,6791
54253,15,Jilotepec,El Huisache (Tercera Manzana De Dexcani Alto),Rancheria,,15045,6793
54253,15,Jilotepec,Ejido De Coscomate Del Progreso,Rancheria,,15045,6803
54253,15,Jilotepec,Denjhi,Rancheria,,15045,6805
54254,15,Jilotepec,Doxhicho,Pueblo,,15045,2838
54254,15,Jilotepec,Ejido De Jilotepec,Rancheria,,15045,6802
54254,15,Jilotepec,Danxho,Rancheria,,15045,6806
54255,15,Jilotepec,Las Manzanas,Pueblo,,15045,2843
54255,15,Jilotepec,San Lorenzo Octeyuco,Pueblo,,15045,2845
54255,15,Jilotepec,Xhimojay,Pueblo,,15045,2849
54255,15,Jilotepec,El Durazno De Cuauhtemoc,Pueblo,,15045,2852
54255,15,Jilotepec,Magueycitos,Rancheria,,15045,2853
54255,15,Jilotepec,Octeyuco 2000,Rancheria,,15045,6788
54255,15,Jilotepec,El Magueyal,Rancheria,,15045,6792
54255,15,Jilotepec,Ejido De San Lorenzo Octeyuco,Rancheria,,15045,6801
54255,15,Jilotepec,El Barrete,Rancheria,,15045,6941
54256,15,Jilotepec,Xhixhata,Pueblo,,15045,2850
54256,15,Jilotepec,Agua Escondida,Pueblo,,15045,2857
54256,15,Jilotepec,Las Huertas,Pueblo,,15045,2861
54256,15,Jilotepec,Santa Martha De La Cruz,Rancheria,,15045,6781
54257,15,Jilotepec,Parque Industrial Jilotepec,Zona Industrial,,15045,1
54257,15,Jilotepec,El Quichi,Colonia,,15045,6
54257,15,Jilotepec,Javier Barrios,Colonia,,15045,5142
54257,15,Jilotepec,El Xhitey,Rancheria,,15045,6782
54260,15,Jilotepec,Bosque De Canalejas (Manzana Sexta Canalejas),Colonia,,15045,4
54260,15,Jilotepec,Buenavista,Pueblo,,15045,2858
54260,15,Jilotepec,Canalejas,Pueblo,,15045,2859
54263,15,Jilotepec,Aldama,Pueblo,,15045,2833
54263,15,Jilotepec,El Rincon,Rancheria,,15045,2839
54263,15,Jilotepec,Teupan (Piedras Negras),Rancheria,,15045,6783
54263,15,Jilotepec,Llano Grande,Rancheria,,15045,6789
54263,15,Jilotepec,La Huaracha,Rancheria,,15045,8142
54264,15,Jilotepec,El Saltillo,Pueblo,,15045,2841
54265,15,Jilotepec,El Saltillito (Calpulalpan Cuarta Manzana),Rancheria,,15045,2
54265,15,Jilotepec,Las Jaras (Calpulalpan Segunda Manzana),Rancheria,,15045,3
54265,15,Jilotepec,El Fresno,Rancheria,,15045,7
54265,15,Jilotepec,Calpulalpan (Primera Manzana Centro),Pueblo,,15045,2834
54265,15,Jilotepec,La Comunidad,Pueblo,,15045,2860
54265,15,Jilotepec,San Vicente (Calpulalpan Tercera Manzana),Rancheria,,15045,6786
54265,15,Jilotepec,El Majuay,Pueblo,,15045,7281
54270,15,Jilotepec,San Martin Tuchicuitlapilco,Pueblo,,15045,2846
54270,15,Jilotepec,San Miguel De La Victoria,Pueblo,,15045,2863
54270,15,Jilotepec,Tecolapan,Rancheria,,15045,2864
54273,15,Jilotepec,El Rosal,Pueblo,,15045,2840
54273,15,Jilotepec,San Lorenzo Nenamicoyan,Pueblo,,15045,2844
54273,15,Jilotepec,Dedeni Dolores,Rancheria,,15045,2854
54273,15,Jilotepec,Mataxhi,Rancheria,,15045,2855
54273,15,Jilotepec,La Maqueda (Ejido De San Lorenzo Nenamicoyan),Rancheria,,15045,6790
54273,15,Jilotepec,San Ignacio De Loyola (San Ignacio),Pueblo,,15045,7282
54274,15,Jilotepec,San Juan Acazuchitlan (San Juanico),Pueblo,,15045,2856
54275,15,Jilotepec,Santiago Oxthoc,Pueblo,,15045,2862
54275,15,Jilotepec,Emiliano Zapata,Pueblo,,15045,7280
54275,15,Jilotepec,El Durazno De Guerrero,Pueblo,,15045,7283
54276,15,Jilotepec,Ejido Acazuchitlan (Ejido San Juan Bautista),Rancheria,,15045,6804
54280,15,Soyaniquilpan De Juarez,El Progreso,Colonia,,15079,1
54280,15,Soyaniquilpan De Juarez,El Ventorillo,Colonia,,15079,2
54280,15,Soyaniquilpan De Juarez,La Providencia,Colonia,,15079,3
54280,15,Soyaniquilpan De Juarez,Rancho Jesus Maria,Colonia,,15079,4
54280,15,Soyaniquilpan De Juarez,San Francisco Soyaniquilpan,Pueblo,,15079,2869
54280,15,Soyaniquilpan De Juarez,Loma Del Perdon,Colonia,,15079,7162
54280,15,Soyaniquilpan De Juarez,El Atoron,Colonia,,15079,7163
54280,15,Soyaniquilpan De Juarez,El Chiquinte,Colonia,,15079,7164
54283,15,Soyaniquilpan De Juarez,El Capulin,Pueblo,,15079,7159
54283,15,Soyaniquilpan De Juarez,El Quinte,Colonia,,15079,7165
54284,15,Soyaniquilpan De Juarez,San Agustin Buenavista,Pueblo,,15079,2866
54285,15,Soyaniquilpan De Juarez,El Divisadero Fresno (El Divisadero),Pueblo,,15079,2865
54285,15,Soyaniquilpan De Juarez,El Divisadero De Zapata,Pueblo,,15079,2870
54285,15,Soyaniquilpan De Juarez,San Juan Del Cuervo (El Cuervo),Rancheria,,15079,7158
54285,15,Soyaniquilpan De Juarez,Gavillero De Santa Ana,Rancheria,,15079,7160
54285,15,Soyaniquilpan De Juarez,San Isidro,Colonia,,15079,7161
54290,15,Soyaniquilpan De Juarez,Ignacio Zaragoza (Zaragoza),Pueblo,,15079,2871
54290,15,Soyaniquilpan De Juarez,La Goleta,Rancheria,,15079,2873
54290,15,Soyaniquilpan De Juarez,Santa Cruz (Ejido De Palos Altos),Rancheria,,15079,7155
54293,15,Soyaniquilpan De Juarez,Quinta Manzana De San Jose Deguedo,Rancheria,,15079,5
54294,15,Soyaniquilpan De Juarez,Vistahermosa (Vista Hermosa),Rancheria,,15079,7156
54295,15,Soyaniquilpan De Juarez,Palos Altos,Rancheria,,15079,2872
54296,15,Soyaniquilpan De Juarez,San Jose Deguedo,Pueblo,,15079,2867
54297,15,Soyaniquilpan De Juarez,San Juan Daxthi,Pueblo,,15079,2868
54300,15,Villa Del Carbon,Villa Del Carbon,Pueblo,,15112,2885
54310,15,Villa Del Carbon,San Jeronimo Zacapexco,Pueblo,,15112,2881
54313,15,Villa Del Carbon,La Capilla,Pueblo,,15112,2892
54313,15,Villa Del Carbon,Palo Hueco (Kilometro 5),Rancheria,,15112,6796
54313,15,Villa Del Carbon,Loma De La Hacienda,Rancheria,,15112,7219
54313,15,Villa Del Carbon,Bocanegra,Rancheria,,15112,7220
54313,15,Villa Del Carbon,Los Dominguez,Barrio,,15112,7221
54314,15,Villa Del Carbon,Magisterial,Fraccionamiento,,15112,1
54314,15,Villa Del Carbon,Los Gutierrez,Barrio,,15112,7225
54314,15,Villa Del Carbon,La Bellota,Barrio,,15112,7226
54314,15,Villa Del Carbon,Club Campestre Villa Del Actor,Fraccionamiento,,15112,7233
54315,15,Villa Del Carbon,Monte De Pena,Pueblo,,15112,2880
54315,15,Villa Del Carbon,El Plan Villa,Barrio,,15112,7228
54320,15,Villa Del Carbon,La Canada,Pueblo,,15112,2887
54320,15,Villa Del Carbon,San Salvador De La Laguna,Pueblo,,15112,2890
54320,15,Villa Del Carbon,La Arrastradera,Fraccionamiento,,15112,7205
54324,15,Villa Del Carbon,La Cruz Y Carrizal,Pueblo,,15112,2876
54324,15,Villa Del Carbon,Loma Alta Taxhimay,Pueblo,,15112,2882
54324,15,Villa Del Carbon,El Arenal,Rancheria,,15112,6798
54324,15,Villa Del Carbon,El Palomar,Rancheria,,15112,7201
54325,15,Villa Del Carbon,Golondrinas,Rancheria,,15112,3
54325,15,Villa Del Carbon,San Luis Taxhimay,Pueblo,,15112,2883
54326,15,Villa Del Carbon,San Luis Anahuac (Toriles),Pueblo,,15112,2874
54326,15,Villa Del Carbon,Las Moras,Pueblo,,15112,2888
54326,15,Villa Del Carbon,Los Oratorios,Rancheria,,15112,2889
54326,15,Villa Del Carbon,Xajay (Loma Del Xajay),Rancheria,,15112,6794
54326,15,Villa Del Carbon,La Escalera,Rancho,,15112,7200
54326,15,Villa Del Carbon,Potrero Largo (Villa Del Potrero),Rancheria,,15112,7202
54327,15,Villa Del Carbon,Santa Catarina,Rancheria,,15112,6800
54327,15,Villa Del Carbon,Los Madronos,Rancho,,15112,7203
54327,15,Villa Del Carbon,Villa Del Carbon,Fraccionamiento,,15112,7232
54330,15,Villa Del Carbon,El Ocotal,Pueblo,,15112,2875
54330,15,Villa Del Carbon,Llano De Zacapexco,Pueblo,,15112,2879
54330,15,Villa Del Carbon,San Lucas,Rancheria,,15112,6795
54333,15,Villa Del Carbon,Loma Alta,Pueblo,,15112,2877
54333,15,Villa Del Carbon,San Martin Cachihuapan,Pueblo,,15112,2884
54333,15,Villa Del Carbon,Loma De Don Juan,Rancheria,,15112,7207
54333,15,Villa Del Carbon,Loma De Trojes,Rancheria,,15112,7208
54333,15,Villa Del Carbon,Los Platitos (Colonia Los Platitos),Barrio,,15112,7209
54333,15,Villa Del Carbon,La Cienega,Colonia,,15112,7210
54334,15,Villa Del Carbon,El Varal,Rancheria,,15112,2
54334,15,Villa Del Carbon,La Cruz Del Arenal,Rancheria,,15112,6799
54334,15,Villa Del Carbon,La Centinela,Rancheria,,15112,7211
54334,15,Villa Del Carbon,Molinitos (Comunidad De Los Molinitos),Pueblo,,15112,7212
54334,15,Villa Del Carbon,Piequexhimo,Rancheria,,15112,7214
54335,15,Villa Del Carbon,Temanacoya (Barrio De Temanacoya),Rancheria,,15112,7215
54336,15,Villa Del Carbon,Santa Maria,Pueblo,,15112,7213
54337,15,Villa Del Carbon,Los Barbechos,Pueblo,,15112,2893
54337,15,Villa Del Carbon,San Isidro Del Bosque,Pueblo,,15112,2894
54337,15,Villa Del Carbon,Las Vigas,Rancheria,,15112,2895
54337,15,Villa Del Carbon,Los Rueda,Rancheria,,15112,7217
54340,15,Villa Del Carbon,Pueblo Nuevo,Pueblo,,15112,2896
54345,15,Villa Del Carbon,Los Arana,Pueblo,,15112,2878
54346,15,Villa Del Carbon,La Esperanza,Pueblo,,15112,2891
54346,15,Villa Del Carbon,El Cerrito,Rancheria,,15112,6797
54346,15,Villa Del Carbon,El Aguila,Rancheria,,15112,7216
54346,15,Villa Del Carbon,Llano Grande,Rancheria,,15112,7218
54350,15,Chapa De Mota,Chapa De Mota,Pueblo,,15026,2897
54360,15,Chapa De Mota,Macavaca (Santa Ana Macavaca),Rancheria,,15026,2902
54360,15,Chapa De Mota,Barajas (Hacienda Vieja),Ejido,,15026,7262
54360,15,Chapa De Mota,Ventey,Barrio,,15026,7265
54360,15,Chapa De Mota,El Chabacano,Rancheria,,15026,7268
54363,15,Chapa De Mota,Barajas,Pueblo,,15026,2904
54363,15,Chapa De Mota,Damate,Pueblo,,15026,2905
54363,15,Chapa De Mota,La Soledad (El Mogote),Barrio,,15026,7259
54364,15,Chapa De Mota,San Jose Ampabi,Rancheria,,15026,2
54364,15,Chapa De Mota,San Francisco De Las Tablas,Pueblo,,15026,2900
54364,15,Chapa De Mota,Las Animas,Pueblo,,15026,2914
54365,15,Chapa De Mota,Xhone,Barrio,,15026,7263
54365,15,Chapa De Mota,Venu,Barrio,,15026,7264
54365,15,Chapa De Mota,La Loma,Rancheria,,15026,9432
54366,15,Chapa De Mota,Mefi,Barrio,,15026,7261
54367,15,Chapa De Mota,Santa Maria,Rancheria,,15026,2906
54367,15,Chapa De Mota,Xhote,Rancheria,,15026,6743
54373,15,Chapa De Mota,Tenjay,Rancheria,,15026,2915
54373,15,Chapa De Mota,Los Limones,Rancheria,,15026,9433
54374,15,Chapa De Mota,La Palma,Rancheria,,15026,2913
54374,15,Chapa De Mota,La Concepcion,Barrio,,15026,7269
54375,15,Chapa De Mota,Cadenqui,Pueblo,,15026,2911
54375,15,Chapa De Mota,El Salto,Barrio,,15026,7266
54375,15,Chapa De Mota,La Alameda (Las Lajas),Barrio,,15026,7267
54380,15,Chapa De Mota,Dhalle (Ejido De Dongu),Rancheria,,15026,1
54380,15,Chapa De Mota,Santa Elena,Pueblo,,15026,2901
54380,15,Chapa De Mota,Danxho,Barrio,,15026,7258
54383,15,Chapa De Mota,La Ladera,Barrio,,15026,2910
54384,15,Chapa De Mota,La Esperanza,Pueblo,,15026,2912
54385,15,Chapa De Mota,Dongu,Pueblo,,15026,2898
54385,15,Chapa De Mota,San Felipe Coamango,Pueblo,,15026,2899
54386,15,Chapa De Mota,San Juan Tuxtepec,Pueblo,,15026,2903
54386,15,Chapa De Mota,San Gabriel,Pueblo,,15026,2907
54386,15,Chapa De Mota,El Puerto,Pueblo,,15026,2908
54387,15,Chapa De Mota,El Quinte,Pueblo,,15026,2909
54387,15,Chapa De Mota,San Felipe Coamango,Ejido,,15026,9434
54400,15,Nicolas Romero,Benito Juarez 1A. Seccion (Cabecera Municipal),Colonia,,15060,2917
54402,15,Nicolas Romero,Barron,Pueblo,,15060,2919
54405,15,Nicolas Romero,Benito Juarez,Colonia,,15060,2920
54407,15,Nicolas Romero,Ampliacion El Rosario,Colonia,,15060,6
54407,15,Nicolas Romero,Libertad 1A. Seccion,Colonia,,15060,2923
54407,15,Nicolas Romero,Libertad 2A Seccion,Colonia,,15060,6900
54407,15,Nicolas Romero,Aquiles Cordova Moran,Colonia,,15060,9276
54408,15,Nicolas Romero,Jorge Jimenez Cantu,Colonia,,15060,2925
54409,15,Nicolas Romero,Independencia 1A. Seccion,Colonia,,15060,2926
54409,15,Nicolas Romero,Independencia 2A. Seccion,Colonia,,15060,2927
54409,15,Nicolas Romero,San Marcos,Fraccionamiento,,15060,5144
54409,15,Nicolas Romero,Torres Peregrina,Fraccionamiento,,15060,5145
54410,15,Nicolas Romero,El Globo,Fraccionamiento,,15060,2929
54413,15,Nicolas Romero,Cinco De Febrero,Colonia,,15060,2931
54413,15,Nicolas Romero,Guadalupe San Ildefonso,Colonia,,15060,2932
54413,15,Nicolas Romero,San Juan,Colonia,,15060,2933
54414,15,Nicolas Romero,Buenavista,Colonia,,15060,2934
54414,15,Nicolas Romero,Vista Hermosa 1A. Seccion,Colonia,,15060,2935
54414,15,Nicolas Romero,Vista Hermosa 2A. Seccion,Colonia,,15060,8130
54414,15,Nicolas Romero,Ampliacion Vista Hermosa,Colonia,,15060,8131
54416,15,Nicolas Romero,Rinconada Lago De Guadalupe,Fraccionamiento,,15060,1
54416,15,Nicolas Romero,Santa Anita La Bolsa,Colonia,,15060,2936
54416,15,Nicolas Romero,Cantaros Iii,Fraccionamiento,,15060,6172
54416,15,Nicolas Romero,Cumbres,Fraccionamiento,,15060,8968
54417,15,Nicolas Romero,Azotlan Parte Alta,Colonia,,15060,2937
54417,15,Nicolas Romero,Lomas De Guadalupe,Colonia,,15060,5128
54417,15,Nicolas Romero,Azotlan Parte Baja,Colonia,,15060,8127
54420,15,Nicolas Romero,Los Manantiales,Fraccionamiento,,15060,2939
54424,15,Nicolas Romero,San Miguel Hila,Pueblo,,15060,2916
54425,15,Nicolas Romero,Vicente Guerrero 2A. Seccion,Colonia,,15060,2942
54425,15,Nicolas Romero,Vicente Guerrero 1A. Seccion,Colonia,,15060,2943
54426,15,Nicolas Romero,Vicente Guerrero Barron,Colonia,,15060,2944
54430,15,Nicolas Romero,San Jose Los Barbechos (Los Barbechos),Colonia,,15060,7
54430,15,Nicolas Romero,Quinto Barrio (Ejido Cahuacan),Colonia,,15060,2946
54430,15,Nicolas Romero,Miranda,Colonia,,15060,6876
54430,15,Nicolas Romero,Puentecillas Cahuacan,Colonia,,15060,6877
54430,15,Nicolas Romero,Santa Maria Magdalena Cahuacan,Pueblo,,15060,6878
54430,15,Nicolas Romero,Guadalupe,Barrio,,15060,9004
54430,15,Nicolas Romero,Loma De Chapultepec,Barrio,,15060,9010
54434,15,Nicolas Romero,Hidalgo,Colonia,,15060,2947
54434,15,Nicolas Romero,Ignacio Capetillo,Colonia,,15060,2948
54434,15,Nicolas Romero,Santa Anita,Colonia,,15060,8138
54435,15,Nicolas Romero,Llano Grande Atzacaputzaltongo,Colonia,,15060,8
54435,15,Nicolas Romero,El Trafico,Colonia,,15060,2949
54435,15,Nicolas Romero,Himno Nacional,Colonia,,15060,2950
54435,15,Nicolas Romero,Veintidos De Febrero,Colonia,,15060,6879
54435,15,Nicolas Romero,Ciudad Campestre,Fraccionamiento,,15060,9072
54439,15,Nicolas Romero,Transfiguracion,Pueblo,,15060,2951
54439,15,Nicolas Romero,La Estancia,Barrio,,15060,9006
54440,15,Nicolas Romero,San Jose,Colonia,,15060,4
54440,15,Nicolas Romero,San Francisco Magu,Pueblo,,15060,2952
54447,15,Nicolas Romero,San Juan De Las Tablas,Pueblo,,15060,2940
54448,15,Nicolas Romero,Puerto Magu,Pueblo,,15060,2953
54448,15,Nicolas Romero,De La Luz,Barrio,,15060,6869
54448,15,Nicolas Romero,El Mirador,Colonia,,15060,6870
54448,15,Nicolas Romero,El Esclavo,Colonia,,15060,6872
54448,15,Nicolas Romero,Pueblo Nuevo,Barrio,,15060,9009
54449,15,Nicolas Romero,Bosques De San Nicolas,Fraccionamiento,,15060,5
54449,15,Nicolas Romero,San Jose El Vidrio,Pueblo,,15060,2954
54449,15,Nicolas Romero,San Miguel,Colonia,,15060,9003
54449,15,Nicolas Romero,Loma De Guadalupe (La Biznaga),Barrio,,15060,9007
54455,15,Nicolas Romero,Morelos,Colonia,,15060,2956
54455,15,Nicolas Romero,Loma De San Jose,Fraccionamiento,,15060,6874
54457,15,Nicolas Romero,Ignacio Zaragoza,Colonia,,15060,2957
54459,15,Nicolas Romero,El Gavillero,Colonia,,15060,2958
54459,15,Nicolas Romero,Loma Larga,Colonia,,15060,6875
54460,15,Nicolas Romero,Progreso Industrial,Pueblo,,15060,2959
54460,15,Nicolas Romero,Caja De Agua,Colonia,,15060,5626
54460,15,Nicolas Romero,"""Y"" Griega",Colonia,,15060,5630
54460,15,Nicolas Romero,La Concepcion,Colonia,,15060,5631
54460,15,Nicolas Romero,Los Tubos,Colonia,,15060,6599
54460,15,Nicolas Romero,Joya Del Tejocote,Colonia,,15060,6873
54460,15,Nicolas Romero,San Pablo De La Cruz,Colonia,,15060,6880
54460,15,Nicolas Romero,Villas Del Bosque,Fraccionamiento,,15060,9011
54463,15,Nicolas Romero,Loma Del Rio,Fraccionamiento,,15060,2960
54463,15,Nicolas Romero,Llano Grande (Nuevo Ejido),Colonia,,15060,6871
54463,15,Nicolas Romero,El Tanque,Barrio,,15060,9005
54464,15,Nicolas Romero,La Concepcion (El Escobal),Rancheria,,15060,9008
54466,15,Nicolas Romero,San Juan Tlihuaca,Colonia,,15060,2961
54466,15,Nicolas Romero,Paseo De San Carlos,Fraccionamiento,,15060,5627
54466,15,Nicolas Romero,San Carlos,Fraccionamiento,,15060,5628
54466,15,Nicolas Romero,Cantaros I,Fraccionamiento,,15060,6174
54466,15,Nicolas Romero,Cantaros Ii,Fraccionamiento,,15060,6175
54466,15,Nicolas Romero,Fuentes De San Jose,Conjunto Habitacional,,15060,7030
54466,15,Nicolas Romero,Unidad Magisterial,Unidad Habitacional,,15060,8136
54467,15,Nicolas Romero,Elsa Cordova Moran,Colonia,,15060,3
54467,15,Nicolas Romero,Arcoiris,Fraccionamiento,,15060,2962
54467,15,Nicolas Romero,Francisco I. Madero 1A. Seccion,Colonia,,15060,2963
54467,15,Nicolas Romero,Francisco I. Madero Seccion 20,Colonia,,15060,8134
54467,15,Nicolas Romero,Mirador Del Conde,Unidad Habitacional,,15060,8137
54469,15,Nicolas Romero,Benito Juarez Barron,Colonia,,15060,2965
54470,15,Nicolas Romero,San Ildefonso,Pueblo,,15060,2966
54473,15,Nicolas Romero,Campestre Liberacion,Colonia,,15060,2121
54473,15,Nicolas Romero,Francisco Sarabia 1A. Seccion,Colonia,,15060,2968
54473,15,Nicolas Romero,Bulevares Del Lago,Fraccionamiento,,15060,5097
54473,15,Nicolas Romero,Francisco Sarabia 2A. Seccion,Colonia,,15060,8139
54474,15,Nicolas Romero,Granjas De Guadalupe 1A. Seccion,Colonia,,15060,2969
54474,15,Nicolas Romero,Clara Cordova Moran,Colonia,,15060,5147
54474,15,Nicolas Romero,Vista Verde,Fraccionamiento,,15060,5629
54474,15,Nicolas Romero,Ampliacion Granjas De Guadalupe,Colonia,,15060,8135
54475,15,Nicolas Romero,La Colmena,Pueblo,,15060,2970
54475,15,Nicolas Romero,Loma De La Cruz 1A. Seccion,Colonia,,15060,2971
54476,15,Nicolas Romero,Hacienda Santo Tomas,Fraccionamiento,,15060,2
54476,15,Nicolas Romero,Lomas Del Lago,Colonia,,15060,2972
54476,15,Nicolas Romero,Sitio 217,Unidad Habitacional,,15060,2973
54476,15,Nicolas Romero,Bosques De La Colmena,Colonia,,15060,5148
54476,15,Nicolas Romero,Pueblo Viejo,Colonia,,15060,5149
54476,15,Nicolas Romero,Ricardo Flores Magon,Colonia,,15060,5150
54476,15,Nicolas Romero,Colonial Del Lago,Fraccionamiento,,15060,5774
54477,15,Nicolas Romero,San Isidro La Paz 1A. Seccion,Colonia,,15060,2974
54477,15,Nicolas Romero,San Isidro La Paz 2A. Seccion,Colonia,,15060,8132
54477,15,Nicolas Romero,San Isidro La Paz 3A. Seccion,Colonia,,15060,8133
54480,15,Isidro Fabela,Tlazala De Fabela,Pueblo,,15038,2975
54480,15,Isidro Fabela,Tlazala,Colonia,,15038,5127
54483,15,Isidro Fabela,Laureles,Colonia,,15038,2977
54484,15,Isidro Fabela,Miraflores,Colonia,,15038,2978
54485,15,Isidro Fabela,La Palma,Colonia,,15038,2979
54486,15,Isidro Fabela,Aurora,Colonia,,15038,6866
54487,15,Isidro Fabela,Endeguido,Rancheria,,15038,3
54488,15,Isidro Fabela,Presa Iturbide,Rancheria,,15038,4
54489,15,Isidro Fabela,Las Palomas (Los Tachos),Rancheria,,15038,5
54490,15,Isidro Fabela,Miraflores,Ejido,,15038,2
54493,15,Isidro Fabela,Palma (Ejido San Francisco),Ejido,,15038,1
54494,15,Isidro Fabela,Los Jarros,Ejido,,15038,6868
54495,15,Isidro Fabela,Canada De Onofres,Ejido,,15038,6867
54570,15,Jilotzingo,La Cruz,Rancheria,,15046,2
54570,15,Jilotzingo,Espiritu Santo,Pueblo,,15046,2980
54570,15,Jilotzingo,San Luis Ayucan,Pueblo,,15046,2981
54570,15,Jilotzingo,Santa Ana Jilotzingo,Pueblo,,15046,2982
54570,15,Jilotzingo,Santa Maria Mazatla,Pueblo,,15046,2983
54570,15,Jilotzingo,Endonica,Barrio,,15046,6692
54570,15,Jilotzingo,Ensido,Barrio,,15046,6693
54570,15,Jilotzingo,Monfi,Barrio,,15046,6694
54570,15,Jilotzingo,La Cuesta,Barrio,,15046,6698
54571,15,Jilotzingo,San Miguel Tecpan,Pueblo,,15046,2984
54573,15,Jilotzingo,Doditay,Rancheria,,15046,6696
54573,15,Jilotzingo,Quishiguada,Rancheria,,15046,6699
54574,15,Jilotzingo,San Jose De Las Manzanas,Rancheria,,15046,6697
54575,15,Jilotzingo,Dangu,Pueblo,,15046,6695
54576,15,Jilotzingo,La Cuesta De Xinte,Rancheria,,15046,1
54600,15,Tepotzotlan,San Mateo Xoloc,Pueblo,,15095,2986
54600,15,Tepotzotlan,Tepotzotlan Centro,Colonia,,15095,2987
54600,15,Tepotzotlan,San Martin,Barrio,,15095,2997
54602,15,Tepotzotlan,San Jose,Barrio,,15095,2989
54602,15,Tepotzotlan,El Refugio,Barrio,,15095,2990
54602,15,Tepotzotlan,Guadalupe,Barrio,,15095,2991
54602,15,Tepotzotlan,La Palmita,Colonia,,15095,7960
54602,15,Tepotzotlan,El Tejocote,Rancheria,,15095,7976
54603,15,Tepotzotlan,Capula,Barrio,,15095,3003
54604,15,Tepotzotlan,Ejido Santiago,Colonia,,15095,6
54604,15,Tepotzotlan,Santa Cruz,Pueblo,,15095,2995
54605,15,Tepotzotlan,Texcacoa,Barrio,,15095,2998
54605,15,Tepotzotlan,Tlacateco,Barrio,,15095,2999
54605,15,Tepotzotlan,Villas Del Convento,Fraccionamiento,,15095,3000
54605,15,Tepotzotlan,Parque Industrial Cedros,Zona Industrial,,15095,7962
54607,15,Tepotzotlan,Ricardo Flores Magon,Colonia,,15095,3002
54607,15,Tepotzotlan,San Jose La Teja,Exhacienda,,15095,3012
54607,15,Tepotzotlan,Loma Bonita,Colonia,,15095,4849
54607,15,Tepotzotlan,Ampliacion Los Potros (Tres Piedras),Colonia,,15095,4850
54607,15,Tepotzotlan,El Arroyo,Rancho,,15095,7977
54607,15,Tepotzotlan,La Lumbrera,Colonia,,15095,8220
54608,15,Tepotzotlan,Los Alamos,Fraccionamiento,,15095,3004
54608,15,Tepotzotlan,Paseo Los Virreyes,Fraccionamiento,,15095,3005
54610,15,Tepotzotlan,Industrial El Trebol,Fraccionamiento,,15095,3006
54610,15,Tepotzotlan,Puente Grande,Colonia,,15095,5593
54610,15,Tepotzotlan,Parque Industrial El Convento,Zona Industrial,,15095,7959
54610,15,Tepotzotlan,Reserva Ecologica Xochitla,Equipamiento,,15095,8223
54614,15,Tepotzotlan,El Trebol,Unidad Habitacional,,15095,3008
54615,15,Tepotzotlan,La Tecla,Barrio,,15095,2
54615,15,Tepotzotlan,Lumbrera Ii,Colonia,,15095,3
54615,15,Tepotzotlan,Axotlan Ii,Colonia,,15095,4
54615,15,Tepotzotlan,San Sebastian,Colonia,,15095,5
54616,15,Tepotzotlan,Arboleda,Conjunto Habitacional,,15095,3009
54616,15,Tepotzotlan,Las Animas,Barrio,,15095,3010
54640,15,Tepotzotlan,Los Dolores (Ex-Hacienda Los Dolores),Colonia,,15095,3013
54640,15,Tepotzotlan,El Gavillero,Colonia,,15095,6368
54645,15,Tepotzotlan,Arcos Del Sitio,Colonia,,15095,3014
54650,15,Tepotzotlan,Santiago El Alto,Ejido,,15095,1
54650,15,Tepotzotlan,Tierras Blancas Del Sur,Colonia,,15095,7
54650,15,Tepotzotlan,Canada De Cisneros,Pueblo,,15095,3016
54650,15,Tepotzotlan,Santiago Cuautlalpan Centro,Colonia,,15095,3019
54650,15,Tepotzotlan,Club Virreyes,Fraccionamiento,,15095,3021
54650,15,Tepotzotlan,El Mirador,Fraccionamiento,,15095,3022
54650,15,Tepotzotlan,Granjas Hogar Y Petrohuertos Delegacion,Fraccionamiento,,15095,3023
54650,15,Tepotzotlan,De La Luz,Barrio,,15095,3026
54650,15,Tepotzotlan,San Vicente,Barrio,,15095,3027
54650,15,Tepotzotlan,Santiago,Barrio,,15095,3029
54650,15,Tepotzotlan,Hacienda La Concepcion,Fraccionamiento,,15095,3030
54650,15,Tepotzotlan,Titini,Barrio,,15095,3032
54650,15,Tepotzotlan,La Luz,Barrio,,15095,6363
54650,15,Tepotzotlan,San Jose,Barrio,,15095,6365
54650,15,Tepotzotlan,Santa Rita,Barrio,,15095,6366
54650,15,Tepotzotlan,San Bartolo,Barrio,,15095,6367
54650,15,Tepotzotlan,Lanzarote,Exhacienda,,15095,7974
54650,15,Tepotzotlan,Hacienda La Concepcion (Ex-Rancho La Joya),Fraccionamiento,,15095,7975
54650,15,Tepotzotlan,Las Lechuguillas,Barrio,,15095,8901
54655,15,Tepotzotlan,La Concepcion,Barrio,,15095,3031
54655,15,Tepotzotlan,El Jaguey,Colonia,,15095,8898
54655,15,Tepotzotlan,La Pedrera (La Mina),Colonia,,15095,8899
54655,15,Tepotzotlan,El Puerto De Los Huizaches,Colonia,,15095,8900
54656,15,Tepotzotlan,San Miguel Canadas,Pueblo,,15095,3028
54658,15,Tepotzotlan,Las Cabanas,Fraccionamiento,,15095,3034
54660,15,Coyotepec,Coyotepec,Pueblo,,15023,3035
54665,15,Coyotepec,La Renda,Rancheria,,15023,1
54665,15,Coyotepec,La Planada,Barrio,,15023,5783
54665,15,Coyotepec,Santa Barbara,Barrio,,15023,5784
54665,15,Coyotepec,Reyes,Barrio,,15023,5786
54665,15,Coyotepec,Caltenco,Barrio,,15023,5787
54665,15,Coyotepec,El Gavillero (Barrio Caltenco),Ejido,,15023,9012
54666,15,Coyotepec,Cimapan,Barrio,,15023,5777
54666,15,Coyotepec,Ixtapacalco,Barrio,,15023,5778
54666,15,Coyotepec,San Francisco,Barrio,,15023,5782
54667,15,Coyotepec,Acoacalco,Barrio,,15023,5779
54667,15,Coyotepec,Chautonco,Barrio,,15023,5780
54667,15,Coyotepec,Santiago,Barrio,,15023,5781
54667,15,Coyotepec,La Bolsa,Colonia,,15023,7590
54668,15,Coyotepec,Lomas De Guadalupe,Colonia,,15023,2
54668,15,Coyotepec,Pueblo Nuevo,Barrio,,15023,5785
54668,15,Coyotepec,San Juan,Barrio,,15023,5788
54680,15,Huehuetoca,Huehuetoca,Pueblo,,15035,3037
54683,15,Huehuetoca,San Bartolo,Pueblo,,15035,3040
54683,15,Huehuetoca,San Pedro Xalpa,Pueblo,,15035,3047
54683,15,Huehuetoca,Ex-Hacienda De Xalpa,Fraccionamiento,,15035,9584
54684,15,Huehuetoca,Puente Grande,Pueblo,,15035,3038
54684,15,Huehuetoca,Jardines De Huehuetoca,Fraccionamiento,,15035,5131
54684,15,Huehuetoca,Real De Huehuetoca,Fraccionamiento,,15035,7678
54685,15,Huehuetoca,Paseos Del Prado,Fraccionamiento,,15035,2
54685,15,Huehuetoca,Salitrillo,Pueblo,,15035,3039
54685,15,Huehuetoca,La Canada,Barrio,,15035,3049
54685,15,Huehuetoca,Casa Nueva,Fraccionamiento,,15035,5130
54685,15,Huehuetoca,Portal Del Sol,Fraccionamiento,,15035,7679
54685,15,Huehuetoca,Arboledas De Huehuetoca,Fraccionamiento,,15035,7680
54685,15,Huehuetoca,Huehuetoca Del Maurel,Fraccionamiento,,15035,9582
54685,15,Huehuetoca,Galaxia Huehuetoca,Fraccionamiento,,15035,9586
54687,15,Huehuetoca,Parque Industrial O Donnell Intermodal Huehuetoca,Zona Industrial,,15035,1
54687,15,Huehuetoca,Santa Maria,Pueblo,,15035,3042
54687,15,Huehuetoca,Barranca Prieta,Barrio,,15035,5129
54687,15,Huehuetoca,Hacienda Las Misiones,Conjunto Habitacional,,15035,7840
54690,15,Huehuetoca,El Sitio (Ejido De Jalpa),Ejido,,15035,9583
54693,15,Huehuetoca,San Miguel De Los Jagueyes,Pueblo,,15035,3041
54693,15,Huehuetoca,Urbi Villa Del Rey,Conjunto Habitacional,,15035,7687
54693,15,Huehuetoca,Privadas Del Valle,Fraccionamiento,,15035,9585
54694,15,Huehuetoca,Santa Teresa,Conjunto Habitacional,,15035,7681
54694,15,Huehuetoca,La Guadalupana Bicentenario Huehuetoca,Colonia,,15035,8490
54696,15,Huehuetoca,El Dorado Huehuetoca,Fraccionamiento,,15035,7688
54696,15,Huehuetoca,Citara,Fraccionamiento,,15035,9646
54697,15,Huehuetoca,Loma Bonita,Barrio,,15035,7689
54697,15,Huehuetoca,Jorobas,Barrio,,15035,7690
54697,15,Huehuetoca,Campo Militar San Miguel Jagueyes,Zona Federal,,15035,7692
54697,15,Huehuetoca,Lumbrera 13,Barrio,,15035,9587
54697,15,Huehuetoca,Lumbrera 14 A,Barrio,,15035,9588
54700,15,Cuautitlan Izcalli,Cuautitlan Izcalli Centro Urbano,Colonia,,15121,3050
54700,15,Cuautitlan Izcalli,Elite Plaza,Unidad Habitacional,,15121,6522
54710,15,Cuautitlan Izcalli,El Cerrito,Colonia,,15121,7
54710,15,Cuautitlan Izcalli,Las Tinajas,Colonia,,15121,8
54710,15,Cuautitlan Izcalli,Prados De Cuautitlan,Fraccionamiento,,15121,10
54710,15,Cuautitlan Izcalli,Bellavista,Colonia,,15121,3054
54710,15,Cuautitlan Izcalli,San Jose Buenavista,Colonia,,15121,3055
54710,15,Cuautitlan Izcalli,El Rosario,Pueblo,,15121,3056
54710,15,Cuautitlan Izcalli,San Jose Huilango,Pueblo,,15121,3058
54710,15,Cuautitlan Izcalli,San Pablo De Los Gallos,Colonia,,15121,3059
54710,15,Cuautitlan Izcalli,Santa Maria Tianguistengo,Pueblo,,15121,3060
54710,15,Cuautitlan Izcalli,Lomas De Los Angeles,Colonia,,15121,6496
54710,15,Cuautitlan Izcalli,Ejido Santa Maria Tianguistengo,Colonia,,15121,6505
54710,15,Cuautitlan Izcalli,La Era,Unidad Habitacional,,15121,6520
54710,15,Cuautitlan Izcalli,Ejido Santiago Cuautlalpan,Colonia,,15121,6521
54712,15,Cuautitlan Izcalli,Bosques De Xhala,Colonia,,15121,3061
54712,15,Cuautitlan Izcalli,San Mateo Ixtacalco Fraccion La Capilla,Colonia,,15121,3062
54712,15,Cuautitlan Izcalli,Las Animas,Colonia,,15121,6501
54713,15,Cuautitlan Izcalli,San Lorenzo Rio Tenco,Pueblo,,15121,3064
54713,15,Cuautitlan Izcalli,San Mateo Ixtacalco,Pueblo,,15121,3066
54713,15,Cuautitlan Izcalli,Santa Barbara,Pueblo,,15121,3067
54713,15,Cuautitlan Izcalli,El Sabino,Colonia,,15121,6527
54714,15,Cuautitlan Izcalli,El Socorro,Colonia,,15121,3068
54714,15,Cuautitlan Izcalli,San Sebastian Xhala,Pueblo,,15121,3069
54714,15,Cuautitlan Izcalli,Parque Industrial Xhala,Zona Industrial,,15121,3070
54715,15,Cuautitlan Izcalli,Adolfo Lopez Mateos,Unidad Habitacional,,15121,3071
54715,15,Cuautitlan Izcalli,Bosques De La Hacienda 1A Seccion,Fraccionamiento,,15121,3072
54715,15,Cuautitlan Izcalli,Valle De La Hacienda,Fraccionamiento,,15121,3074
54715,15,Cuautitlan Izcalli,Ex-Hacienda San Miguel,Fraccionamiento,,15121,4654
54715,15,Cuautitlan Izcalli,Jardines De San Miguel,Fraccionamiento,,15121,4706
54715,15,Cuautitlan Izcalli,Cofradia De San Miguel,Fraccionamiento,,15121,4707
54715,15,Cuautitlan Izcalli,Cofradia Ii,Fraccionamiento,,15121,4708
54715,15,Cuautitlan Izcalli,Arboledas De San Miguel,Fraccionamiento,,15121,4853
54715,15,Cuautitlan Izcalli,Bosques De La Hacienda 3A Seccion,Unidad Habitacional,,15121,4854
54715,15,Cuautitlan Izcalli,Bosques De La Hacienda 2A Seccion,Fraccionamiento,,15121,4855
54715,15,Cuautitlan Izcalli,Cofradia Iii,Fraccionamiento,,15121,5561
54715,15,Cuautitlan Izcalli,Cofradia Iv,Fraccionamiento,,15121,5562
54715,15,Cuautitlan Izcalli,Rinconada Cuautitlan,Fraccionamiento,,15121,8972
54715,15,Cuautitlan Izcalli,Jardines De San Miguel Lll,Unidad Habitacional,,15121,9690
54716,15,Cuautitlan Izcalli,Residencial La Luz,Fraccionamiento,,15121,3075
54716,15,Cuautitlan Izcalli,Parque Industrial La Luz,Zona Industrial,,15121,3076
54719,15,Cuautitlan Izcalli,Claustros De San Miguel,Fraccionamiento,,15121,4709
54719,15,Cuautitlan Izcalli,Paseos De Izcalli,Fraccionamiento,,15121,5565
54719,15,Cuautitlan Izcalli,Paseos Del Encanto,Colonia,,15121,5566
54719,15,Cuautitlan Izcalli,Urbi Quinta Montecarlo,Fraccionamiento,,15121,5571
54719,15,Cuautitlan Izcalli,Axotlan,Pueblo,,15121,6518
54720,15,Cuautitlan Izcalli,Infonavit Norte,Unidad Habitacional,,15121,3079
54720,15,Cuautitlan Izcalli,Seccion Parques,Fraccionamiento,,15121,3080
54720,15,Cuautitlan Izcalli,Jardines De La Hacienda Sur,Fraccionamiento,,15121,3081
54720,15,Cuautitlan Izcalli,La Piedad,Colonia,,15121,3082
54720,15,Cuautitlan Izcalli,Ctm Nr1 Nucleos,Unidad Habitacional,,15121,3084
54720,15,Cuautitlan Izcalli,Infonavit Norte Consorcio,Unidad Habitacional,,15121,4856
54720,15,Cuautitlan Izcalli,Ferrocarrilera,Unidad Habitacional,,15121,4858
54720,15,Cuautitlan Izcalli,Mexico,Unidad Habitacional,,15121,4859
54720,15,Cuautitlan Izcalli,Lomas De San Francisco Tepojaco,Fraccionamiento,,15121,5568
54720,15,Cuautitlan Izcalli,Viveros Ii,Unidad Habitacional,,15121,6498
54720,15,Cuautitlan Izcalli,Del Rio,Unidad Habitacional,,15121,6500
54720,15,Cuautitlan Izcalli,San Marcos Cuamatla,Colonia,,15121,6510
54725,15,Cuautitlan Izcalli,La Aurora,Colonia,,15121,3085
54725,15,Cuautitlan Izcalli,Las Auroritas,Colonia,,15121,3087
54725,15,Cuautitlan Izcalli,San Antonio,Unidad Habitacional,,15121,3089
54725,15,Cuautitlan Izcalli,Rinconada San Miguel,Fraccionamiento,,15121,6514
54729,15,Cuautitlan Izcalli,Jardines De La Hacienda Norte,Fraccionamiento,,15121,3091
54729,15,Cuautitlan Izcalli,San Juan Atlamica,Pueblo,,15121,3092
54730,15,Cuautitlan Izcalli,San Isidro,Colonia,,15121,4
54730,15,Cuautitlan Izcalli,Arcos De La Hacienda,Fraccionamiento,,15121,3093
54730,15,Cuautitlan Izcalli,Complejo Industrial Cuamatla,Zona Industrial,,15121,3094
54730,15,Cuautitlan Izcalli,Rincon Colonial,Fraccionamiento,,15121,3097
54730,15,Cuautitlan Izcalli,Ejidos De San Isidro,Colonia,,15121,3098
54730,15,Cuautitlan Izcalli,El Cerrito,Unidad Habitacional,,15121,4860
54730,15,Cuautitlan Izcalli,Parque Industrial Cuamatla,Zona Industrial,,15121,6511
54730,15,Cuautitlan Izcalli,Parque Industrial La Joya,Zona Industrial,,15121,6512
54740,15,Cuautitlan Izcalli,Atlanta,Fraccionamiento,,15121,3099
54740,15,Cuautitlan Izcalli,Cumbria,Fraccionamiento,,15121,3100
54740,15,Cuautitlan Izcalli,Ensuenos,Fraccionamiento,,15121,3101
54740,15,Cuautitlan Izcalli,La Perla,Colonia,,15121,3102
54740,15,Cuautitlan Izcalli,Residencial Los Lirios,Unidad Habitacional,,15121,3110
54740,15,Cuautitlan Izcalli,Santa Rosa De Lima,Colonia,,15121,3111
54740,15,Cuautitlan Izcalli,Urbi Hacienda Balboa,Fraccionamiento,,15121,7950
54743,15,Cuautitlan Izcalli,Fuentes Del Tepeyac,Fraccionamiento,,15121,2
54743,15,Cuautitlan Izcalli,Colonial Taxco,Fraccionamiento,,15121,3
54743,15,Cuautitlan Izcalli,Tulipanes,Unidad Habitacional,,15121,3104
54743,15,Cuautitlan Izcalli,Fidel Velazquez,Unidad Habitacional,,15121,3122
54743,15,Cuautitlan Izcalli,Francisco Villa,Colonia,,15121,3124
54743,15,Cuautitlan Izcalli,Plaza Dorada,Unidad Habitacional,,15121,3131
54743,15,Cuautitlan Izcalli,Santa Maria Guadalupe Las Torres,Colonia,,15121,3132
54743,15,Cuautitlan Izcalli,Valle De San Lucas,Colonia,,15121,3133
54743,15,Cuautitlan Izcalli,Santiago Tepalcapa,Pueblo,,15121,3161
54743,15,Cuautitlan Izcalli,Infonavit Centro,Unidad Habitacional,,15121,4861
54743,15,Cuautitlan Izcalli,Infonavit Tepalcapa,Unidad Habitacional,,15121,5570
54743,15,Cuautitlan Izcalli,Campo 1,Unidad Habitacional,,15121,6507
54744,15,Cuautitlan Izcalli,Colinas Del Lago,Fraccionamiento,,15121,3107
54744,15,Cuautitlan Izcalli,Nopaltepec,Unidad Habitacional,,15121,3108
54744,15,Cuautitlan Izcalli,Jorge Jimenez Cantu,Colonia,,15121,3153
54744,15,Cuautitlan Izcalli,La Joyita,Colonia,,15121,3156
54744,15,Cuautitlan Izcalli,Valle De Las Flores,Colonia,,15121,3158
54745,15,Cuautitlan Izcalli,Los Ailes,Colonia,,15121,1
54745,15,Cuautitlan Izcalli,Ejido De Guadalupe,Colonia,,15121,9
54745,15,Cuautitlan Izcalli,San Francisco Tepojaco,Pueblo,,15121,3109
54745,15,Cuautitlan Izcalli,Los Pinos,Colonia,,15121,6499
54745,15,Cuautitlan Izcalli,La Conasupo,Fraccionamiento,,15121,7990
54750,15,Cuautitlan Izcalli,Arcos Del Alba,Fraccionamiento,,15121,3112
54750,15,Cuautitlan Izcalli,Jardines Del Alba,Fraccionamiento,,15121,3113
54750,15,Cuautitlan Izcalli,Las Conchitas,Colonia,,15121,3117
54750,15,Cuautitlan Izcalli,Generalisimo Jose Maria Morelos Y Pavon Seccion Norte,Unidad Habitacional,,15121,3159
54750,15,Cuautitlan Izcalli,Generalisimo Jose Maria Morelos Y Pavon Seccion Sur,Unidad Habitacional,,15121,6502
54753,15,Cuautitlan Izcalli,Residencial Bosques Del Alba,Unidad Habitacional,,15121,5
54753,15,Cuautitlan Izcalli,Joyas Del Alba,Fraccionamiento,,15121,6
54753,15,Cuautitlan Izcalli,Bosques Del Alba I,Unidad Habitacional,,15121,3115
54753,15,Cuautitlan Izcalli,Luis Echeverria,Colonia,,15121,3127
54753,15,Cuautitlan Izcalli,Fuentes Del Bosque,Fraccionamiento,,15121,5563
54753,15,Cuautitlan Izcalli,Bosques Del Alba Ii,Unidad Habitacional,,15121,6503
54759,15,Cuautitlan Izcalli,Loma Bonita,Colonia,,15121,3119
54760,15,Cuautitlan Izcalli,Bosques De Morelos,Colonia,,15121,3120
54760,15,Cuautitlan Izcalli,Lago De Guadalupe,Fraccionamiento,,15121,3126
54760,15,Cuautitlan Izcalli,Plan De Guadalupe,Colonia,,15121,3129
54760,15,Cuautitlan Izcalli,Tres De Mayo,Colonia,,15121,3134
54760,15,Cuautitlan Izcalli,Rincon Del Bosque,Fraccionamiento,,15121,8484
54763,15,Cuautitlan Izcalli,La Presita,Colonia,,15121,3137
54763,15,Cuautitlan Izcalli,Ampliacion Ejidal San Isidro,Colonia,,15121,3138
54763,15,Cuautitlan Izcalli,"Infonavit Sur ""Ninos Heroes""",Unidad Habitacional,,15121,3139
54763,15,Cuautitlan Izcalli,Ejidal San Isidro,Colonia,,15121,3140
54763,15,Cuautitlan Izcalli,San Martin Tepetlixpa,Pueblo,,15121,3141
54763,15,Cuautitlan Izcalli,Unidad Civica Bacardi,Fraccionamiento,,15121,3142
54763,15,Cuautitlan Izcalli,Los Pajaros,Unidad Habitacional,,15121,4862
54763,15,Cuautitlan Izcalli,Las Gaviotas,Unidad Habitacional,,15121,6475
54763,15,Cuautitlan Izcalli,Villas Del Sol,Fraccionamiento,,15121,6477
54763,15,Cuautitlan Izcalli,Residencial La Joya,Fraccionamiento,,15121,6482
54763,15,Cuautitlan Izcalli,Las Mariposas,Unidad Habitacional,,15121,6483
54763,15,Cuautitlan Izcalli,Las Huertas,Unidad Habitacional,,15121,6484
54763,15,Cuautitlan Izcalli,San Martin Obispo O Tepetlixpan,Ejido,,15121,6492
54763,15,Cuautitlan Izcalli,Tres Picos,Colonia,,15121,6493
54764,15,Cuautitlan Izcalli,Santa Maria De Guadalupe La Quebrada,Colonia,,15121,6491
54765,15,Cuautitlan Izcalli,Lomas Del Bosque,Colonia,,15121,3145
54765,15,Cuautitlan Izcalli,Mirador Santa Rosa,Colonia,,15121,3146
54765,15,Cuautitlan Izcalli,El Tikal,Colonia,,15121,3148
54766,15,Cuautitlan Izcalli,Bosques Del Lago,Fraccionamiento,,15121,3150
54766,15,Cuautitlan Izcalli,Campestre Del Lago,Fraccionamiento,,15121,3151
54767,15,Cuautitlan Izcalli,Granjas Lomas De Guadalupe,Colonia,,15121,3154
54769,15,Cuautitlan Izcalli,Hacienda Del Parque,Fraccionamiento,,15121,3163
54769,15,Cuautitlan Izcalli,La Quebrada Centro,Fraccionamiento,,15121,3164
54769,15,Cuautitlan Izcalli,La Quebrada Ampliacion,Fraccionamiento,,15121,3165
54769,15,Cuautitlan Izcalli,Valle Esmeralda,Unidad Habitacional,,15121,3166
54769,15,Cuautitlan Izcalli,Paseo De Los Jardines,Unidad Habitacional,,15121,6473
54769,15,Cuautitlan Izcalli,Cumbre Norte,Unidad Habitacional,,15121,6474
54769,15,Cuautitlan Izcalli,Torres Algibe,Fraccionamiento,,15121,6476
54769,15,Cuautitlan Izcalli,Villas Del Perinorte,Unidad Habitacional,,15121,6479
54769,15,Cuautitlan Izcalli,Bosques Del Perinorte,Unidad Habitacional,,15121,6486
54769,15,Cuautitlan Izcalli,Parque Industrial San Martin Obispo,Zona Industrial,,15121,7987
54770,15,Teoloyucan,Tlatilco,Barrio,,15091,5132
54770,15,Teoloyucan,Tlatenco,Barrio,,15091,5134
54770,15,Teoloyucan,Misiones Teoloyucan,Fraccionamiento,,15091,7083
54770,15,Teoloyucan,Villas Teoloyucan,Fraccionamiento,,15091,7084
54770,15,Teoloyucan,Hacienda Beatriz,Fraccionamiento,,15091,7994
54783,15,Teoloyucan,Analco,Barrio,,15091,3167
54783,15,Teoloyucan,San Juan,Barrio,,15091,3170
54783,15,Teoloyucan,Santa Maria Caliacac,Barrio,,15091,3172
54783,15,Teoloyucan,Santo Tomas,Barrio,,15091,3177
54783,15,Teoloyucan,Tepanquiahuac,Barrio,,15091,5137
54783,15,Teoloyucan,Fresno 2000,Fraccionamiento,,15091,5138
54783,15,Teoloyucan,Santa Cruz,Barrio,,15091,5775
54783,15,Teoloyucan,La Providencia,Fraccionamiento,,15091,5789
54784,15,Teoloyucan,San Bartolo,Barrio,,15091,3169
54784,15,Teoloyucan,Santiago,Barrio,,15091,3173
54784,15,Teoloyucan,Atzacoalco,Barrio,,15091,5133
54784,15,Teoloyucan,Sagitario,Fraccionamiento,,15091,5135
54785,15,Teoloyucan,San Jose,Colonia,,15091,5776
54785,15,Teoloyucan,Los Olivos,Fraccionamiento,,15091,7085
54785,15,Teoloyucan,Ex-Hacienda San Jose Puente Grande,Colonia,,15091,7996
54785,15,Teoloyucan,La Victoria,Colonia,,15091,7998
54786,15,Teoloyucan,Cuaxoxoca,Barrio,,15091,3168
54786,15,Teoloyucan,Santa Cruz Del Monte,Colonia,,15091,3171
54786,15,Teoloyucan,Zimapan,Barrio,,15091,3175
54786,15,Teoloyucan,San Sebastian,Barrio,,15091,3178
54786,15,Teoloyucan,Acolco,Barrio,,15091,5136
54786,15,Teoloyucan,Axalpa,Barrio,,15091,5139
54786,15,Teoloyucan,La Era,Colonia,,15091,5140
54786,15,Teoloyucan,Guadalupe,Colonia,,15091,7997
54800,15,Cuautitlan,Cuautitlan Centro,Colonia,,15024,3179
54800,15,Cuautitlan,Los Morales 1A Seccion,Fraccionamiento,,15024,3180
54800,15,Cuautitlan,Paseo De Santa Maria,Fraccionamiento,,15024,3181
54800,15,Cuautitlan,Romita,Colonia,,15024,3182
54800,15,Cuautitlan,San Juan,Fraccionamiento,,15024,3183
54800,15,Cuautitlan,El Nopalito,Barrio,,15024,3193
54800,15,Cuautitlan,Misiones Ii,Fraccionamiento,,15024,6535
54803,15,Cuautitlan,Hacienda De Cuautitlan,Fraccionamiento,,15024,5773
54803,15,Cuautitlan,Joyas De Cuautitlan,Fraccionamiento,,15024,6468
54803,15,Cuautitlan,La Alborada,Fraccionamiento,,15024,7992
54804,15,Cuautitlan,Tecoac-Monales,Barrio,,15024,3187
54805,15,Cuautitlan,Ejidos De Guadalupe,Colonia,,15024,3188
54807,15,Cuautitlan,El Huerto,Barrio,,15024,3189
54807,15,Cuautitlan,San Francisco Cascantitla,Fraccionamiento,,15024,4864
54807,15,Cuautitlan,Paseos De Cuautitlan,Fraccionamiento,,15024,4865
54820,15,Cuautitlan,Villa Maria (Ejido Villa Maria),Rancho,,15024,4
54820,15,Cuautitlan,El Tejado,Ejido,,15024,5
54820,15,Cuautitlan,El Mecate,Rancho,,15024,7
54820,15,Cuautitlan,La Garita,Rancho,,15024,10
54820,15,Cuautitlan,Cantarranas,Rancho,,15024,3198
54820,15,Cuautitlan,Las Palomas,Rancho,,15024,3200
54820,15,Cuautitlan,Venecia,Colonia,,15024,3203
54820,15,Cuautitlan,Villa Maria,Rancho,,15024,3204
54830,15,Cuautitlan,La Arboleda,Fraccionamiento,,15024,2
54830,15,Cuautitlan,El Machero,Ejido,,15024,6548
54830,15,Cuautitlan,Parque San Mateo (Hacienda San Mateo),Fraccionamiento,,15024,8897
54831,15,Cuautitlan,El Mirador,Colonia,,15024,3206
54831,15,Cuautitlan,Santa Maria Huecatitla,Pueblo,,15024,3211
54831,15,Cuautitlan,Santa Barbara,Ejido,,15024,6532
54831,15,Cuautitlan,Macolo,Colonia,,15024,6547
54834,15,Cuautitlan,San Jose Puente Grande,Colonia,,15024,3207
54840,15,Cuautitlan,La Toscana,Fraccionamiento,,15024,8
54840,15,Cuautitlan,Villas Xaltipa,Fraccionamiento,,15024,9
54840,15,Cuautitlan,San Mateo Ixtacalco,Pueblo,,15024,3201
54840,15,Cuautitlan,El Carmen,Barrio,,15024,3212
54840,15,Cuautitlan,San Roque,Colonia,,15024,3219
54840,15,Cuautitlan,Dos Rios Segunda Seccion,Colonia,,15024,4866
54840,15,Cuautitlan,Juan Diego,Fraccionamiento,,15024,4867
54840,15,Cuautitlan,Los Morales 2A Seccion,Fraccionamiento,,15024,6536
54840,15,Cuautitlan,La Laguna,Colonia,,15024,6544
54840,15,Cuautitlan,La Guadalupana,Fraccionamiento,,15024,6549
54840,15,Cuautitlan,Galaxia Cuautitlan,Fraccionamiento,,15024,8185
54850,15,Cuautitlan,El Tejocote,Colonia,,15024,3195
54850,15,Cuautitlan,Dos Rios Primera Seccion,Colonia,,15024,3225
54850,15,Cuautitlan,Villas Xaltipa Ii,Fraccionamiento,,15024,3227
54850,15,Cuautitlan,La Trinidad,Pueblo,,15024,3229
54850,15,Cuautitlan,Rancho Santa Elena,Fraccionamiento,,15024,4713
54850,15,Cuautitlan,Paseos Del Bosque,Fraccionamiento,,15024,8283
54850,15,Cuautitlan,Real De San Fernando,Fraccionamiento,,15024,9688
54855,15,Cuautitlan,Tizoc,Fraccionamiento,,15024,3236
54857,15,Cuautitlan,Villas De Cuautitlan,Fraccionamiento,,15024,3237
54857,15,Cuautitlan,Villas Olivo,Fraccionamiento,,15024,6546
54858,15,Cuautitlan,Cebadales Primera Seccion,Unidad Habitacional,,15024,3238
54860,15,Cuautitlan,San Mateo Ixtacalco Fraccion Tlaxculpas,Ejido,,15024,6533
54870,15,Cuautitlan,El Paraiso,Unidad Habitacional,,15024,3250
54870,15,Cuautitlan,Lazaro Cardenas,Colonia,,15024,3251
54870,15,Cuautitlan,San Blas I,Fraccionamiento,,15024,3253
54870,15,Cuautitlan,San Blas Ii,Fraccionamiento,,15024,3254
54870,15,Cuautitlan,San Jose Milla,Barrio,,15024,3255
54870,15,Cuautitlan,Santa Ana Tlaltepan,Barrio,,15024,3257
54870,15,Cuautitlan,Misiones I,Fraccionamiento,,15024,4655
54870,15,Cuautitlan,Rancho San Blas,Fraccionamiento,,15024,5624
54875,15,Cuautitlan,Foresta Residencial,Fraccionamiento,,15024,1
54875,15,Cuautitlan,Cristal,Fraccionamiento,,15024,3259
54875,15,Cuautitlan,Mayorazgos,Fraccionamiento,,15024,6539
54875,15,Cuautitlan,Las Patricias I Y Ii,Fraccionamiento,,15024,6540
54875,15,Cuautitlan,Los Olivos,Fraccionamiento,,15024,6545
54877,15,Cuautitlan,El Paraiso Fovissste,Unidad Habitacional,,15024,3260
54878,15,Cuautitlan,El Infiernillo,Colonia,,15024,3261
54879,15,Cuautitlan,El Cerrito,Colonia,,15024,3262
54879,15,Cuautitlan,El Partidor,Colonia,,15024,3263
54879,15,Cuautitlan,La Palma,Colonia,,15024,3266
54879,15,Cuautitlan,Loma Bonita,Colonia,,15024,3267
54879,15,Cuautitlan,Nueva Espanita,Colonia,,15024,3268
54879,15,Cuautitlan,Villa Jardin,Fraccionamiento,,15024,4868
54879,15,Cuautitlan,Puente Jabonero,Barrio,,15024,7947
54879,15,Cuautitlan,Necapa,Colonia,,15024,7948
54880,15,Melchor Ocampo,Rancho El Banadero,Rancheria,,15053,4
54880,15,Melchor Ocampo,Torresco,Barrio,,15053,5
54880,15,Melchor Ocampo,Melchor Ocampo Centro,Colonia,,15053,3271
54880,15,Melchor Ocampo,San Isidro,Barrio,,15053,5265
54880,15,Melchor Ocampo,San Antonio,Barrio,,15053,5268
54880,15,Melchor Ocampo,Educacion,Colonia,,15053,5270
54880,15,Melchor Ocampo,Xacopinca,Colonia,,15053,5271
54880,15,Melchor Ocampo,El Mirador,Colonia,,15053,8214
54884,15,Melchor Ocampo,Senor De Los Milagros,Barrio,,15053,5267
54884,15,Melchor Ocampo,Tepetongo,Barrio,,15053,5269
54890,15,Melchor Ocampo,Revolucionaria,Colonia,,15053,1
54890,15,Melchor Ocampo,Xochimiquia,Colonia,,15053,2
54890,15,Melchor Ocampo,Bicentenario,Colonia,,15053,3
54890,15,Melchor Ocampo,Villas Del Fresno,Fraccionamiento,,15053,6
54890,15,Melchor Ocampo,La Palma De Visitacion,Rancho,,15053,7
54890,15,Melchor Ocampo,Alamos Iii,Fraccionamiento,,15053,8
54890,15,Melchor Ocampo,Visitacion,Pueblo,,15053,3273
54890,15,Melchor Ocampo,San Francisco Tenopalco,Pueblo,,15053,5264
54890,15,Melchor Ocampo,Los Alamos,Fraccionamiento,,15053,6550
54890,15,Melchor Ocampo,2 De Septiembre,Colonia,,15053,8211
54890,15,Melchor Ocampo,Canaditas,Colonia,,15053,8212
54890,15,Melchor Ocampo,Lomas De Tenopalco,Colonia,,15053,8213
54890,15,Melchor Ocampo,La Canada,Colonia,,15053,8215
54890,15,Melchor Ocampo,La Florida,Colonia,,15053,8216
54890,15,Melchor Ocampo,Los Alamos Ii,Fraccionamiento,,15053,8217
54900,15,Tultitlan,Belem,Barrio,,15109,3275
54900,15,Tultitlan,La Concepcion,Barrio,,15109,3276
54900,15,Tultitlan,Los Reyes,Barrio,,15109,3277
54900,15,Tultitlan,Nativitas,Barrio,,15109,3278
54900,15,Tultitlan,San Bartolo,Barrio,,15109,3279
54900,15,Tultitlan,San Juan,Barrio,,15109,3280
54900,15,Tultitlan,Santiaguito,Barrio,,15109,3281
54900,15,Tultitlan,Tultitlan De Mariano Escobedo Centro,Colonia,,15109,3282
54900,15,Tultitlan,Residencial Los Reyes,Condominio,,15109,6335
54900,15,Tultitlan,Rincon Colonial,Condominio,,15109,8994
54910,15,Tultitlan,Universidad Politecnica Del Valle De Mexico,Equipamiento,,15109,2
54910,15,Tultitlan,Ejido La Reyna (La Reyna),Colonia,,15109,3
54910,15,Tultitlan,Fuentes Del Valle,Fraccionamiento,,15109,3285
54910,15,Tultitlan,Villas De San Jose,Fraccionamiento,,15109,3286
54910,15,Tultitlan,Villa Esmeralda,Colonia,,15109,4714
54910,15,Tultitlan,Los Agaves Tultitlan,Condominio,,15109,4716
54910,15,Tultitlan,Los Portales,Fraccionamiento,,15109,5499
54910,15,Tultitlan,Ex Hacienda Casco La Mariscala,Fraccionamiento,,15109,6333
54910,15,Tultitlan,La Ponderosa,Fraccionamiento,,15109,6334
54910,15,Tultitlan,Jardines De Tultitlan,Condominio,,15109,6389
54910,15,Tultitlan,Central De Abastos,Zona Comercial,,15109,7988
54913,15,Tultitlan,Privada San Marcos,Condominio,,15109,4
54913,15,Tultitlan,Cocem,Fraccionamiento,,15109,3287
54913,15,Tultitlan,Residencial Sol De Tultitlan,Condominio,,15109,3288
54913,15,Tultitlan,Recursos Hidraulicos,Colonia,,15109,3289
54913,15,Tultitlan,Villas Jardin,Condominio,,15109,3290
54913,15,Tultitlan,Bosques De Tultitlan,Condominio,,15109,4720
54913,15,Tultitlan,Quinta El Angel,Unidad Habitacional,,15109,6325
54913,15,Tultitlan,Ampliacion Cocem,Condominio,,15109,6326
54914,15,Tultitlan,Unidad Electricistas,Condominio,,15109,3294
54915,15,Tultitlan,Independencia,Colonia,,15109,3291
54915,15,Tultitlan,El Obelisco,Condominio,,15109,4719
54915,15,Tultitlan,Los Reyes,Colonia,,15109,6324
54915,15,Tultitlan,Porto Alegre,Condominio,,15109,7935
54916,15,Tultitlan,Lazaro Cardenas (Zona Hornos),Colonia,,15109,3296
54918,15,Tultitlan,Parque Industrial Cartagena,Zona Industrial,,15109,3297
54918,15,Tultitlan,Parque Industrial Tultitlan,Zona Industrial,,15109,3298
54918,15,Tultitlan,El Cueyamil,Colonia,,15109,4715
54920,15,Tultitlan,Hogares De Castera,Condominio,,15109,3299
54920,15,Tultitlan,Jardines De Los Claustros Iii,Fraccionamiento,,15109,3301
54920,15,Tultitlan,San Pablo Castera,Fraccionamiento,,15109,3302
54924,15,Tultitlan,Las Llanuras,Fraccionamiento,,15109,3303
54924,15,Tultitlan,El Kiosco,Condominio,,15109,3304
54924,15,Tultitlan,Conjunto Cristal,Condominio,,15109,4870
54924,15,Tultitlan,Lote 104 (Tehuantepec),Condominio,,15109,4871
54925,15,Tultitlan,Hacienda San Pablo,Fraccionamiento,,15109,3305
54925,15,Tultitlan,Prados Seccion B,Conjunto Habitacional,,15109,3307
54926,15,Tultitlan,Las Estepas,Fraccionamiento,,15109,3308
54926,15,Tultitlan,Lote 55 (Los Tejados),Condominio,,15109,3309
54926,15,Tultitlan,Sustitucion Arista,Unidad Habitacional,,15109,3310
54926,15,Tultitlan,Los Agaves (Lote 71),Condominio,,15109,4904
54926,15,Tultitlan,Galaxias Tultitlan,Fraccionamiento,,15109,7978
54927,15,Tultitlan,Las Tortolas,Fraccionamiento,,15109,3311
54927,15,Tultitlan,Mariano Escobedo (Los Faroles),Unidad Habitacional,,15109,3313
54927,15,Tultitlan,Hogares De Castera Lote 73,Colonia,,15109,4874
54927,15,Tultitlan,Lote 41 (El Carmen),Condominio,,15109,4875
54927,15,Tultitlan,Emilio Chuayffet Chemor,Colonia,,15109,4876
54929,15,Tultitlan,Alborada I,Fraccionamiento,,15109,3314
54929,15,Tultitlan,La Alborada Vallas,Unidad Habitacional,,15109,3315
54929,15,Tultitlan,Nuevo Infonavit,Unidad Habitacional,,15109,3316
54929,15,Tultitlan,Unidad Morelos 3Ra. Seccion Infonavit,Fraccionamiento,,15109,3317
54929,15,Tultitlan,El Crepusculo (Lote 12),Condominio,,15109,4877
54929,15,Tultitlan,Villas Loreto,Condominio,,15109,4909
54929,15,Tultitlan,Jardines De Los Claustros Vi,Fraccionamiento,,15109,6359
54930,15,Tultitlan,Fraccion Lote 77,Fraccionamiento,,15109,7
54930,15,Tultitlan,Granjas San Pablo,Fraccionamiento,,15109,3319
54930,15,Tultitlan,Izcalli Rinconada,Fraccionamiento,,15109,3320
54930,15,Tultitlan,Jardines De Los Claustros Iv,Fraccionamiento,,15109,3321
54930,15,Tultitlan,Jardines De Los Claustros V,Fraccionamiento,,15109,3322
54930,15,Tultitlan,La Granja,Unidad Habitacional,,15109,3323
54930,15,Tultitlan,Llanura Verde,Condominio,,15109,3324
54930,15,Tultitlan,Pensamientos,Unidad Habitacional,,15109,3325
54930,15,Tultitlan,San Pablo De Las Salinas,Unidad Habitacional,,15109,3326
54930,15,Tultitlan,Solidaridad Social (Lote 105),Fraccionamiento,,15109,3328
54930,15,Tultitlan,Unidad Morelos 2Da. Seccion,Fraccionamiento,,15109,3329
54930,15,Tultitlan,Lote 92 (Las Rosas),Condominio,,15109,4879
54930,15,Tultitlan,La Granja Ctm,Unidad Habitacional,,15109,4880
54930,15,Tultitlan,Privada Los Prados,Condominio,,15109,6337
54930,15,Tultitlan,Solar San Pablo,Condominio,,15109,6345
54930,15,Tultitlan,Quintas San Pablo,Condominio,,15109,6346
54930,15,Tultitlan,San Pablo,Conjunto Habitacional,,15109,6348
54930,15,Tultitlan,Lomas De San Pablo,Colonia,,15109,8625
54932,15,Tultitlan,Conjunto Habitacional Magnolias (Lote 117-B),Unidad Habitacional,,15109,3331
54932,15,Tultitlan,Conjunto Fortuna,Condominio,,15109,3332
54932,15,Tultitlan,Immex Ii,Fraccionamiento,,15109,3333
54932,15,Tultitlan,Isidro Fabela,Condominio,,15109,3334
54932,15,Tultitlan,Magnolias 2000,Fraccionamiento,,15109,3336
54932,15,Tultitlan,Lote 105 (Ebano),Condominio,,15109,4881
54932,15,Tultitlan,Villas De San Pablo,Condominio,,15109,4910
54932,15,Tultitlan,Residencial Magnolias,Fraccionamiento,,15109,6336
54932,15,Tultitlan,San Pablo Iii-B,Condominio,,15109,6338
54932,15,Tultitlan,San Pablo Iii-A,Unidad Habitacional,,15109,6339
54932,15,Tultitlan,Residencial San Pablo Ii,Unidad Habitacional,,15109,6340
54932,15,Tultitlan,Villas San Pablo (Lote 117 Sur),Condominio,,15109,7931
54933,15,Tultitlan,Azul Cielo,Condominio,,15109,3338
54933,15,Tultitlan,Coyoli Martinez,Condominio,,15109,3339
54933,15,Tultitlan,Izcalli San Pablo,Fraccionamiento,,15109,3340
54933,15,Tultitlan,Jardines De San Pablo,Unidad Habitacional,,15109,3342
54933,15,Tultitlan,Parque San Pablo,Condominio,,15109,3343
54933,15,Tultitlan,Verde Claro,Condominio,,15109,3344
54933,15,Tultitlan,Lote 93 (Amalia),Condominio,,15109,4882
54933,15,Tultitlan,El Campanario,Condominio,,15109,4883
54933,15,Tultitlan,Plaza Jardines,Zona Comercial,,15109,4884
54933,15,Tultitlan,Residencial La Esperanza,Condominio,,15109,4912
54934,15,Tultitlan,El Rocio,Condominio,,15109,3345
54934,15,Tultitlan,Gustavo Baz,Condominio,,15109,3346
54934,15,Tultitlan,Prados Seccion A,Conjunto Habitacional,,15109,3347
54935,15,Tultitlan,Las Cruces,Colonia,,15109,5
54935,15,Tultitlan,Casitas San Pablo,Condominio,,15109,3349
54935,15,Tultitlan,Jardines De Los Claustros I,Fraccionamiento,,15109,3351
54935,15,Tultitlan,Jardines De Los Claustros Ii,Fraccionamiento,,15109,3352
54935,15,Tultitlan,Alborada Ii,Unidad Habitacional,,15109,3353
54935,15,Tultitlan,La Isla,Condominio,,15109,3354
54935,15,Tultitlan,Unidad Morelos 3Ra. Seccion,Fraccionamiento,,15109,3355
54935,15,Tultitlan,Residencial Morelos,Condominio,,15109,3356
54935,15,Tultitlan,Lote 84 (Las Adelas),Condominio,,15109,4885
54935,15,Tultitlan,Lote 82 (Guillermo Gonzalez C.),Conjunto Habitacional,,15109,4886
54935,15,Tultitlan,El Faro (Lote 3 Pte.),Condominio,,15109,4905
54935,15,Tultitlan,Lote 52 (Torres Tultitlan),Condominio,,15109,6350
54935,15,Tultitlan,Las Calderas,Colonia,,15109,6351
54935,15,Tultitlan,Portal San Pablo,Condominio,,15109,6357
54935,15,Tultitlan,Portal San Pablo Ii,Condominio,,15109,6358
54935,15,Tultitlan,Las Almenas,Condominio,,15109,6360
54935,15,Tultitlan,Lava 46,Unidad Habitacional,,15109,7932
54935,15,Tultitlan,Las Fuentes,Condominio,,15109,7979
54935,15,Tultitlan,La Chinampa,Colonia,,15109,9682
54938,15,Tultitlan,Lote 64 (Octavio Paz),Fraccionamiento,,15109,4887
54938,15,Tultitlan,Lote 47 (El Reloj Residencial),Condominio,,15109,4888
54938,15,Tultitlan,Lote 48 (El Reloj Cronos),Condominio,,15109,4889
54938,15,Tultitlan,Lote 49 (Las Arboledas),Unidad Habitacional,,15109,4890
54938,15,Tultitlan,Lote 62 Oriente (Juan Rulfo),Condominio,,15109,4891
54938,15,Tultitlan,Arcos I,Condominio,,15109,4892
54938,15,Tultitlan,Lote 50 B (Las Laderas),Condominio,,15109,4893
54938,15,Tultitlan,Lote 46 (El Reloj Villas),Condominio,,15109,4895
54938,15,Tultitlan,Lote 63,Condominio,,15109,4897
54938,15,Tultitlan,Lote 50 A,Condominio,,15109,4898
54938,15,Tultitlan,Lote 50 D,Condominio,,15109,4900
54938,15,Tultitlan,Lote 50 C (Real De Tultitlan),Condominio,,15109,4903
54938,15,Tultitlan,Lote 59 (Torres Del Reloj),Condominio,,15109,4906
54938,15,Tultitlan,Lote 76 (El Reloj),Condominio,,15109,4908
54938,15,Tultitlan,El Laurel,Condominio,,15109,4911
54938,15,Tultitlan,Villas Tultitlan,Condominio,,15109,5126
54938,15,Tultitlan,Arcos V,Condominio,,15109,6341
54938,15,Tultitlan,Arcos Iv,Condominio,,15109,6342
54938,15,Tultitlan,Arcos Iii,Condominio,,15109,6343
54938,15,Tultitlan,Arcos Ii,Condominio,,15109,6344
54938,15,Tultitlan,Villas Santa Teresita,Condominio,,15109,6347
54938,15,Tultitlan,Bonito Tultitlan (Lote 60),Fraccionamiento,,15109,6349
54938,15,Tultitlan,El Alcazar,Condominio,,15109,6356
54939,15,Tultitlan,Paraje San Pablito,Colonia,,15109,3359
54940,15,Tultitlan,Lecheria,Colonia,,15109,3360
54940,15,Tultitlan,Corredor Lecheria-Cuautitlan,Zona Industrial,,15109,6322
54942,15,Tultitlan,Benito Juarez,Colonia,,15109,3362
54942,15,Tultitlan,La Libertad,Colonia,,15109,3363
54942,15,Tultitlan,Ampliacion Las Torres Segunda Seccion,Colonia,,15109,3364
54942,15,Tultitlan,Las Torres,Colonia,,15109,6314
54943,15,Tultitlan,Ciudad Labor,Fraccionamiento,,15109,3366
54943,15,Tultitlan,Ojo De Agua Primera Seccion,Colonia,,15109,3367
54943,15,Tultitlan,Ojo De Agua Segunda Seccion,Colonia,,15109,6312
54944,15,Tultitlan,San Francisco Chilpan,Pueblo,,15109,3361
54944,15,Tultitlan,Buenavista Parte Alta,Colonia,,15109,3368
54944,15,Tultitlan,El Fresno,Colonia,,15109,3369
54944,15,Tultitlan,La Joya,Colonia,,15109,3370
54944,15,Tultitlan,La Loma I,Condominio,,15109,3371
54944,15,Tultitlan,Villas De San Francisco I,Fraccionamiento,,15109,4721
54944,15,Tultitlan,Santa Clara,Colonia,,15109,5572
54944,15,Tultitlan,Buenavista Parte Baja,Colonia,,15109,6315
54944,15,Tultitlan,El Golfo,Condominio,,15109,6316
54944,15,Tultitlan,Arbolada La Loma,Condominio,,15109,6317
54944,15,Tultitlan,Residencial La Loma Ii,Fraccionamiento,,15109,6318
54944,15,Tultitlan,Ampliacion El Fresno,Colonia,,15109,6321
54944,15,Tultitlan,Conjunto Urbano La Loma,Condominio,,15109,7933
54944,15,Tultitlan,Villas De San Francisco Ii,Condominio,,15109,7936
54944,15,Tultitlan,Ejido De Buenavista,Colonia,,15109,7952
54945,15,Tultitlan,Izcalli Del Valle,Fraccionamiento,,15109,3372
54945,15,Tultitlan,Valle De Tules,Colonia,,15109,3373
54945,15,Tultitlan,Nueva Tultitlan,Colonia,,15109,3384
54945,15,Tultitlan,Valle Verde,Colonia,,15109,3389
54945,15,Tultitlan,Estado De Mexico,Zona Industrial,,15109,6304
54946,15,Tultitlan,Ferrocarrilera,Colonia,,15109,3374
54946,15,Tultitlan,Mariano Escobedo,Colonia,,15109,3375
54947,15,Tultitlan,Ejido De San Antonio Tultitlan,Colonia,,15109,7953
54948,15,Tultitlan,Bello Horizonte,Colonia,,15109,3376
54948,15,Tultitlan,San Mateo Cuautepec,Pueblo,,15109,3378
54948,15,Tultitlan,Solidaridad 1Ra. Seccion,Colonia,,15109,3380
54948,15,Tultitlan,Real Del Bosque,Fraccionamiento,,15109,4722
54948,15,Tultitlan,Solidaridad 3Ra. Seccion,Colonia,,15109,6328
54948,15,Tultitlan,Solidaridad 2Da. Seccion,Colonia,,15109,6329
54949,15,Tultitlan,Las Terrazas,Condominio,,15109,1
54949,15,Tultitlan,Residencial Duraznos,Condominio,,15109,6
54949,15,Tultitlan,Conjunto Brillante,Condominio,,15109,3381
54949,15,Tultitlan,Santa Maria Cuautepec,Pueblo,,15109,3382
54949,15,Tultitlan,Mayorazgo De Tultitlan,Conjunto Habitacional,,15109,6330
54949,15,Tultitlan,Ejido Santa Maria Cuautepec,Colonia,,15109,6331
54949,15,Tultitlan,Los Sauces,Condominio,,15109,7955
54950,15,Tultitlan,La Sardana,Colonia,,15109,3383
54954,15,Tultitlan,Rinconada San Marcos,Colonia,,15109,3385
54954,15,Tultitlan,Ampliacion San Marcos,Colonia,,15109,3386
54955,15,Tultitlan,Ampliacion Buenavista,Colonia,,15109,3388
54955,15,Tultitlan,Ampliacion Buenavista 2Da. Seccion,Colonia,,15109,6305
54955,15,Tultitlan,Ampliacion Buenavista 1Ra. Seccion,Colonia,,15109,6306
54957,15,Tultitlan,El Tesoro,Colonia,,15109,3390
54957,15,Tultitlan,Ampliacion El Tesoro,Colonia,,15109,3391
54957,15,Tultitlan,Sierra De Guadalupe,Colonia,,15109,3392
54958,15,Tultitlan,Jardines De La Canada,Fraccionamiento,,15109,3393
54958,15,Tultitlan,Lomas De Cartagena,Fraccionamiento,,15109,3394
54958,15,Tultitlan,Lomas Del Parque,Fraccionamiento,,15109,3395
54958,15,Tultitlan,Ampliacion La Sardana,Colonia,,15109,6308
54958,15,Tultitlan,Los Tulipanes,Fraccionamiento,,15109,6309
54958,15,Tultitlan,Lomas Del Parque Iii,Fraccionamiento,,15109,6310
54958,15,Tultitlan,Lomas Del Parque Ii,Fraccionamiento,,15109,6311
54959,15,Tultitlan,El Paraje San Francisco Chilpan,Colonia,,15109,3396
54959,15,Tultitlan,Corredor Lopez Portillo,Zona Industrial,,15109,6307
54959,15,Tultitlan,Fimesa I,Colonia,,15109,7937
54960,15,Tultepec,San Juan Xocotla,Barrio,,15108,3397
54960,15,Tultepec,Tultepec Centro,Colonia,,15108,3399
54960,15,Tultepec,San Rafael Ixtlahuaca,Barrio,,15108,5141
54960,15,Tultepec,El Carmen,Barrio,,15108,5501
54962,15,Tultepec,Xacopinca,Colonia,,15108,7856
54962,15,Tultepec,Tlamelaca,Colonia,,15108,7857
54962,15,Tultepec,San Pablo Otlica,Colonia,,15108,7858
54962,15,Tultepec,Paraje Trigo Tenco,Colonia,,15108,7859
54963,15,Tultepec,San Martin,Barrio,,15108,3
54963,15,Tultepec,San Martin El Calvario,Barrio,,15108,4648
54963,15,Tultepec,San Antonio El Cuadro,Barrio,,15108,5502
54963,15,Tultepec,Ejido El Quemado,Colonia,,15108,7860
54963,15,Tultepec,Antigua,Colonia,,15108,7862
54963,15,Tultepec,El Cuquio,Rancho,,15108,8001
54963,15,Tultepec,Nodin,Rancho,,15108,8002
54964,15,Tultepec,Santa Isabel Nepantla,Barrio,,15108,4650
54964,15,Tultepec,San Miguel Otlica,Colonia,,15108,4651
54964,15,Tultepec,La Cantera,Colonia,,15108,4652
54964,15,Tultepec,Oxtoc,Colonia,,15108,7849
54965,15,Tultepec,Mexico,Colonia,,15108,3401
54965,15,Tultepec,Jardines De Santa Cruz,Colonia,,15108,4653
54965,15,Tultepec,La Morita,Colonia,,15108,5500
54965,15,Tultepec,La Piedad,Barrio,,15108,5504
54965,15,Tultepec,Tepetlixco,Colonia,,15108,7850
54965,15,Tultepec,Santa Rita,Colonia,,15108,7851
54965,15,Tultepec,Emiquia,Colonia,,15108,7852
54965,15,Tultepec,La Canada,Colonia,,15108,7853
54965,15,Tultepec,Ampliacion La Piedad,Colonia,,15108,8000
54966,15,Tultepec,Guadalupe Tlazintla,Barrio,,15108,5640
54967,15,Tultepec,El Mirador,Colonia,,15108,3403
54967,15,Tultepec,La Palma,Colonia,,15108,7854
54970,15,Tultepec,Vicente Suarez,Colonia,,15108,3406
54970,15,Tultepec,Las Brisas,Colonia,,15108,5124
54970,15,Tultepec,Lomas De Tultepec,Colonia,,15108,5641
54970,15,Tultepec,San Marcos,Colonia,,15108,7855
54970,15,Tultepec,Fresnos,Colonia,,15108,8067
54972,15,Tultepec,La Aurora,Colonia,,15108,8004
54972,15,Tultepec,El Progreso (Villa Esmeralda),Colonia,,15108,9167
54972,15,Tultepec,La Joya,Colonia,,15108,9168
54972,15,Tultepec,Cajiga (Ejido De Tultepec),Ejido,,15108,9173
54974,15,Tultepec,Adoberas,Colonia,,15108,7999
54974,15,Tultepec,La Rinconada,Colonia,,15108,9170
54975,15,Tultepec,Amado Nervo,Colonia,,15108,3408
54976,15,Tultepec,San Antonio Xahuento,Colonia,,15108,3409
54977,15,Tultepec,La Saucera,Zona Industrial,,15108,9169
54980,15,Tultepec,La Manzana,Barrio,,15108,1
54980,15,Tultepec,Santiago Teyahualco,Pueblo,,15108,3412
54980,15,Tultepec,Hacienda Del Jardin,Fraccionamiento,,15108,7846
54980,15,Tultepec,Villas De Loreto,Colonia,,15108,7864
54983,15,Tultepec,San Pablito (Paraje San Pablito),Ejido,,15108,7861
54984,15,Tultepec,San Joaquin,Rancho,,15108,2
54984,15,Tultepec,Paseos De Tultepec I,Fraccionamiento,,15108,6302
54984,15,Tultepec,Paseos De Tultepec Ii,Fraccionamiento,,15108,6582
54984,15,Tultepec,El Bosque Tultepec,Colonia,,15108,7863
54984,15,Tultepec,El Tecompa,Rancheria,,15108,8003
54984,15,Tultepec,La Mitra,Unidad Habitacional,,15108,8005
54984,15,Tultepec,El Dorado,Fraccionamiento,,15108,9171
54985,15,Tultepec,Infonavit C.T.M. San Pablo Tultepec,Unidad Habitacional,,15108,3416
54986,15,Tultepec,Diez De Junio,Colonia,,15108,7865
54987,15,Tultepec,Hacienda Real De Tultepec,Fraccionamiento,,15108,3418
54987,15,Tultepec,Arcos Tultepec,Colonia,,15108,5503
54990,15,Tultepec,Teyahualco,Ejido,,15108,3419
55000,15,Ecatepec De Morelos,San Cristobal Centro,Colonia,,15033,3420
55000,15,Ecatepec De Morelos,Ecatepec Centro,Unidad Habitacional,,15033,3421
55000,15,Ecatepec De Morelos,La Cruz De San Cristobal,Barrio,,15033,3546
55010,15,Ecatepec De Morelos,Bonito Arboledas,Fraccionamiento,,15033,1
55010,15,Ecatepec De Morelos,Privada De Ecatepec,Fraccionamiento,,15033,2
55010,15,Ecatepec De Morelos,Los Lirios,Fraccionamiento,,15033,3
55010,15,Ecatepec De Morelos,Camino Nacional,Fraccionamiento,,15033,4
55010,15,Ecatepec De Morelos,Laureles Residencial,Fraccionamiento,,15033,5
55010,15,Ecatepec De Morelos,Guadalupe Victoria,Pueblo,,15033,3422
55010,15,Ecatepec De Morelos,Ampliacion Guadalupe Victoria,Colonia,,15033,3423
55010,15,Ecatepec De Morelos,Villa Esmeralda,Conjunto Habitacional,,15033,4761
55010,15,Ecatepec De Morelos,Pozo De La Pila,Unidad Habitacional,,15033,4914
55010,15,Ecatepec De Morelos,El Progreso De Guadalupe Victoria,Colonia,,15033,4915
55010,15,Ecatepec De Morelos,Rancho Victoria Ii,Unidad Habitacional,,15033,4916
55010,15,Ecatepec De Morelos,Barrio Nuevo Tultitlan,Fraccionamiento,,15033,4917
55010,15,Ecatepec De Morelos,Rancho Victoria,Conjunto Habitacional,,15033,4918
55010,15,Ecatepec De Morelos,El Obraje (Diamante),Colonia,,15033,6191
55010,15,Ecatepec De Morelos,Mathzi Ii,Colonia,,15033,6192
55010,15,Ecatepec De Morelos,Mathzi I,Colonia,,15033,6193
55010,15,Ecatepec De Morelos,El Diamante,Colonia,,15033,6194
55010,15,Ecatepec De Morelos,Las Piedras,Colonia,,15033,6195
55010,15,Ecatepec De Morelos,El Manchon,Colonia,,15033,6196
55010,15,Ecatepec De Morelos,Bonito Las Flores,Conjunto Habitacional,,15033,6197
55010,15,Ecatepec De Morelos,Mathzi Iii,Colonia,,15033,6198
55014,15,Ecatepec De Morelos,Parque Residencial Coacalco,Fraccionamiento,,15033,3429
55016,15,Ecatepec De Morelos,La Joya,Colonia,,15033,3426
55016,15,Ecatepec De Morelos,Tio Marin,Unidad Habitacional,,15033,6199
55016,15,Ecatepec De Morelos,Guadalupe Victoria,Unidad Habitacional,,15033,6200
55016,15,Ecatepec De Morelos,Tia Joaquina,Unidad Habitacional,,15033,6201
55016,15,Ecatepec De Morelos,Villas De La Joya,Unidad Habitacional,,15033,6203
55016,15,Ecatepec De Morelos,Torres De Altavista,Unidad Habitacional,,15033,6204
55016,15,Ecatepec De Morelos,Mesa De Los Leones,Colonia,,15033,7984
55017,15,Ecatepec De Morelos,El Tejocote,Colonia,,15033,3427
55018,15,Ecatepec De Morelos,El Capulin,Fraccionamiento,,15033,6
55018,15,Ecatepec De Morelos,Fovissste (Jose Maria Morelos Y Pavon),Unidad Habitacional,,15033,3428
55018,15,Ecatepec De Morelos,Granja El Rosal,Fraccionamiento,,15033,4750
55018,15,Ecatepec De Morelos,Ecatepec 2000,Unidad Habitacional,,15033,4758
55018,15,Ecatepec De Morelos,San Carlos,Unidad Habitacional,,15033,4759
55020,15,Ecatepec De Morelos,La Monera,Colonia,,15033,19
55020,15,Ecatepec De Morelos,Mision De Los 40,Unidad Habitacional,,15033,88
55020,15,Ecatepec De Morelos,Panitzin,Colonia,,15033,95
55020,15,Ecatepec De Morelos,Sergio Mendez Arceo,Unidad Habitacional,,15033,126
55020,15,Ecatepec De Morelos,Boulevares De San Cristobal,Fraccionamiento,,15033,3430
55020,15,Ecatepec De Morelos,El Calvario,Barrio,,15033,3432
55020,15,Ecatepec De Morelos,Boulevares La Nacional,Fraccionamiento,,15033,3433
55020,15,Ecatepec De Morelos,Tierra Blanca,Colonia,,15033,3434
55020,15,Ecatepec De Morelos,Ex-Hacienda Jauregui,Colonia,,15033,4805
55020,15,Ecatepec De Morelos,Magisterial 2000,Unidad Habitacional,,15033,4924
55020,15,Ecatepec De Morelos,10 De Abril,Colonia,,15033,4925
55020,15,Ecatepec De Morelos,Bosques De San Javier,Conjunto Habitacional,,15033,4928
55020,15,Ecatepec De Morelos,La Palma Ii,Fraccionamiento,,15033,4932
55020,15,Ecatepec De Morelos,El Terremote,Fraccionamiento,,15033,6205
55020,15,Ecatepec De Morelos,Martell,Fraccionamiento,,15033,6206
55020,15,Ecatepec De Morelos,Bursaab,Fraccionamiento,,15033,6207
55020,15,Ecatepec De Morelos,Plazas Ecatepec,Fraccionamiento,,15033,6208
55020,15,Ecatepec De Morelos,Residencial San Cristobal,Fraccionamiento,,15033,7981
55020,15,Ecatepec De Morelos,Tierra Blanca Segunda Seccion (Ejido Ecatepec),Colonia,,15033,8775
55023,15,Ecatepec De Morelos,Los Heroes Ecatepec Seccion I,Fraccionamiento,,15033,4710
55023,15,Ecatepec De Morelos,Los Heroes Ecatepec Seccion Iii,Fraccionamiento,,15033,4808
55023,15,Ecatepec De Morelos,Los Heroes Ecatepec Seccion Ii,Fraccionamiento,,15033,4809
55023,15,Ecatepec De Morelos,Los Heroes Ecatepec Seccion Iv,Fraccionamiento,,15033,4810
55024,15,Ecatepec De Morelos,Ejidos De San Cristobal,Colonia,,15033,32
55024,15,Ecatepec De Morelos,El Carmen,Colonia,,15033,36
55024,15,Ecatepec De Morelos,Ejidal Emiliano Zapata,Colonia,,15033,3435
55025,15,Ecatepec De Morelos,San Benjamin,Fraccionamiento,,15033,3440
55025,15,Ecatepec De Morelos,Santa Agueda,Fraccionamiento,,15033,3441
55025,15,Ecatepec De Morelos,Los Sauces,Colonia,,15033,4929
55025,15,Ecatepec De Morelos,Galaxia Ecatepec,Unidad Habitacional,,15033,4930
55025,15,Ecatepec De Morelos,Ampliacion El Carmen,Colonia,,15033,5078
55027,15,Ecatepec De Morelos,El Arbol,Colonia,,15033,3443
55027,15,Ecatepec De Morelos,La Huerta,Colonia,,15033,4920
55028,15,Ecatepec De Morelos,Vista Hermosa,Colonia,,15033,3444
55029,15,Ecatepec De Morelos,Granjas Ecatepec 1A Seccion,Colonia,,15033,3446
55029,15,Ecatepec De Morelos,Granjas Ecatepec 2A Seccion,Colonia,,15033,3447
55029,15,Ecatepec De Morelos,Ehecatl (Paseos De Ecatepec),Unidad Habitacional,,15033,4751
55029,15,Ecatepec De Morelos,Ejidos De San Andres,Colonia,,15033,4752
55029,15,Ecatepec De Morelos,San Francisco De Asis,Colonia,,15033,4754
55029,15,Ecatepec De Morelos,Laguna Del Rey,Colonia,,15033,4755
55029,15,Ecatepec De Morelos,Luis Donaldo Colosio,Colonia,,15033,4756
55029,15,Ecatepec De Morelos,Potrero De Rey,Colonia,,15033,4760
55029,15,Ecatepec De Morelos,Abel Martinez Montanez,Fraccionamiento,,15033,5077
55029,15,Ecatepec De Morelos,Playa Golondrinas,Colonia,,15033,6187
55029,15,Ecatepec De Morelos,Golondrinas,Colonia,,15033,6188
55029,15,Ecatepec De Morelos,Independencia,Colonia,,15033,6189
55030,15,Ecatepec De Morelos,Colinas De Ecatepec,Conjunto Habitacional,,15033,17
55030,15,Ecatepec De Morelos,Chula Vista,Colonia,,15033,25
55030,15,Ecatepec De Morelos,Doce De Diciembre,Barrio,,15033,3448
55030,15,Ecatepec De Morelos,Tata Felix,Colonia,,15033,3449
55030,15,Ecatepec De Morelos,Hogares Marla,Fraccionamiento,,15033,3450
55030,15,Ecatepec De Morelos,Izcalli Ecatepec,Unidad Habitacional,,15033,3451
55030,15,Ecatepec De Morelos,Ampliacion Izcalli Ecatepec Tata Felix,Fraccionamiento,,15033,3452
55030,15,Ecatepec De Morelos,La Curiela,Barrio,,15033,3453
55030,15,Ecatepec De Morelos,La Mora,Barrio,,15033,3454
55030,15,Ecatepec De Morelos,La Floresta,Fraccionamiento,,15033,3460
55030,15,Ecatepec De Morelos,La Palma I,Fraccionamiento,,15033,4933
55036,15,Ecatepec De Morelos,La Panoramica,Colonia,,15033,3457
55037,15,Ecatepec De Morelos,El Capulin,Barrio,,15033,3458
55040,15,Ecatepec De Morelos,Alamos De San Cristobal,Fraccionamiento,,15033,3464
55040,15,Ecatepec De Morelos,Boulevares Impala,Fraccionamiento,,15033,3465
55040,15,Ecatepec De Morelos,Casas Coloniales Morelos,Fraccionamiento,,15033,3466
55040,15,Ecatepec De Morelos,Fuentes De San Cristobal,Fraccionamiento,,15033,3467
55040,15,Ecatepec De Morelos,Hogares Mexicanos,Unidad Habitacional,,15033,3469
55040,15,Ecatepec De Morelos,Jardines De Ecatepec,Fraccionamiento,,15033,3470
55040,15,Ecatepec De Morelos,La Propiedad,Fraccionamiento,,15033,3471
55040,15,Ecatepec De Morelos,Renovacion Jajalpa,Fraccionamiento,,15033,3473
55040,15,Ecatepec De Morelos,San Juan Alcahuacan,Barrio,,15033,3474
55050,15,Ecatepec De Morelos,El Salado,Colonia,,15033,43
55050,15,Ecatepec De Morelos,La Pradera,Fraccionamiento,,15033,66
55050,15,Ecatepec De Morelos,Vivienda Del Taxista,Colonia,,15033,150
55050,15,Ecatepec De Morelos,Adolfo Ruiz Cortines,Colonia,,15033,3478
55050,15,Ecatepec De Morelos,Aquiles Serdan,Colonia,,15033,3479
55050,15,Ecatepec De Morelos,Bosques De Ecatepec,Fraccionamiento,,15033,3480
55050,15,Ecatepec De Morelos,Residencial Fuentes De Ecatepec,Fraccionamiento,,15033,3481
55050,15,Ecatepec De Morelos,Gustavo Baz Prada,Colonia,,15033,3482
55050,15,Ecatepec De Morelos,Izcalli Jardines,Unidad Habitacional,,15033,3483
55050,15,Ecatepec De Morelos,Nuevo Diaz Ordaz,Colonia,,15033,3484
55050,15,Ecatepec De Morelos,San Martin De Porres,Colonia,,15033,3485
55050,15,Ecatepec De Morelos,Rinconada San Martin,Unidad Habitacional,,15033,3495
55050,15,Ecatepec De Morelos,Hacienda Santa Maria,Fraccionamiento,,15033,4934
55050,15,Ecatepec De Morelos,Ex Rancho Jajalpa,Colonia,,15033,6223
55050,15,Ecatepec De Morelos,Rancho Jajalpa,Colonia,,15033,6225
55050,15,Ecatepec De Morelos,Pirules De Villancico 2A Seccion,Unidad Habitacional,,15033,6226
55055,15,Ecatepec De Morelos,La Veleta,Unidad Habitacional,,15033,69
55055,15,Ecatepec De Morelos,Jardines De Los Baez 1A Seccion,Fraccionamiento,,15033,3487
55055,15,Ecatepec De Morelos,Jardines De Los Baez 2A Seccion,Fraccionamiento,,15033,3488
55055,15,Ecatepec De Morelos,Jardines De Los Baez 3A Seccion,Fraccionamiento,,15033,3489
55055,15,Ecatepec De Morelos,Llano De Los Baez,Unidad Habitacional,,15033,3490
55055,15,Ecatepec De Morelos,Ampliacion Llano De Los Baez Seccion Izcalli,Colonia,,15033,3492
55055,15,Ecatepec De Morelos,Jubilados Y Pensionados,Colonia,,15033,4787
55055,15,Ecatepec De Morelos,El Sol De Ecatepec,Colonia,,15033,6216
55056,15,Ecatepec De Morelos,Villas De Ecatepec,Fraccionamiento,,15033,3494
55059,15,Ecatepec De Morelos,Pirules De Villancico 1A Seccion,Unidad Habitacional,,15033,3496
55060,15,Ecatepec De Morelos,Venta De Carpio,Fraccionamiento,,15033,3497
55060,15,Ecatepec De Morelos,La Guadalupana,Fraccionamiento,,15033,4788
55060,15,Ecatepec De Morelos,Los Heroes Ecatepec Seccion V,Fraccionamiento,,15033,4812
55060,15,Ecatepec De Morelos,Privadas De Ecatepec,Unidad Habitacional,,15033,6293
55063,15,Ecatepec De Morelos,Ciudad Cuauhtemoc Seccion Chiconautla 3000,Colonia,,15033,3499
55064,15,Ecatepec De Morelos,Ciudad Cuauhtemoc Seccion Nopalera I Y Ii,Colonia,,15033,3500
55064,15,Ecatepec De Morelos,San Isidro Atlautenco,Pueblo,,15033,3501
55064,15,Ecatepec De Morelos,Ampliacion San Isidro Atlautenco,Colonia,,15033,3502
55064,15,Ecatepec De Morelos,Vistas De Ecatepec (Seccion B),Fraccionamiento,,15033,4792
55064,15,Ecatepec De Morelos,La Venta (La Guadalupana),Fraccionamiento,,15033,6213
55064,15,Ecatepec De Morelos,Vistas De Ecatepec (Seccion A),Fraccionamiento,,15033,6286
55064,15,Ecatepec De Morelos,Joyas De Atlautenco,Unidad Habitacional,,15033,6301
55065,15,Ecatepec De Morelos,Santa Cruz Venta De Carpio,Barrio,,15033,3503
55066,15,Ecatepec De Morelos,El Potrero,Fraccionamiento,,15033,40
55066,15,Ecatepec De Morelos,Terremote,Barrio,,15033,44
55066,15,Ecatepec De Morelos,Pirules De Bayisco,Colonia,,15033,102
55066,15,Ecatepec De Morelos,Casas Reales,Colonia,,15033,3504
55066,15,Ecatepec De Morelos,Las Brisas,Colonia,,15033,3505
55066,15,Ecatepec De Morelos,Santa Maria Chiconautla,Pueblo,,15033,3507
55066,15,Ecatepec De Morelos,Santo Tomas Chiconautla,Pueblo,,15033,3522
55066,15,Ecatepec De Morelos,Zopilocalco,Colonia,,15033,4794
55066,15,Ecatepec De Morelos,Bosques De Santo Tomas,Fraccionamiento,,15033,6288
55066,15,Ecatepec De Morelos,Portal Chiconautla,Unidad Habitacional,,15033,6294
55066,15,Ecatepec De Morelos,Campo Santo,Colonia,,15033,6295
55066,15,Ecatepec De Morelos,Los Idolos,Fraccionamiento,,15033,6296
55066,15,Ecatepec De Morelos,Jaime Salvador,Colonia,,15033,6297
55066,15,Ecatepec De Morelos,La Cerca,Colonia,,15033,6298
55066,15,Ecatepec De Morelos,La Preciosa,Colonia,,15033,6299
55066,15,Ecatepec De Morelos,Mexico Nuevo,Colonia,,15033,6300
55067,15,Ecatepec De Morelos,Ciudad Cuauhtemoc Seccion Geo 2000,Colonia,,15033,50
55067,15,Ecatepec De Morelos,Ciudad Cuauhtemoc Seccion Tepoztlaco,Colonia,,15033,133
55067,15,Ecatepec De Morelos,Ciudad Cuauhtemoc Seccion Cuitlahuac,Colonia,,15033,3510
55067,15,Ecatepec De Morelos,Ciudad Cuauhtemoc Seccion Embajada,Colonia,,15033,3511
55067,15,Ecatepec De Morelos,Ciudad Cuauhtemoc Seccion Moctezuma,Colonia,,15033,3513
55067,15,Ecatepec De Morelos,Ciudad Cuauhtemoc Seccion Quetzalcoatl,Colonia,,15033,3514
55067,15,Ecatepec De Morelos,Ciudad Cuauhtemoc Seccion Tizoc,Colonia,,15033,3516
55067,15,Ecatepec De Morelos,Ciudad Cuauhtemoc Seccion Tonatiuh,Colonia,,15033,3518
55067,15,Ecatepec De Morelos,Ciudad Cuauhtemoc Seccion Xochiquetzal,Colonia,,15033,3519
55067,15,Ecatepec De Morelos,Los Llanetes,Fraccionamiento,,15033,4777
55067,15,Ecatepec De Morelos,Coyometla,Colonia,,15033,4789
55067,15,Ecatepec De Morelos,Ninos Heroes,Colonia,,15033,4790
55067,15,Ecatepec De Morelos,Ciudad Cuauhtemoc Seccion Tlaloc,Colonia,,15033,4943
55067,15,Ecatepec De Morelos,La Fortaleza,Unidad Habitacional,,15033,6275
55067,15,Ecatepec De Morelos,Moneda De 100 Pesos,Fraccionamiento,,15033,6280
55067,15,Ecatepec De Morelos,Tepetzingo El Chico,Colonia,,15033,6282
55067,15,Ecatepec De Morelos,Ciudad Cuauhtemoc Seccion Tepetzingo,Colonia,,15033,6283
55067,15,Ecatepec De Morelos,C.T.M. Guadalupana,Fraccionamiento,,15033,6284
55067,15,Ecatepec De Morelos,Tepopotla,Colonia,,15033,6285
55067,15,Ecatepec De Morelos,El Hoyo Del Tepetate,Colonia,,15033,6287
55068,15,Ecatepec De Morelos,Santo Tomas Chiconautla,Ejido,,15033,3520
55068,15,Ecatepec De Morelos,El Hoyo,Fraccionamiento,,15033,6289
55068,15,Ecatepec De Morelos,Ignacio Pichardo Pagaza,Colonia,,15033,6290
55068,15,Ecatepec De Morelos,El Mirador,Fraccionamiento,,15033,6292
55069,15,Ecatepec De Morelos,La Preciosa,Colonia,,15033,3521
55069,15,Ecatepec De Morelos,Los Pajaritos,Colonia,,15033,5081
55069,15,Ecatepec De Morelos,La Garita,Colonia,,15033,6272
55069,15,Ecatepec De Morelos,La Cerca,Colonia,,15033,6274
55070,15,Ecatepec De Morelos,Carlos Salinas De Gortari,Colonia,,15033,15
55070,15,Ecatepec De Morelos,Colonial Ecatepec,Fraccionamiento,,15033,18
55070,15,Ecatepec De Morelos,19 De Septiembre,Colonia,,15033,27
55070,15,Ecatepec De Morelos,Ampliacion 19 De Septiembre,Colonia,,15033,28
55070,15,Ecatepec De Morelos,Plan De Arroyo,Colonia,,15033,103
55070,15,Ecatepec De Morelos,Jardines De Morelos Seccion Cerros,Fraccionamiento,,15033,3523
55070,15,Ecatepec De Morelos,Jardines De Morelos Seccion Elementos,Fraccionamiento,,15033,3524
55070,15,Ecatepec De Morelos,Jardines De Morelos Seccion Flores,Fraccionamiento,,15033,3525
55070,15,Ecatepec De Morelos,Jardines De Morelos Seccion Fuentes,Fraccionamiento,,15033,3526
55070,15,Ecatepec De Morelos,Jardines De Morelos Seccion Islas,Fraccionamiento,,15033,3527
55070,15,Ecatepec De Morelos,Jardines De Morelos Seccion Bosques,Fraccionamiento,,15033,3528
55070,15,Ecatepec De Morelos,Jardines De Morelos Seccion Lagos,Fraccionamiento,,15033,3529
55070,15,Ecatepec De Morelos,Jardines De Morelos Seccion Montes,Fraccionamiento,,15033,3530
55070,15,Ecatepec De Morelos,Jardines De Morelos Seccion Playas,Fraccionamiento,,15033,3531
55070,15,Ecatepec De Morelos,Jardines De Morelos Seccion Rios,Fraccionamiento,,15033,3532
55070,15,Ecatepec De Morelos,Llanos De Morelos I,Colonia,,15033,4781
55070,15,Ecatepec De Morelos,Villas Del Sol,Fraccionamiento,,15033,5576
55070,15,Ecatepec De Morelos,Llanos De Morelos Ii,Colonia,,15033,6218
55070,15,Ecatepec De Morelos,Sol Ii,Colonia,,15033,6219
55070,15,Ecatepec De Morelos,Julia Marin,Fraccionamiento,,15033,6220
55070,15,Ecatepec De Morelos,Profopec (Poligonos Vii),Fraccionamiento,,15033,6221
55074,15,Ecatepec De Morelos,La Purisima,Colonia,,15033,67
55074,15,Ecatepec De Morelos,Mexicanos Unidos I,Colonia,,15033,87
55074,15,Ecatepec De Morelos,Playas De San Juan,Colonia,,15033,104
55074,15,Ecatepec De Morelos,Uprovi,Colonia,,15033,143
55074,15,Ecatepec De Morelos,Viento Nuevo,Colonia,,15033,4783
55074,15,Ecatepec De Morelos,Los Alcatraces,Fraccionamiento,,15033,4784
55074,15,Ecatepec De Morelos,Los Pinos,Colonia,,15033,4786
55074,15,Ecatepec De Morelos,Ampliacion 19 De Septiembre 1A Seccion,Colonia,,15033,6209
55074,15,Ecatepec De Morelos,Los Cordeles,Colonia,,15033,6210
55074,15,Ecatepec De Morelos,Mexicanos Unidos Ii,Colonia,,15033,6211
55074,15,Ecatepec De Morelos,Ejido De Atlautenco,Colonia,,15033,6212
55075,15,Ecatepec De Morelos,Jardines De Morelos 5A Seccion,Fraccionamiento,,15033,3534
55076,15,Ecatepec De Morelos,Las Americas,Colonia,,15033,5836
55080,15,Ecatepec De Morelos,Arboledas De San Carlos,Unidad Habitacional,,15033,7
55080,15,Ecatepec De Morelos,Xochicuac I,Colonia,,15033,33
55080,15,Ecatepec De Morelos,El Bosque,Fraccionamiento,,15033,3536
55080,15,Ecatepec De Morelos,Francisco Villa,Colonia,,15033,3537
55080,15,Ecatepec De Morelos,Jesus Sanchez,Conjunto Habitacional,,15033,3538
55080,15,Ecatepec De Morelos,Nuevo Laredo,Fraccionamiento,,15033,3540
55080,15,Ecatepec De Morelos,Xochicuac Ii,Colonia,,15033,4800
55080,15,Ecatepec De Morelos,Lomas De Ecatepec,Unidad Habitacional,,15033,4801
55080,15,Ecatepec De Morelos,Lomas De Atzolco,Colonia,,15033,5578
55080,15,Ecatepec De Morelos,San Carlos,Colonia,,15033,7980
55084,15,Ecatepec De Morelos,El Ranchito,Colonia,,15033,3542
55085,15,Ecatepec De Morelos,Viveros Tulpetlac,Colonia,,15033,3543
55087,15,Ecatepec De Morelos,Lomas De San Carlos Zona Comunal,Colonia,,15033,3545
55090,15,Ecatepec De Morelos,El Potrero,Fraccionamiento,,15033,94
55090,15,Ecatepec De Morelos,El Arbolito Jajalpa,Colonia,,15033,3550
55090,15,Ecatepec De Morelos,El Jaguey,Fraccionamiento,,15033,3551
55090,15,Ecatepec De Morelos,San Jose Jajalpa,Colonia,,15033,3552
55090,15,Ecatepec De Morelos,Jajalpa,Unidad Habitacional,,15033,3553
55090,15,Ecatepec De Morelos,Las Palmas Ecatepec,Colonia,,15033,3554
55090,15,Ecatepec De Morelos,Los Laureles,Fraccionamiento,,15033,3555
55090,15,Ecatepec De Morelos,Obrera Jajalpa,Colonia,,15033,3556
55090,15,Ecatepec De Morelos,Jajalpa Olimpica,Fraccionamiento,,15033,3557
55090,15,Ecatepec De Morelos,Rio Piedras,Fraccionamiento,,15033,3559
55090,15,Ecatepec De Morelos,Bonito Ecatepec,Fraccionamiento,,15033,4952
55090,15,Ecatepec De Morelos,El Pocito,Colonia,,15033,6227
55090,15,Ecatepec De Morelos,Ecatepec 40 Casas,Unidad Habitacional,,15033,6228
55094,15,Ecatepec De Morelos,Villas Jajalpa,Fraccionamiento,,15033,148
55095,15,Ecatepec De Morelos,Jajalpa,Zona Industrial,,15033,3560
55100,15,Ecatepec De Morelos,Jardines De Cerro Gordo,Fraccionamiento,,15033,3562
55100,15,Ecatepec De Morelos,Los Reyes Ecatepec,Colonia,,15033,3563
55100,15,Ecatepec De Morelos,Rio De Luz,Fraccionamiento,,15033,3564
55100,15,Ecatepec De Morelos,Industrias Ecatepec,Fraccionamiento,,15033,3565
55100,15,Ecatepec De Morelos,Tulpetlac,Conjunto Habitacional,,15033,3567
55100,15,Ecatepec De Morelos,Francisco I. Madero,Colonia,,15033,3570
55100,15,Ecatepec De Morelos,Villas 1O De Agosto,Fraccionamiento,,15033,4954
55100,15,Ecatepec De Morelos,Pro Revolucion,Fraccionamiento,,15033,4955
55100,15,Ecatepec De Morelos,Viviendas Venta De Carpio,Colonia,,15033,4956
55100,15,Ecatepec De Morelos,Primero De Mayo,Fraccionamiento,,15033,4958
55100,15,Ecatepec De Morelos,Patrimonio Social,Colonia,,15033,4959
55100,15,Ecatepec De Morelos,Villa 1O De Mayo,Unidad Habitacional,,15033,6257
55104,15,Ecatepec De Morelos,Granjas Populares Guadalupe Tulpetlac,Colonia,,15033,3561
55105,15,Ecatepec De Morelos,El Paraiso,Colonia,,15033,3566
55105,15,Ecatepec De Morelos,Ignacio L. Vallarta,Colonia,,15033,5636
55107,15,Ecatepec De Morelos,Industrias Tulpetlac,Fraccionamiento,,15033,3568
55114,15,Ecatepec De Morelos,Tolotzin I,Colonia,,15033,3572
55115,15,Ecatepec De Morelos,Jose Maria Morelos Y Pavon Sagitario X,Colonia,,15033,3573
55117,15,Ecatepec De Morelos,Josefa Ortiz De Dominguez Sagitario Vii,Colonia,,15033,3574
55118,15,Ecatepec De Morelos,Alfredo Del Mazo,Colonia,,15033,3577
55118,15,Ecatepec De Morelos,Progreso De La Union,Colonia,,15033,4775
55118,15,Ecatepec De Morelos,Joyas De Ecatepec,Colonia,,15033,4776
55118,15,Ecatepec De Morelos,Colonos De Mexico (Alfredo Torres Martinez),Colonia,,15033,5607
55118,15,Ecatepec De Morelos,Juan De La Barrera,Colonia,,15033,5611
55118,15,Ecatepec De Morelos,Ampliacion Joyas De Ecatepec,Colonia,,15033,6254
55118,15,Ecatepec De Morelos,Sosa Ecatepec,Unidad Habitacional,,15033,6255
55118,15,Ecatepec De Morelos,Cuchilla De La Draga,Colonia,,15033,7839
55119,15,Ecatepec De Morelos,El Dique,Colonia,,15033,37
55119,15,Ecatepec De Morelos,Potrero Chico,Colonia,,15033,3579
55119,15,Ecatepec De Morelos,Valle De Ecatepec Estado De Mexico Ctm Xiii,Fraccionamiento,,15033,3580
55120,15,Ecatepec De Morelos,Ciudad Azteca Seccion Poniente,Fraccionamiento,,15033,3581
55120,15,Ecatepec De Morelos,Ciudad Azteca Seccion Oriente,Fraccionamiento,,15033,5080
55125,15,Ecatepec De Morelos,Aldeas De Aragon I,Unidad Habitacional,,15033,3583
55125,15,Ecatepec De Morelos,Aldeas De Aragon Ii,Unidad Habitacional,,15033,6256
55126,15,Ecatepec De Morelos,Profopec (Poligono I),Fraccionamiento,,15033,3584
55127,15,Ecatepec De Morelos,Profopec Iv (Poligono Iv El Cegor),Fraccionamiento,,15033,3585
55128,15,Ecatepec De Morelos,Jose Antonio Torres,Colonia,,15033,3586
55129,15,Ecatepec De Morelos,La Florida (Ciudad Azteca),Fraccionamiento,,15033,3587
55129,15,Ecatepec De Morelos,Josefa Ortiz De Dominguez,Colonia,,15033,6258
55130,15,Ecatepec De Morelos,Nuevo Paseo De San Agustin,Fraccionamiento,,15033,3588
55130,15,Ecatepec De Morelos,Nuevo Paseo De San Agustin 2A Secc,Fraccionamiento,,15033,3589
55130,15,Ecatepec De Morelos,Nuevo Paseo De San Agustin 3A Seccion,Fraccionamiento,,15033,3590
55130,15,Ecatepec De Morelos,Olimpica 68 I,Colonia,,15033,3593
55130,15,Ecatepec De Morelos,Plaza De Santa Clara,Fraccionamiento,,15033,3595
55130,15,Ecatepec De Morelos,Vicente Coss Ramirez,Colonia,,15033,6260
55130,15,Ecatepec De Morelos,Ciudad Y Puerto,Unidad Habitacional,,15033,6261
55130,15,Ecatepec De Morelos,Nuevo Paseo San Agustin 3A B,Fraccionamiento,,15033,8144
55135,15,Ecatepec De Morelos,Laderas Del Penon,Unidad Habitacional,,15033,3597
55137,15,Ecatepec De Morelos,Indeco Santa Clara (Campinas De Aragon),Unidad Habitacional,,15033,3598
55138,15,Ecatepec De Morelos,Valle De Santiago,Fraccionamiento,,15033,3599
55139,15,Ecatepec De Morelos,Campinas De Aragon,Colonia,,15033,3600
55140,15,Ecatepec De Morelos,Jardines De Aragon,Fraccionamiento,,15033,3601
55140,15,Ecatepec De Morelos,Rinconada De Aragon,Fraccionamiento,,15033,3602
55146,15,Ecatepec De Morelos,Tolotzin Ii,Colonia,,15033,3603
55147,15,Ecatepec De Morelos,Los Alamos,Fraccionamiento,,15033,3604
55148,15,Ecatepec De Morelos,Villas De Aragon,Colonia,,15033,3605
55148,15,Ecatepec De Morelos,Alborada De Aragon,Unidad Habitacional,,15033,6259
55149,15,Ecatepec De Morelos,Ignacio Allende,Colonia,,15033,3606
55158,15,Ecatepec De Morelos,Profopec (Poligono Ii),Fraccionamiento,,15033,3609
55170,15,Ecatepec De Morelos,Central Michoacana,Colonia,,15033,3611
55170,15,Ecatepec De Morelos,16 De Septiembre,Colonia,,15033,3612
55170,15,Ecatepec De Morelos,Sagitario Iv,Colonia,,15033,3613
55176,15,Ecatepec De Morelos,Profopec (Poligono V),Fraccionamiento,,15033,3614
55180,15,Ecatepec De Morelos,Mexico Colonial Ii,Colonia,,15033,3618
55187,15,Ecatepec De Morelos,Profopec (Poligono Iii),Fraccionamiento,,15033,3619
55188,15,Ecatepec De Morelos,Mexico Colonial I,Colonia,,15033,3620
55189,15,Ecatepec De Morelos,Novela Mexicana I,Colonia,,15033,3621
55190,15,Ecatepec De Morelos,Lazaro Cardenas V Zona,Colonia,,15033,3622
55200,15,Ecatepec De Morelos,Division Del Norte,Colonia,,15033,3623
55200,15,Ecatepec De Morelos,Emiliano Zapata 1A Seccion,Colonia,,15033,3624
55200,15,Ecatepec De Morelos,Gustavo Diaz Ordaz,Colonia,,15033,3626
55200,15,Ecatepec De Morelos,Granjas Valle De Guadalupe Seccion B,Colonia,,15033,7983
55210,15,Ecatepec De Morelos,La Estrella,Colonia,,15033,3628
55210,15,Ecatepec De Morelos,La Popular,Colonia,,15033,3629
55210,15,Ecatepec De Morelos,Valle De Anahuac Seccion A,Fraccionamiento,,15033,3630
55218,15,Ecatepec De Morelos,Cuchilla A. Rosales,Colonia,,15033,3631
55220,15,Ecatepec De Morelos,Jardines De San Gabriel,Fraccionamiento,,15033,3633
55220,15,Ecatepec De Morelos,Jardines Del Tepeyac,Colonia,,15033,3634
55220,15,Ecatepec De Morelos,Vicente Guerrero,Colonia,,15033,3635
55220,15,Ecatepec De Morelos,Emiliano Zapata 1A Seccion A,Colonia,,15033,3684
55230,15,Ecatepec De Morelos,La Media Luna,Colonia,,15033,3636
55234,15,Ecatepec De Morelos,La Glorieta,Colonia,,15033,3637
55235,15,Ecatepec De Morelos,Unidad Obrero Ctm Xiv,Unidad Habitacional,,15033,3638
55236,15,Ecatepec De Morelos,Codice Mendocino Ii,Colonia,,15033,3615
55236,15,Ecatepec De Morelos,Codice Mendocino I,Colonia,,15033,3617
55236,15,Ecatepec De Morelos,Sagitario V,Colonia,,15033,3642
55236,15,Ecatepec De Morelos,Ampliacion Codice Mendocino,Colonia,,15033,5466
55237,15,Ecatepec De Morelos,Estrella De Oriente,Fraccionamiento,,15033,3643
55238,15,Ecatepec De Morelos,Ejercito Del Trabajo Ii,Colonia,,15033,3644
55238,15,Ecatepec De Morelos,Izcalli Santa Clara,Fraccionamiento,,15033,3645
55238,15,Ecatepec De Morelos,Sagitario I,Colonia,,15033,6267
55238,15,Ecatepec De Morelos,Felipe Angeles (Antes Sagitario Ii),Colonia,,15033,6268
55238,15,Ecatepec De Morelos,Sagitario Iii,Colonia,,15033,6269
55240,15,Ecatepec De Morelos,Alborada,Unidad Habitacional,,15033,3651
55240,15,Ecatepec De Morelos,La Florida,Colonia,,15033,3652
55240,15,Ecatepec De Morelos,Melchor Muzquiz,Colonia,,15033,3654
55242,15,Ecatepec De Morelos,Villas Cosmos,Colonia,,15033,3655
55243,15,Ecatepec De Morelos,Haciendas De Aragon,Fraccionamiento,,15033,3656
55244,15,Ecatepec De Morelos,Parques De Aragon,Colonia,,15033,3657
55244,15,Ecatepec De Morelos,Paseos De Aragon,Colonia,,15033,3658
55244,15,Ecatepec De Morelos,Castillos De Aragon,Colonia,,15033,5054
55245,15,Ecatepec De Morelos,Mexico Independiente,Colonia,,15033,3659
55246,15,Ecatepec De Morelos,Petroquimica Ecatepec,Fraccionamiento,,15033,3660
55247,15,Ecatepec De Morelos,Ciudad Oriente,Colonia,,15033,3661
55247,15,Ecatepec De Morelos,Croc Aragon,Unidad Habitacional,,15033,3662
55248,15,Ecatepec De Morelos,Fuentes De Aragon,Fraccionamiento,,15033,3663
55249,15,Ecatepec De Morelos,Ecatepec Federacion (Martires De Rio Blanco),Unidad Habitacional,,15033,3665
55249,15,Ecatepec De Morelos,Poesia Mexicana,Colonia,,15033,3666
55260,15,Ecatepec De Morelos,Nueva Aragon,Colonia,,15033,3667
55264,15,Ecatepec De Morelos,Prizo I,Unidad Habitacional,,15033,3668
55264,15,Ecatepec De Morelos,Prizo Ii,Unidad Habitacional,,15033,3669
55264,15,Ecatepec De Morelos,Fernando De Alba Nezahualpilli,Colonia,,15033,6265
55264,15,Ecatepec De Morelos,Prizo Iii,Unidad Habitacional,,15033,6266
55266,15,Ecatepec De Morelos,Mexico Insurgente,Colonia,,15033,3671
55266,15,Ecatepec De Morelos,Mexico Revolucionario,Colonia,,15033,3672
55267,15,Ecatepec De Morelos,Ciudad Amanecer,Colonia,,15033,3673
55267,15,Ecatepec De Morelos,Quinto Sol,Colonia,,15033,3675
55267,15,Ecatepec De Morelos,Sauces V,Fraccionamiento,,15033,6263
55267,15,Ecatepec De Morelos,Sauces Ii,Fraccionamiento,,15033,6264
55268,15,Ecatepec De Morelos,Sauces Vi,Unidad Habitacional,,15033,3676
55268,15,Ecatepec De Morelos,Sauces Coalicion,Fraccionamiento,,15033,3677
55268,15,Ecatepec De Morelos,Novela Mexicana Ii,Colonia,,15033,3678
55269,15,Ecatepec De Morelos,Sauces I,Fraccionamiento,,15033,3680
55269,15,Ecatepec De Morelos,Mexico Prehispanico I,Colonia,,15033,3681
55269,15,Ecatepec De Morelos,Mexico Prehispanico Ii,Colonia,,15033,3682
55269,15,Ecatepec De Morelos,Sauces P.R.I.,Fraccionamiento,,15033,6262
55270,15,Ecatepec De Morelos,Emiliano Zapata 2A Secc,Colonia,,15033,3632
55270,15,Ecatepec De Morelos,El Chamizal,Colonia,,15033,3683
55270,15,Ecatepec De Morelos,Granjas Valle De Guadalupe Seccion A,Colonia,,15033,3685
55270,15,Ecatepec De Morelos,Granjas Valle De Guadalupe Seccion C,Colonia,,15033,3686
55280,15,Ecatepec De Morelos,Renacimiento De Aragon,Colonia,,15033,3689
55280,15,Ecatepec De Morelos,Valle De Aragon 3Ra. Seccion Oriente,Fraccionamiento,,15033,3692
55280,15,Ecatepec De Morelos,Ampliacion Valle De Aragon Seccion A,Colonia,,15033,3693
55280,15,Ecatepec De Morelos,Valle De Aragon 3Ra. Seccion Poniente,Fraccionamiento,,15033,3694
55280,15,Ecatepec De Morelos,Nuevo Valle De Aragon,Colonia,,15033,4923
55284,15,Ecatepec De Morelos,Renacimiento Chico,Colonia,,15033,6271
55287,15,Ecatepec De Morelos,Fernando Alba Ixtlaxochitl,Colonia,,15033,3695
55288,15,Ecatepec De Morelos,Nezahualpilli,Colonia,,15033,3696
55289,15,Ecatepec De Morelos,Bugambilias De Aragon,Conjunto Habitacional,,15033,3697
55290,15,Ecatepec De Morelos,Arboledas De Aragon,Fraccionamiento,,15033,3698
55290,15,Ecatepec De Morelos,Granjas Independencia,Colonia,,15033,3699
55290,15,Ecatepec De Morelos,Granjas Independencia Seccion A,Colonia,,15033,3700
55290,15,Ecatepec De Morelos,Granjas Independencia Seccion B,Colonia,,15033,3701
55290,15,Ecatepec De Morelos,Granjas Independencia Seccion C,Colonia,,15033,3702
55290,15,Ecatepec De Morelos,Solidaridad 90 (Martires De Rio Blanco),Colonia,,15033,4960
55294,15,Ecatepec De Morelos,Av. Central Croc,Unidad Habitacional,,15033,3703
55295,15,Ecatepec De Morelos,Licenciado Pedro Ojeda Paullada,Unidad Habitacional,,15033,3704
55295,15,Ecatepec De Morelos,Ampliacion Pedro Ojeda Paullada,Colonia,,15033,3705
55295,15,Ecatepec De Morelos,Ampliacion Nicolas Bravo,Colonia,,15033,5608
55295,15,Ecatepec De Morelos,Franja Valle De Guadalupe,Colonia,,15033,5610
55296,15,Ecatepec De Morelos,Nicolas Bravo,Colonia,,15033,3706
55296,15,Ecatepec De Morelos,A.S.A.,Unidad Habitacional,,15033,4961
55296,15,Ecatepec De Morelos,Las Flores De Aragon,Unidad Habitacional,,15033,6270
55297,15,Ecatepec De Morelos,Heroes De Granaditas,Colonia,,15033,3708
55298,15,Ecatepec De Morelos,Ejercito Del Trabajo Iii,Colonia,,15033,3710
55299,15,Ecatepec De Morelos,Ejercito Del Trabajo I,Colonia,,15033,3711
55300,15,Ecatepec De Morelos,Piedra Grande,Colonia,,15033,3713
55308,15,Ecatepec De Morelos,Benito Juarez Xalostoc Norte,Colonia,,15033,3714
55308,15,Ecatepec De Morelos,Benito Juarez La Mesa,Colonia,,15033,6250
55310,15,Ecatepec De Morelos,Cuauhtemoc Xalostoc,Colonia,,15033,3715
55310,15,Ecatepec De Morelos,San Pedro Xalostoc,Pueblo,,15033,3716
55316,15,Ecatepec De Morelos,Ampliacion San Pedro Xalostoc,Colonia,,15033,3717
55317,15,Ecatepec De Morelos,El Arbolito Xalostoc,Colonia,,15033,3718
55320,15,Ecatepec De Morelos,El Cardonal Xalostoc,Colonia,,15033,3720
55320,15,Ecatepec De Morelos,El Nardo,Colonia,,15033,3721
55320,15,Ecatepec De Morelos,Esfuerzo Nacional,Zona Industrial,,15033,3722
55320,15,Ecatepec De Morelos,Santa Maria Xalostoc,Colonia,,15033,3723
55330,15,Ecatepec De Morelos,Tolotzin V,Colonia,,15033,3616
55330,15,Ecatepec De Morelos,5 De Septiembre,Colonia,,15033,3725
55330,15,Ecatepec De Morelos,Jardines De Xalostoc,Colonia,,15033,3727
55330,15,Ecatepec De Morelos,Las Vegas Xalostoc,Colonia,,15033,3728
55330,15,Ecatepec De Morelos,San Francisco Xalostoc,Colonia,,15033,3729
55330,15,Ecatepec De Morelos,Ampliacion San Francisco Xalostoc,Colonia,,15033,3730
55330,15,Ecatepec De Morelos,Prados De Xalostoc,Colonia,,15033,5661
55330,15,Ecatepec De Morelos,La Laguna 21,Colonia,,15033,5662
55338,15,Ecatepec De Morelos,Melchor Ocampo,Colonia,,15033,3731
55339,15,Ecatepec De Morelos,Villas De Guadalupe Xalostoc,Fraccionamiento,,15033,3732
55340,15,Ecatepec De Morelos,Benito Juarez Xalostoc,Colonia,,15033,3733
55340,15,Ecatepec De Morelos,Rustica Xalostoc,Colonia,,15033,3734
55340,15,Ecatepec De Morelos,Viveros De Xalostoc,Colonia,,15033,3735
55347,15,Ecatepec De Morelos,Ampliacion San Jose Xalostoc,Colonia,,15033,3737
55348,15,Ecatepec De Morelos,Parque Industrial Xalostoc,Zona Industrial,,15033,3738
55349,15,Ecatepec De Morelos,Urbana Ixhuatepec,Colonia,,15033,3739
55360,15,Ecatepec De Morelos,El Salado,Colonia,,15033,3740
55360,15,Ecatepec De Morelos,San Jose Xalostoc,Colonia,,15033,3741
55369,15,Ecatepec De Morelos,Ampliacion San Miguel Xalostoc,Colonia,,15033,3742
55390,15,Ecatepec De Morelos,Altavilla,Fraccionamiento,,15033,3743
55390,15,Ecatepec De Morelos,San Miguel Xalostoc,Colonia,,15033,3744
55400,15,Ecatepec De Morelos,Santa Maria Tulpetlac,Pueblo,,15033,3746
55400,15,Ecatepec De Morelos,Aldeas I,Unidad Habitacional,,15033,6236
55400,15,Ecatepec De Morelos,Aldeas Ii,Unidad Habitacional,,15033,6237
55400,15,Ecatepec De Morelos,Nieves,Unidad Habitacional,,15033,6238
55400,15,Ecatepec De Morelos,Issemym,Unidad Habitacional,,15033,6239
55404,15,Ecatepec De Morelos,Ejido De Santa Maria Tulpetlac,Colonia,,15033,38
55404,15,Ecatepec De Morelos,Ecatepec Las Fuentes,Unidad Habitacional,,15033,72
55404,15,Ecatepec De Morelos,El Charco,Colonia,,15033,3748
55404,15,Ecatepec De Morelos,El Chamizalito,Colonia,,15033,4962
55404,15,Ecatepec De Morelos,El Charco Ii,Colonia,,15033,4963
55405,15,Ecatepec De Morelos,La Purisima,Colonia,,15033,68
55407,15,Ecatepec De Morelos,Talleres Graficos,Unidad Habitacional,,15033,3756
55407,15,Ecatepec De Morelos,Cuchilla Lazaro Cardenas,Unidad Habitacional,,15033,5671
55410,15,Ecatepec De Morelos,Tecuescomac,Colonia,,15033,3759
55410,15,Ecatepec De Morelos,Lomas De San Carlos Cantera,Colonia,,15033,6229
55410,15,Ecatepec De Morelos,El Ostor,Colonia,,15033,6230
55414,15,Ecatepec De Morelos,Xochitenco,Colonia,,15033,152
55414,15,Ecatepec De Morelos,El Parque,Colonia,,15033,3763
55414,15,Ecatepec De Morelos,Nueva Rufino Tamayo,Colonia,,15033,3765
55414,15,Ecatepec De Morelos,Tepetlac Texalpa,Colonia,,15033,3766
55414,15,Ecatepec De Morelos,La Nopalera 2A. Seccion Tulpetlac,Colonia,,15033,3767
55414,15,Ecatepec De Morelos,Lomas Verdes Tlaljuyaca,Colonia,,15033,5659
55414,15,Ecatepec De Morelos,Margarita Maza De Juarez,Colonia,,15033,5668
55415,15,Ecatepec De Morelos,Buenos Aires,Colonia,,15033,12
55415,15,Ecatepec De Morelos,El Rosal,Colonia,,15033,42
55415,15,Ecatepec De Morelos,Mexihuiloya,Colonia,,15033,89
55415,15,Ecatepec De Morelos,El Almarcigo Norte,Colonia,,15033,3768
55415,15,Ecatepec De Morelos,El Almarcigo Sur,Colonia,,15033,3769
55415,15,Ecatepec De Morelos,Ampliacion Almarcigo,Colonia,,15033,5670
55416,15,Ecatepec De Morelos,Texalpa,Colonia,,15033,3770
55416,15,Ecatepec De Morelos,Benito Juarez 1Ra. Seccion,Unidad Habitacional,,15033,5584
55416,15,Ecatepec De Morelos,Benito Juarez 2Da. Seccion,Unidad Habitacional,,15033,5585
55416,15,Ecatepec De Morelos,Benito Juarez 3Ra. Seccion,Unidad Habitacional,,15033,5586
55416,15,Ecatepec De Morelos,La Virgen,Colonia,,15033,5666
55416,15,Ecatepec De Morelos,Progreso Tlajoyuca,Colonia,,15033,6234
55417,15,Ecatepec De Morelos,Guadalupe Coatzochico,Colonia,,15033,3771
55418,15,Ecatepec De Morelos,Mexicalco I,Colonia,,15033,3772
55418,15,Ecatepec De Morelos,Rufino Tamayo,Colonia,,15033,3773
55418,15,Ecatepec De Morelos,Ampliacion Santa Maria Tulpetlac,Colonia,,15033,3774
55418,15,Ecatepec De Morelos,Cuauhtemoc,Colonia,,15033,5658
55418,15,Ecatepec De Morelos,El Callejon,Colonia,,15033,5667
55418,15,Ecatepec De Morelos,Progreso Chico Tulpetlac,Colonia,,15033,5669
55418,15,Ecatepec De Morelos,Villas Tulpetlac,Fraccionamiento,,15033,6231
55418,15,Ecatepec De Morelos,Mexicalco Ii Y Iv,Colonia,,15033,6232
55418,15,Ecatepec De Morelos,Mexicalco Iii,Colonia,,15033,6233
55419,15,Ecatepec De Morelos,Tlatempa,Colonia,,15033,3775
55419,15,Ecatepec De Morelos,El Cortijo,Colonia,,15033,6235
55420,15,Ecatepec De Morelos,Cerro Gordo,Zona Industrial,,15033,3776
55425,15,Ecatepec De Morelos,Cerro Gordo,Colonia,,15033,3777
55429,15,Ecatepec De Morelos,Bellavista,Unidad Habitacional,,15033,3778
55429,15,Ecatepec De Morelos,Tepetzicasco,Colonia,,15033,6244
55429,15,Ecatepec De Morelos,La Cuesta Santa Clara,Colonia,,15033,6245
55430,15,Ecatepec De Morelos,Jose Maria Pino Suarez,Colonia,,15033,3779
55430,15,Ecatepec De Morelos,Jardines De Casa Nueva,Fraccionamiento,,15033,3780
55430,15,Ecatepec De Morelos,Conjunto Ejecutivo,Conjunto Habitacional,,15033,5635
55430,15,Ecatepec De Morelos,Junta De San Juan,Unidad Habitacional,,15033,6240
55450,15,Ecatepec De Morelos,Jardines De Santa Clara,Fraccionamiento,,15033,3781
55450,15,Ecatepec De Morelos,Prados De Santa Clara,Fraccionamiento,,15033,3782
55458,15,Ecatepec De Morelos,Conjunto Guanajuato,Conjunto Habitacional,,15033,3783
55459,15,Ecatepec De Morelos,America Santa Clara,Colonia,,15033,3784
55490,15,Ecatepec De Morelos,Faja De Oro,Colonia,,15033,3785
55490,15,Ecatepec De Morelos,Miguel Hidalgo,Colonia,,15033,3786
55490,15,Ecatepec De Morelos,Finca San Miguel,Unidad Habitacional,,15033,6253
55498,15,Ecatepec De Morelos,Heroes De La Independencia,Colonia,,15033,3787
55500,15,Ecatepec De Morelos,Conjunto Tepeyac Hidalgo,Conjunto Habitacional,,15033,3789
55506,15,Ecatepec De Morelos,Buenavista,Colonia,,15033,5079
55507,15,Ecatepec De Morelos,La Palma,Colonia,,15033,3791
55508,15,Ecatepec De Morelos,Ampliacion Coanalco,Colonia,,15033,3792
55508,15,Ecatepec De Morelos,Coanalco Buenavista,Colonia,,15033,8774
55509,15,Ecatepec De Morelos,La Presa,Colonia,,15033,3793
55509,15,Ecatepec De Morelos,Plan De Ayala,Colonia,,15033,5664
55510,15,Ecatepec De Morelos,Tablas Del Pozo,Colonia,,15033,3794
55510,15,Ecatepec De Morelos,Tepeolulco,Colonia,,15033,3795
55510,15,Ecatepec De Morelos,El Pozo,Colonia,,15033,6243
55515,15,Ecatepec De Morelos,Los Bordos,Colonia,,15033,3796
55515,15,Ecatepec De Morelos,La Teja,Colonia,,15033,5587
55516,15,Ecatepec De Morelos,Boca Barranca,Colonia,,15033,3797
55517,15,Ecatepec De Morelos,El Mirador,Colonia,,15033,3799
55518,15,Ecatepec De Morelos,La Aguita,Colonia,,15033,3800
55518,15,Ecatepec De Morelos,La Lomita,Colonia,,15033,4964
55518,15,Ecatepec De Morelos,Arboledas De Xalostoc,Colonia,,15033,6242
55519,15,Ecatepec De Morelos,San Andres De La Canada,Pueblo,,15033,3801
55519,15,Ecatepec De Morelos,La Esperanza,Colonia,,15033,4965
55520,15,Ecatepec De Morelos,Carlos Hank Gonzalez,Colonia,,15033,3802
55530,15,Ecatepec De Morelos,El Gallito,Colonia,,15033,3806
55530,15,Ecatepec De Morelos,San Jaco (El Gallito),Colonia,,15033,5656
55530,15,Ecatepec De Morelos,Santa Clara,Unidad Habitacional,,15033,6246
55540,15,Ecatepec De Morelos,Santa Clara Coatitla,Pueblo,,15033,3809
55540,15,Ecatepec De Morelos,Real De Santa Clara,Unidad Habitacional,,15033,6251
55540,15,Ecatepec De Morelos,Rinconada De Santa Clara,Unidad Habitacional,,15033,6252
55547,15,Ecatepec De Morelos,Santa Clara,Zona Industrial,,15033,3812
55548,15,Ecatepec De Morelos,Area Zapotecas,Colonia,,15033,3813
55548,15,Ecatepec De Morelos,Cantera Guadalupana,Colonia,,15033,6248
55548,15,Ecatepec De Morelos,Dos De Octubre,Colonia,,15033,6249
55549,15,Ecatepec De Morelos,Area Santa Cruz,Colonia,,15033,3814
55600,15,Zumpango,Paseos De La Laguna,Fraccionamiento,,15120,4
55600,15,Zumpango,Zumpango,Fraccionamiento,,15120,18
55600,15,Zumpango,Santiago 1Ra. Seccion,Barrio,,15120,123
55600,15,Zumpango,San Sebastian,Pueblo,,15120,3815
55600,15,Zumpango,Independencia,Colonia,,15120,5331
55600,15,Zumpango,San Juan,Barrio,,15120,8006
55600,15,Zumpango,Santa Rosa,Fraccionamiento,,15120,8007
55600,15,Zumpango,Del Bosque,Fraccionamiento,,15120,8008
55600,15,Zumpango,San Miguel,Barrio,,15120,8014
55600,15,Zumpango,Magisterial,Colonia,,15120,8025
55600,15,Zumpango,Santiago 2Da. Seccion,Barrio,,15120,8030
55600,15,Zumpango,San Miguel (Camino A Bata),Barrio,,15120,9211
55604,15,Zumpango,San Lorenzo,Barrio,,15120,8015
55604,15,Zumpango,Hombres Ilustres,Colonia,,15120,8016
55604,15,Zumpango,Portales De San Juan,Fraccionamiento,,15120,8017
55604,15,Zumpango,Unidad Familiar C.T.C. De Jaltenco,Fraccionamiento,,15120,8018
55604,15,Zumpango,San Miguel (Camino A Valle Hermoso),Barrio,,15120,9210
55605,15,Zumpango,Santa Maria El Llano,Colonia,,15120,8019
55605,15,Zumpango,San Antonio De Las Arenas,Colonia,,15120,8021
55605,15,Zumpango,Ctc De Zumpango (Santa Maria),Unidad Habitacional,,15120,8085
55606,15,Zumpango,Santa Maria,Barrio,,15120,5
55606,15,Zumpango,San Marcos,Barrio,,15120,8022
55606,15,Zumpango,Pueblo Nuevo De San Pedro,Colonia,,15120,8024
55606,15,Zumpango,San Marcos Del Llano,Ejido,,15120,9204
55607,15,Zumpango,Paseos Del Lago Ii,Fraccionamiento,,15120,2
55607,15,Zumpango,Jardines Del Lago,Fraccionamiento,,15120,3
55607,15,Zumpango,Primero De Mayo,Colonia,,15120,3818
55607,15,Zumpango,Villas 2000,Fraccionamiento,,15120,5330
55607,15,Zumpango,Fovissste,Fraccionamiento,,15120,5333
55607,15,Zumpango,Paseos Del Lago,Fraccionamiento,,15120,8282
55607,15,Zumpango,Nuevo Paseos De San Juan,Fraccionamiento,,15120,9209
55609,15,Zumpango,San Pedro De La Laguna,Barrio,,15120,3819
55610,15,Zumpango,Santa Maria Cuevas,Pueblo,,15120,3820
55610,15,Zumpango,El Rincon,Barrio,,15120,8033
55610,15,Zumpango,Espana (Cuevas),Barrio,,15120,8034
55613,15,Zumpango,Loma Larga (Barrio De Loma Larga),Barrio,,15120,8032
55614,15,Zumpango,Villas De Zumpango,Fraccionamiento,,15120,1
55614,15,Zumpango,Jardines De La Laguna,Fraccionamiento,,15120,9
55614,15,Zumpango,Solares,Fraccionamiento,,15120,10
55614,15,Zumpango,Jardines De Girasoles,Fraccionamiento,,15120,14
55614,15,Zumpango,Nuevo Zumpango,Fraccionamiento,,15120,16
55614,15,Zumpango,Valle De Los Lirios,Fraccionamiento,,15120,17
55614,15,Zumpango,Santa Maria,Fraccionamiento,,15120,8009
55614,15,Zumpango,Villas De La Laguna,Fraccionamiento,,15120,8010
55614,15,Zumpango,La Trinidad,Fraccionamiento,,15120,8011
55614,15,Zumpango,El Nido,Fraccionamiento,,15120,8012
55614,15,Zumpango,Los Romeros,Colonia,,15120,8013
55619,15,Zumpango,San Miguel Bocanegra,Pueblo,,15120,3821
55620,15,Zumpango,El Colorado,Colonia,,15120,6
55620,15,Zumpango,La Soledad,Rancheria,,15120,8
55620,15,Zumpango,San Jose De La Loma,Colonia,,15120,3822
55627,15,Zumpango,El Potrero,Colonia,,15120,7
55628,15,Zumpango,Santa Maria De Guadalupe,Colonia,,15120,3824
55628,15,Zumpango,San Pedro (Zitlaltepec),Barrio,,15120,8026
55628,15,Zumpango,San Miguel (Zitlaltepec),Barrio,,15120,8027
55628,15,Zumpango,Santa Maria (Zitlaltepec),Barrio,,15120,8028
55628,15,Zumpango,San Lorenzo (Zitlaltepec),Barrio,,15120,8029
55629,15,Zumpango,Lazaro Cardenas,Colonia,,15120,3825
55630,15,Zumpango,Jardines De Acacias,Fraccionamiento,,15120,12
55630,15,Zumpango,San Bartolo Cuautlalpan,Pueblo,,15120,3826
55630,15,Zumpango,Los Alcanfores,Colonia,,15120,8045
55630,15,Zumpango,San Juan De Guadalupe,Colonia,,15120,8046
55630,15,Zumpango,La Esmeralda,Fraccionamiento,,15120,8047
55630,15,Zumpango,Ex Hacienda De Guadalupe,Unidad Habitacional,,15120,8048
55630,15,Zumpango,Santa Fe,Fraccionamiento,,15120,8049
55630,15,Zumpango,Olmos,Fraccionamiento,,15120,8277
55630,15,Zumpango,El Solar,Colonia,,15120,9205
55630,15,Zumpango,Ampliacion Jardines De San Bartolo,Colonia,,15120,9206
55630,15,Zumpango,Miltenco,Barrio,,15120,9208
55634,15,Zumpango,Paseos De San Juan,Fraccionamiento,,15120,8050
55634,15,Zumpango,Santa Lucia,Colonia,,15120,8052
55635,15,Zumpango,Jardines De Magnolias,Fraccionamiento,,15120,11
55635,15,Zumpango,Jardines De Castalias,Fraccionamiento,,15120,15
55635,15,Zumpango,Ejido San Bartolo,Rancheria,,15120,19
55635,15,Zumpango,Buenavista,Rancheria,,15120,3827
55635,15,Zumpango,Los Hornos,Colonia,,15120,8039
55635,15,Zumpango,Arbolada Los Sauces,Fraccionamiento,,15120,8040
55635,15,Zumpango,Las Plazas,Fraccionamiento,,15120,8041
55635,15,Zumpango,Hacienda Los Encinos,Fraccionamiento,,15120,8042
55635,15,Zumpango,Santa Isabel,Fraccionamiento,,15120,9165
55635,15,Zumpango,Letigio,Colonia,,15120,9207
55636,15,Zumpango,Los Rivero,Colonia,,15120,8036
55636,15,Zumpango,Pueblo Nuevo De Morelos,Colonia,,15120,8037
55637,15,Zumpango,La Noria,Fraccionamiento,,15120,13
55637,15,Zumpango,Santa Cecilia,Fraccionamiento,,15120,9164
55640,15,Zumpango,Santa Lucia Base Aerea Militar,Zona Federal,,15120,3828
55650,15,Tequixquiac,Adolfo Lopez Mateos,Colonia,,15096,3830
55650,15,Tequixquiac,San Miguel,Barrio,,15096,3831
55650,15,Tequixquiac,Tequixquiac Centro,Pueblo,,15096,3832
55650,15,Tequixquiac,Ex-Hacienda San Sebastian,Rancheria,,15096,9607
55653,15,Tequixquiac,Tlapanaloya,Pueblo,,15096,3834
55653,15,Tequixquiac,La Rinconada,Barrio,,15096,9602
55653,15,Tequixquiac,Monte Alto,Barrio,,15096,9603
55653,15,Tequixquiac,La Esperanza,Colonia,,15096,9605
55654,15,Tequixquiac,San Jose,Barrio,,15096,3835
55654,15,Tequixquiac,El Crucero,Barrio,,15096,9599
55654,15,Tequixquiac,La Heredad,Barrio,,15096,9601
55655,15,Tequixquiac,El Refugio,Barrio,,15096,3836
55655,15,Tequixquiac,Palo Grande,Barrio,,15096,9604
55656,15,Tequixquiac,Ejidal General Wenceslao Labra,Colonia,,15096,9606
55657,15,Tequixquiac,San Mateo,Barrio,,15096,3837
55657,15,Tequixquiac,El Cenicero,Barrio,,15096,9600
55660,15,Apaxco,Apaxco De Ocampo,Pueblo,,15010,3838
55660,15,Apaxco,Arboledas,Colonia,,15010,7086
55660,15,Apaxco,23 De Noviembre,Colonia,,15010,7094
55660,15,Apaxco,Olimpica,Colonia,,15010,9564
55663,15,Apaxco,Santa Cecilia,Colonia,,15010,7092
55663,15,Apaxco,3 De Mayo,Colonia,,15010,7093
55664,15,Apaxco,Coyotillos,Barrio,,15010,3839
55664,15,Apaxco,Juarez,Colonia,,15010,7089
55664,15,Apaxco,San Jose Tena,Rancho,,15010,9573
55665,15,Apaxco,Perez De Galeana,Barrio,,15010,3841
55666,15,Apaxco,Tablon Chico (Tabloncito),Rancheria,,15010,1
55666,15,Apaxco,Loma Bonita,Colonia,,15010,7091
55666,15,Apaxco,Los Arbolitos,Colonia,,15010,9566
55666,15,Apaxco,La Tarjea,Equipamiento,,15010,9571
55666,15,Apaxco,Tablon Grande,Colonia,,15010,9572
55667,15,Apaxco,Santa Maria Apaxco,Pueblo,,15010,3840
55667,15,Apaxco,El Mirador,Colonia,,15010,7087
55667,15,Apaxco,El Pisquay,Barrio,,15010,7088
55667,15,Apaxco,La Ermita,Colonia,,15010,9567
55667,15,Apaxco,Ejidos De Santa Maria,Colonia,,15010,9568
55670,15,Hueypoxtla,Roma,Colonia,,15036,2
55670,15,Hueypoxtla,Centenario,Colonia,,15036,3
55670,15,Hueypoxtla,Espana,Colonia,,15036,4
55670,15,Hueypoxtla,Huicalco,Colonia,,15036,5
55670,15,Hueypoxtla,Hueypoxtla,Pueblo,,15036,3842
55670,15,Hueypoxtla,Juarez,Colonia,,15036,8945
55676,15,Hueypoxtla,Casa Blanca (Ex-Hacienda Casa Blanca),Pueblo,,15036,3845
55679,15,Hueypoxtla,San Miguel Tepetates,Colonia,,15036,6
55679,15,Hueypoxtla,Santa Maria Ajoloapan,Pueblo,,15036,3846
55680,15,Hueypoxtla,San Francisco Zacacalco,Pueblo,,15036,3847
55683,15,Hueypoxtla,Tianguistongo,Pueblo,,15036,3848
55684,15,Hueypoxtla,San Pedro La Gloria,Rancheria,,15036,3849
55685,15,Hueypoxtla,Tezontlalpa De Zapata (Tezontlalpan),Pueblo,,15036,3843
55689,15,Hueypoxtla,Nopala (Guadalupe Nopala),Pueblo,,15036,3850
55690,15,Hueypoxtla,Jilotzingo,Pueblo,,15036,3853
55694,15,Hueypoxtla,El Carmen,Pueblo,,15036,3854
55697,15,Hueypoxtla,Emiliano Zapata (San Jose Bata),Pueblo,,15036,3855
55700,15,Coacalco De Berriozabal,Residencial Paraiso I,Condominio,,15020,96
55700,15,Coacalco De Berriozabal,Residencial Paraiso Ii,Condominio,,15020,97
55700,15,Coacalco De Berriozabal,El Vergel,Condominio,,15020,139
55700,15,Coacalco De Berriozabal,Residencial Sirapark,Condominio,,15020,154
55700,15,Coacalco De Berriozabal,Hacienda Cruztitla I,Conjunto Habitacional,,15020,3857
55700,15,Coacalco De Berriozabal,Fuentes De San Francisco,Condominio,,15020,3858
55700,15,Coacalco De Berriozabal,Las Hiedras,Condominio,,15020,3859
55700,15,Coacalco De Berriozabal,San Francisco Coacalco,Pueblo,,15020,3861
55700,15,Coacalco De Berriozabal,Zacuautitla,Colonia,,15020,3862
55700,15,Coacalco De Berriozabal,El Laurel (El Gigante),Conjunto Habitacional,,15020,3870
55700,15,Coacalco De Berriozabal,Conjunto Salamanca,Condominio,,15020,4966
55700,15,Coacalco De Berriozabal,Bonito Coacalco,Condominio,,15020,5799
55700,15,Coacalco De Berriozabal,Residencial Hacienda Capultitla,Condominio,,15020,5800
55700,15,Coacalco De Berriozabal,La Cualac,Condominio,,15020,5801
55700,15,Coacalco De Berriozabal,Residencial Santander,Fraccionamiento,,15020,5802
55700,15,Coacalco De Berriozabal,Rincon Colonial Coacalco,Condominio,,15020,5804
55700,15,Coacalco De Berriozabal,Hacienda Las Garzas,Conjunto Habitacional,,15020,5805
55700,15,Coacalco De Berriozabal,El Toloache,Condominio,,15020,5806
55700,15,Coacalco De Berriozabal,Privadas Coacalco,Condominio,,15020,5807
55700,15,Coacalco De Berriozabal,Bonito Coacalco I (La Cruz),Condominio,,15020,5808
55700,15,Coacalco De Berriozabal,Colonial Coacalco,Conjunto Habitacional,,15020,5809
55700,15,Coacalco De Berriozabal,Hacienda Cruztitla Ii,Conjunto Habitacional,,15020,5810
55700,15,Coacalco De Berriozabal,Parque Taxco Viejo,Condominio,,15020,8124
55700,15,Coacalco De Berriozabal,Residencial Bonito La Loma Ii,Conjunto Habitacional,,15020,8977
55700,15,Coacalco De Berriozabal,Villa Florencia,Condominio,,15020,8988
55700,15,Coacalco De Berriozabal,Chabacano,Fraccionamiento,,15020,8989
55700,15,Coacalco De Berriozabal,Real De Coacalco,Condominio,,15020,9494
55705,15,Coacalco De Berriozabal,Republica Mexicana,Colonia,,15020,3864
55707,15,Coacalco De Berriozabal,El Obelisco,Conjunto Habitacional,,15020,39
55707,15,Coacalco De Berriozabal,La Cima,Condominio,,15020,55
55707,15,Coacalco De Berriozabal,Ejidal Canuto Luna,Colonia,,15020,3865
55707,15,Coacalco De Berriozabal,Calpulli Del Valle,Conjunto Habitacional,,15020,4969
55707,15,Coacalco De Berriozabal,Ex-Rancho San Felipe,Colonia,,15020,5813
55707,15,Coacalco De Berriozabal,Lomas San Felipe,Colonia,,15020,5814
55708,15,Coacalco De Berriozabal,Hidalgo,Colonia,,15020,3867
55709,15,Coacalco De Berriozabal,Coor Coacalco,Unidad Habitacional,,15020,3868
55709,15,Coacalco De Berriozabal,El Gigante,Colonia,,15020,3869
55709,15,Coacalco De Berriozabal,Villas Gigante,Fraccionamiento,,15020,3871
55709,15,Coacalco De Berriozabal,Conjunto San Diego,Condominio,,15020,5811
55710,15,Coacalco De Berriozabal,"Residencial Las Dalias I,Ii,Iii Y Iv",Fraccionamiento,,15020,3872
55710,15,Coacalco De Berriozabal,Villa De Las Flores 1A Seccion (Unidad Coacalco),Fraccionamiento,,15020,3873
55710,15,Coacalco De Berriozabal,Villa De Las Flores 2A Seccion (Unidad Coacalco),Fraccionamiento,,15020,3874
55710,15,Coacalco De Berriozabal,Rancho La Providencia,Conjunto Habitacional,,15020,5832
55710,15,Coacalco De Berriozabal,Arcos Las Torres,Condominio,,15020,7958
55710,15,Coacalco De Berriozabal,Las Rosas,Conjunto Habitacional,,15020,8125
55710,15,Coacalco De Berriozabal,"Seccion Jardin ""Las Plazas"" (Unidad Coacalco)",Fraccionamiento,,15020,8126
55712,15,Coacalco De Berriozabal,San Francisco Coacalco (Seccion Hacienda),Conjunto Habitacional,,15020,4723
55712,15,Coacalco De Berriozabal,Los Heroes Coacalco,Fraccionamiento,,15020,5073
55712,15,Coacalco De Berriozabal,Dalias,Conjunto Habitacional,,15020,8982
55713,15,Coacalco De Berriozabal,La Floresta,Condominio,,15020,57
55713,15,Coacalco De Berriozabal,Rincon De Las Fuentes,Condominio,,15020,109
55713,15,Coacalco De Berriozabal,Rinconada Coacalco,Condominio,,15020,3876
55713,15,Coacalco De Berriozabal,Villa De Reyes,Condominio,,15020,3877
55713,15,Coacalco De Berriozabal,Ampliacion Villa De Reyes,Colonia,,15020,4973
55714,15,Coacalco De Berriozabal,Residencial Plaza Coacalco,Condominio,,15020,1
55714,15,Coacalco De Berriozabal,Rincon Coahuilense,Condominio,,15020,3878
55714,15,Coacalco De Berriozabal,San Lorenzo Tetlixtac,Pueblo,,15020,3879
55714,15,Coacalco De Berriozabal,Ninos Heroes,Condominio,,15020,5826
55714,15,Coacalco De Berriozabal,Los Almendros,Condominio,,15020,5828
55714,15,Coacalco De Berriozabal,Hacienda San Pablo,Conjunto Habitacional,,15020,5830
55714,15,Coacalco De Berriozabal,Potrero Ii,Condominio,,15020,5837
55714,15,Coacalco De Berriozabal,Los Olivos,Condominio,,15020,8983
55714,15,Coacalco De Berriozabal,Tetlacolili,Condominio,,15020,8991
55715,15,Coacalco De Berriozabal,Santa Maria Magdalena Huizachitla,Pueblo,,15020,3880
55715,15,Coacalco De Berriozabal,Los Sabinos Ii,Fraccionamiento,,15020,4986
55716,15,Coacalco De Berriozabal,Jardines De San Jose 1A Secc,Fraccionamiento,,15020,3881
55716,15,Coacalco De Berriozabal,Jardines De San Jose 2A Secc,Fraccionamiento,,15020,3882
55716,15,Coacalco De Berriozabal,Seccion Las Villas (Unidad Coacalco),Fraccionamiento,,15020,3883
55717,15,Coacalco De Berriozabal,Ex-Hacienda San Felipe 1A. Seccion,Conjunto Habitacional,,15020,46
55717,15,Coacalco De Berriozabal,Rancho La Palma 1A Seccion,Conjunto Habitacional,,15020,107
55717,15,Coacalco De Berriozabal,Bosques Del Valle 1A Seccion,Fraccionamiento,,15020,3884
55717,15,Coacalco De Berriozabal,Bosques Del Valle 2A Seccion,Fraccionamiento,,15020,3885
55717,15,Coacalco De Berriozabal,Periodistas Revolucionarios,Conjunto Habitacional,,15020,3887
55717,15,Coacalco De Berriozabal,El Laurel,Condominio,,15020,4974
55717,15,Coacalco De Berriozabal,Los Portales Oriente,Unidad Habitacional,,15020,4976
55717,15,Coacalco De Berriozabal,Ex-Hacienda San Felipe 2A. Seccion,Conjunto Habitacional,,15020,5791
55717,15,Coacalco De Berriozabal,Rancho La Palma 2A Seccion,Conjunto Habitacional,,15020,5792
55717,15,Coacalco De Berriozabal,Rancho La Palma 3A Seccion,Conjunto Habitacional,,15020,5793
55717,15,Coacalco De Berriozabal,El Chaparral,Condominio,,15020,5834
55717,15,Coacalco De Berriozabal,Ex-Hacienda San Felipe 3A. Seccion,Conjunto Habitacional,,15020,8978
55717,15,Coacalco De Berriozabal,Las Bugambilias,Conjunto Habitacional,,15020,8981
55717,15,Coacalco De Berriozabal,Los Portales Poniente,Unidad Habitacional,,15020,8984
55717,15,Coacalco De Berriozabal,Rancho La Palma 4A. Seccion,Conjunto Habitacional,,15020,8987
55718,15,Coacalco De Berriozabal,Parque Industrial Zi-1 Y Zi-2,Zona Industrial,,15020,98
55718,15,Coacalco De Berriozabal,Potrero Popular I,Colonia,,15020,3888
55718,15,Coacalco De Berriozabal,Potrero La Laguna 1A Seccion,Unidad Habitacional,,15020,3889
55718,15,Coacalco De Berriozabal,Potrero La Laguna 2A Seccion,Unidad Habitacional,,15020,3890
55718,15,Coacalco De Berriozabal,Jose Maria Morelos Y Pavon,Unidad Habitacional,,15020,3891
55718,15,Coacalco De Berriozabal,Santa Maria Ii,Conjunto Habitacional,,15020,4981
55718,15,Coacalco De Berriozabal,Las Garzas,Fraccionamiento,,15020,5819
55718,15,Coacalco De Berriozabal,Potrero I,Condominio,,15020,5820
55718,15,Coacalco De Berriozabal,Joyas De Coacalco,Condominio,,15020,5821
55718,15,Coacalco De Berriozabal,Los Cedros I Y Ii,Fraccionamiento,,15020,8976
55718,15,Coacalco De Berriozabal,La Guadalupana,Condominio,,15020,8980
55718,15,Coacalco De Berriozabal,Privada Las Garzas,Conjunto Habitacional,,15020,8986
55718,15,Coacalco De Berriozabal,Santa Maria Iii,Conjunto Habitacional,,15020,8990
55718,15,Coacalco De Berriozabal,Potrero Popular Ii,Colonia,,15020,8993
55719,15,Coacalco De Berriozabal,El Pantano,Fraccionamiento,,15020,3892
55719,15,Coacalco De Berriozabal,San Rafael Coacalco,Unidad Habitacional,,15020,3894
55719,15,Coacalco De Berriozabal,Rinconada San Felipe Ii,Conjunto Habitacional,,15020,4656
55719,15,Coacalco De Berriozabal,Santa Maria I,Conjunto Habitacional,,15020,5823
55719,15,Coacalco De Berriozabal,Rinconada San Felipe I,Conjunto Habitacional,,15020,7868
55719,15,Coacalco De Berriozabal,Plaza Las Flores,Fraccionamiento,,15020,8992
55720,15,Coacalco De Berriozabal,Parque Residencial Coacalco 1A Seccion,Fraccionamiento,,15020,3896
55720,15,Coacalco De Berriozabal,Parque Residencial Coacalco 2A Seccion,Fraccionamiento,,15020,3897
55720,15,Coacalco De Berriozabal,Parque Residencial Coacalco 3A Seccion,Fraccionamiento,,15020,3898
55726,15,Coacalco De Berriozabal,Camino Real El Granero,Fraccionamiento,,15020,2
55726,15,Coacalco De Berriozabal,Villa Florida,Conjunto Habitacional,,15020,58
55726,15,Coacalco De Berriozabal,Granjas San Cristobal,Fraccionamiento,,15020,3900
55726,15,Coacalco De Berriozabal,Hacienda Del Teruel,Condominio,,15020,5816
55726,15,Coacalco De Berriozabal,Star I,Condominio,,15020,5817
55726,15,Coacalco De Berriozabal,Star Ii,Condominio,,15020,5818
55726,15,Coacalco De Berriozabal,La Vista,Conjunto Habitacional,,15020,8197
55726,15,Coacalco De Berriozabal,Valle Florido,Fraccionamiento,,15020,8778
55728,15,Coacalco De Berriozabal,Las Brisas,Condominio,,15020,71
55728,15,Coacalco De Berriozabal,El Granero,Colonia,,15020,3902
55728,15,Coacalco De Berriozabal,Coor Granjas,Unidad Habitacional,,15020,3903
55728,15,Coacalco De Berriozabal,El Oasis,Conjunto Habitacional,,15020,4983
55729,15,Coacalco De Berriozabal,Los Sabinos I,Fraccionamiento,,15020,3904
55729,15,Coacalco De Berriozabal,Sitatyr,Condominio,,15020,3905
55730,15,Coacalco De Berriozabal,Villa Las Manzanas,Condominio,,15020,3906
55736,15,Coacalco De Berriozabal,Lomas De Coacalco 1A. Seccion,Fraccionamiento,,15020,3907
55736,15,Coacalco De Berriozabal,Lomas De Coacalco 2A. Seccion (Bosques),Fraccionamiento,,15020,4984
55736,15,Coacalco De Berriozabal,Basurero Municipal (La Aurora),Equipamiento,,15020,8776
55737,15,Coacalco De Berriozabal,Jalatlaco,Conjunto Habitacional,,15020,4985
55737,15,Coacalco De Berriozabal,Mediterraneo,Condominio,,15020,8985
55738,15,Coacalco De Berriozabal,Arte Y Publicidad Miguel Hidalgo,Conjunto Habitacional,,15020,8
55738,15,Coacalco De Berriozabal,Loma Bonita,Colonia,,15020,3910
55738,15,Coacalco De Berriozabal,Asociacion De Comerciantes De Coacalco,Condominio,,15020,5795
55738,15,Coacalco De Berriozabal,Hacienda Taxco Viejo,Condominio,,15020,5797
55738,15,Coacalco De Berriozabal,El Ranchito (Imevis),Colonia,,15020,5833
55739,15,Coacalco De Berriozabal,Los Acuales,Colonia,,15020,3911
55740,15,Tecamac,Ejido Santa Ana,Colonia,,15081,25
55740,15,Tecamac,Tecamac De Felipe Villanueva Centro,Pueblo,,15081,3912
55740,15,Tecamac,El Calvario,Barrio,,15081,8122
55740,15,Tecamac,Galaxias El Llano,Fraccionamiento,,15081,9426
55743,15,Tecamac,Real Granada,Fraccionamiento,,15081,8
55743,15,Tecamac,Isidro Fabela,Colonia,,15081,5597
55743,15,Tecamac,Rancho La Luz,Condominio,,15081,8068
55743,15,Tecamac,La Palma,Colonia,,15081,8075
55743,15,Tecamac,Hacienda Del Bosque,Fraccionamiento,,15081,8189
55743,15,Tecamac,San Nicolas La Redonda,Fraccionamiento,,15081,8227
55744,15,Tecamac,San Pedro Potzohuacan,Pueblo,,15081,3915
55745,15,Tecamac,Real Granada Iv,Fraccionamiento,,15081,16
55745,15,Tecamac,Reserva Castilla,Fraccionamiento,,15081,24
55745,15,Tecamac,San Jeronimo Xonacahuacan,Pueblo,,15081,3916
55745,15,Tecamac,Ampliacion San Jeronimo,Colonia,,15081,8083
55745,15,Tecamac,Nuevo Mexico,Colonia,,15081,8084
55745,15,Tecamac,Jardines De Xonacahuacan,Colonia,,15081,8276
55746,15,Tecamac,Ex Hacienda San Miguel Tenopala,Rancheria,,15081,10
55746,15,Tecamac,Rancho La Capilla,Fraccionamiento,,15081,15
55746,15,Tecamac,Real Belmonte,Fraccionamiento,,15081,23
55746,15,Tecamac,Club De Polo (Rancho Azul),Rancho,,15081,8070
55746,15,Tecamac,Santa Cruz Tecamac,Fraccionamiento,,15081,9423
55747,15,Tecamac,San Pablo Tecalco,Pueblo,,15081,3930
55747,15,Tecamac,San Isidro Citlalcoatl,Colonia,,15081,7014
55748,15,Tecamac,Jema,Fraccionamiento,,15081,14
55748,15,Tecamac,San Jose,Colonia,,15081,3917
55748,15,Tecamac,San Martin Azcatepec,Colonia,,15081,3918
55748,15,Tecamac,San Mateo Tecalco,Colonia,,15081,3919
55748,15,Tecamac,Ejido De Tecamac,Colonia,,15081,5335
55748,15,Tecamac,Primero De Marzo,Colonia,,15081,5596
55748,15,Tecamac,Los Olivos,Colonia,,15081,5598
55748,15,Tecamac,Ampliacion Ejido De Tecamac,Colonia,,15081,8079
55749,15,Tecamac,Montecarlo,Fraccionamiento,,15081,11
55749,15,Tecamac,5 De Mayo,Colonia,,15081,3920
55749,15,Tecamac,Hueyotenco,Colonia,,15081,3921
55749,15,Tecamac,Nueva Santa Maria,Colonia,,15081,3922
55749,15,Tecamac,Villa Del Real,Fraccionamiento,,15081,5099
55749,15,Tecamac,Ampliacion 5 De Mayo,Colonia,,15081,5337
55749,15,Tecamac,La Nopalera,Colonia,,15081,5599
55749,15,Tecamac,Electricistas,Colonia,,15081,5650
55749,15,Tecamac,Sierra Hermosa,Fraccionamiento,,15081,6583
55749,15,Tecamac,Texcaltitla,Colonia,,15081,7019
55749,15,Tecamac,Ixotitla,Colonia,,15081,8069
55749,15,Tecamac,Vista Hermosa,Colonia,,15081,8078
55749,15,Tecamac,Del Catillo,Fraccionamiento,,15081,8278
55749,15,Tecamac,Jardines De Tecamac,Fraccionamiento,,15081,8629
55750,15,Tecamac,El Tanque,Colonia,,15081,22
55750,15,Tecamac,Santa Maria Ajoloapan,Pueblo,,15081,3923
55752,15,Tecamac,San Juan Pueblo Nuevo,Pueblo,,15081,3924
55754,15,Tecamac,Santo Domingo Ajoloapan,Pueblo,,15081,3925
55754,15,Tecamac,Paseos De Tecamac,Fraccionamiento,,15081,7867
55754,15,Tecamac,Loma De San Jeronimo (Ampliacion Santo Domingo),Colonia,,15081,8080
55755,15,Tecamac,Los Reyes Acozac,Pueblo,,15081,3926
55755,15,Tecamac,La Campina,Colonia,,15081,7991
55755,15,Tecamac,Buenavista,Colonia,,15081,8071
55755,15,Tecamac,Guadalupe De Reyes Acozac,Barrio,,15081,8073
55755,15,Tecamac,La Michapa,Colonia,,15081,8074
55755,15,Tecamac,La Palma De Reyes,Colonia,,15081,8076
55755,15,Tecamac,Progreso,Colonia,,15081,8077
55755,15,Tecamac,El Calvario De Reyes Acozac,Barrio,,15081,8081
55755,15,Tecamac,San Miguel,Colonia,,15081,8121
55757,15,Tecamac,San Lucas Xolox,Pueblo,,15081,3927
55757,15,Tecamac,Ejidal,Colonia,,15081,8072
55758,15,Tecamac,Ampliacion La Palma (Zona Industrial),Zona Industrial,,15081,9424
55760,15,Tecamac,San Francisco Cuautliquixca,Pueblo,,15081,3929
55760,15,Tecamac,Santa Maria Ozumbilla,Pueblo,,15081,3931
55760,15,Tecamac,Norchuca,Colonia,,15081,3947
55760,15,Tecamac,Mexicanos Unidos,Fraccionamiento,,15081,7011
55760,15,Tecamac,Magisterial,Colonia,,15081,7016
55760,15,Tecamac,Atlautenco,Colonia,,15081,7022
55760,15,Tecamac,El Calvario De Ozumbilla,Barrio,,15081,7023
55760,15,Tecamac,Portal Ojo De Agua,Fraccionamiento,,15081,7026
55763,15,Tecamac,Vitalia,Fraccionamiento,,15081,21
55763,15,Tecamac,Los Heroes Tecamac,Unidad Habitacional,,15081,5672
55764,15,Tecamac,Margarito F. Ayala,Colonia,,15081,3932
55764,15,Tecamac,Los Heroes Tecamac Ii,Unidad Habitacional,,15081,5673
55764,15,Tecamac,Los Heroes Ozumbilla,Unidad Habitacional,,15081,8626
55764,15,Tecamac,Nuevo Paraiso,Colonia,,15081,8628
55765,15,Tecamac,Los Heroes San Pablo,Fraccionamiento,,15081,7
55765,15,Tecamac,Nueva Tlalnepantla,Colonia,,15081,3934
55765,15,Tecamac,Esmeralda,Colonia,,15081,3935
55765,15,Tecamac,Lomas De Tecamac,Fraccionamiento,,15081,5632
55765,15,Tecamac,La Canada,Colonia,,15081,7021
55765,15,Tecamac,Jesus Romero Flores,Colonia,,15081,8250
55765,15,Tecamac,Granjas Valle De Guadalupe,Colonia,,15081,8251
55765,15,Tecamac,Mexico Independiente,Colonia,,15081,8252
55765,15,Tecamac,21 De Agosto,Colonia,,15081,8253
55765,15,Tecamac,10 De Junio,Colonia,,15081,8254
55765,15,Tecamac,Soto Y Gama,Colonia,,15081,8255
55766,15,Tecamac,Ampliacion Ozumbilla,Colonia,,15081,3940
55767,15,Tecamac,Conjunto Urbano Real Verona,Fraccionamiento,,15081,3
55767,15,Tecamac,Real Toscana,Fraccionamiento,,15081,4
55767,15,Tecamac,Punta Palermo,Fraccionamiento,,15081,5
55767,15,Tecamac,Bosques De Los Heroes,Fraccionamiento,,15081,9
55767,15,Tecamac,Paseos Del Bosque,Fraccionamiento,,15081,12
55767,15,Tecamac,Real Carrara,Fraccionamiento,,15081,13
55767,15,Tecamac,Real Alcala,Fraccionamiento,,15081,17
55767,15,Tecamac,Alcazar,Fraccionamiento,,15081,18
55767,15,Tecamac,Quinta Versalles,Fraccionamiento,,15081,19
55767,15,Tecamac,Real Vizcaya,Fraccionamiento,,15081,20
55767,15,Tecamac,Loma Bonita,Colonia,,15081,3942
55767,15,Tecamac,Santa Cruz,Colonia,,15081,3943
55767,15,Tecamac,Los Arcos,Colonia,,15081,7015
55767,15,Tecamac,Real Del Sol,Fraccionamiento,,15081,7024
55767,15,Tecamac,Real Del Cid,Fraccionamiento,,15081,7847
55767,15,Tecamac,Real Castell,Fraccionamiento,,15081,8053
55767,15,Tecamac,Real Firenze,Fraccionamiento,,15081,8478
55767,15,Tecamac,Valle San Pedro Urbi Villa Del Campo,Fraccionamiento,,15081,8487
55768,15,Tecamac,Cuauhtemoc,Colonia,,15081,3944
55768,15,Tecamac,Lomas De Ozumbilla,Colonia,,15081,3945
55768,15,Tecamac,San Antonio (De San Francisco Cuautliquixca),Colonia,,15081,3946
55768,15,Tecamac,La Azteca,Colonia,,15081,7013
55768,15,Tecamac,Vista Hermosa (De Ozumbilla),Colonia,,15081,7020
55768,15,Tecamac,Tezontla,Colonia,,15081,9425
55770,15,Tecamac,San Pedro (El Terremoto),Colonia,,15081,1
55770,15,Tecamac,Rinconada San Pedro,Fraccionamiento,,15081,6
55770,15,Tecamac,Ojo De Agua,Fraccionamiento,,15081,3949
55770,15,Tecamac,San Pedro Atzompa,Pueblo,,15081,3950
55773,15,Tecamac,Hacienda Provenzal,Conjunto Habitacional,,15081,8572
55776,15,Tecamac,Lomas De San Pedro Atzompa,Colonia,,15081,3952
55778,15,Tecamac,Ampliacion De La Concepcion,Colonia,,15081,9427
55780,15,Jaltenco,San Andres Jaltenco,Pueblo,,15044,3954
55780,15,Jaltenco,La Lagunilla,Barrio,,15044,8532
55780,15,Jaltenco,San Martin,Barrio,,15044,8533
55783,15,Jaltenco,Alborada Jaltenco Ctm Xi,Unidad Habitacional,,15044,3956
55783,15,Jaltenco,Pro Vivienda,Colonia,,15044,5462
55783,15,Jaltenco,Bahias De Jaltenco,Colonia,,15044,5595
55783,15,Jaltenco,Privadas Del Sol,Fraccionamiento,,15044,9078
55785,15,Tonanitla,San Juan Zacazontla,Colonia,,15125,3
55785,15,Tonanitla,Las Chinampas,Colonia,,15125,4
55785,15,Tonanitla,Valle Verde,Colonia,,15125,5
55785,15,Tonanitla,Pemex,Colonia,,15125,6
55785,15,Tonanitla,Santa Maria Tonanitla,Pueblo,,15125,3957
55785,15,Tonanitla,Villas De Santa Maria,Fraccionamiento,,15125,7010
55786,15,Tonanitla,La Asuncion,Colonia,,15125,1
55787,15,Tonanitla,Villas De Tonanitla,Fraccionamiento,,15125,2
55790,15,Nextlalpan,Ejido De Santana,Colonia,,15059,3
55790,15,Nextlalpan,San Miguel Jaltocan,Pueblo,,15059,3959
55790,15,Nextlalpan,Central,Barrio,,15059,3960
55793,15,Nextlalpan,Las Malvinas,Colonia,,15059,8781
55793,15,Nextlalpan,San Esteban Ecatitlan,Barrio,,15059,8782
55793,15,Nextlalpan,San Francisco Molonco,Barrio,,15059,8783
55793,15,Nextlalpan,San Pedro Miltenco,Barrio,,15059,8785
55794,15,Nextlalpan,Macan,Rancheria,,15059,8792
55794,15,Nextlalpan,Terrenos Comunales Xaltocan,Colonia,,15059,8794
55795,15,Nextlalpan,Compuerta Oriente,Colonia,,15059,4
55795,15,Nextlalpan,Laguna,Granja,,15059,8789
55795,15,Nextlalpan,Los Pastales,Rancheria,,15059,8790
55796,15,Nextlalpan,Paseos Del Valle,Fraccionamiento,,15059,1
55796,15,Nextlalpan,Villas De Nextlalpan,Fraccionamiento,,15059,2
55796,15,Nextlalpan,Ex-Hacienda Santa Ines,Fraccionamiento,,15059,8725
55796,15,Nextlalpan,Los Aguiluchos,Colonia,,15059,8786
55796,15,Nextlalpan,Pozos Y Vias (Fraccion Diecisiete A),Colonia,,15059,8787
55796,15,Nextlalpan,Prados San Francisco,Colonia,,15059,8791
55796,15,Nextlalpan,San Antonio (El Oasis),Rancheria,,15059,8793
55796,15,Nextlalpan,Tierra De Santa Ines,Rancheria,,15059,8795
55797,15,Nextlalpan,Santiago Atocan,Pueblo,,15059,3961
55797,15,Nextlalpan,San Juan Atenanco,Barrio,,15059,8784
55799,15,Nextlalpan,San Mateo Acuitlapilco,Pueblo,,15059,3962
55799,15,Nextlalpan,Cuatro Caballerias,Colonia,,15059,8788
55800,15,Teotihuacan,Teotihuacan De Arista Centro,Pueblo,,15092,3963
55803,15,Teotihuacan,Acatitla,Colonia,,15092,3967
55803,15,Teotihuacan,Colatitla,Colonia,,15092,3968
55803,15,Teotihuacan,Nueva San Pedro,Colonia,,15092,7111
55803,15,Teotihuacan,Huepalco,Colonia,,15092,7114
55803,15,Teotihuacan,El Tejocote,Colonia,,15092,7115
55804,15,Teotihuacan,Purificacion,Pueblo,,15092,3966
55805,15,Teotihuacan,Puxtla,Pueblo,,15092,3981
55806,15,Teotihuacan,Nueva Teotihuacan,Colonia,,15092,5338
55806,15,Teotihuacan,Nueva Evangelista,Colonia,,15092,5339
55807,15,Teotihuacan,El Mirador,Colonia,,15092,3969
55807,15,Teotihuacan,Villas De Teotihuacan,Pueblo,,15092,3970
55807,15,Teotihuacan,San Juan Teotihuacan (El Cuartel),Equipamiento,,15092,5341
55810,15,Teotihuacan,Santa Maria Cozotlan,Pueblo,,15092,3965
55810,15,Teotihuacan,Oxtoyahuatl (Barrio Purificacion),Ejido,,15092,9287
55816,15,Teotihuacan,San Juan Evangelista,Pueblo,,15092,3971
55816,15,Teotihuacan,El Portal,Fraccionamiento,,15092,8780
55817,15,Teotihuacan,Loma Del Cerro Colorado,Colonia,,15092,9286
55820,15,Teotihuacan,San Francisco Mazapa,Pueblo,,15092,3977
55824,15,Teotihuacan,San Sebastian Xolalpa,Pueblo,,15092,3980
55825,15,Teotihuacan,Ampliacion Ejidal Tlajinga,Colonia,,15092,7121
55826,15,Teotihuacan,Ampliacion San Francisco,Colonia,,15092,9291
55829,15,Teotihuacan,San Juan Teotihuacan Zona Arqueologica,Equipamiento,,15092,3978
55830,15,Teotihuacan,San Lorenzo Tlalmimilolpan,Pueblo,,15092,3983
55830,15,Teotihuacan,De Los Deportes,Colonia,,15092,7118
55830,15,Teotihuacan,Del Valle,Colonia,,15092,7119
55833,15,Teotihuacan,El Potrero,Colonia,,15092,7116
55833,15,Teotihuacan,La Ventilla,Colonia,,15092,7117
55834,15,Teotihuacan,Santiago Atlatongo,Pueblo,,15092,3972
55835,15,Teotihuacan,Santa Maria Coatlan,Pueblo,,15092,1
55835,15,Teotihuacan,Nueva Santa Maria,Colonia,,15092,7112
55835,15,Teotihuacan,Santa Catarina,Colonia,,15092,7113
55835,15,Teotihuacan,Metepec (Estacion Metepec),Rancheria,,15092,7120
55836,15,Teotihuacan,San Sebastian,Ejido,,15092,9292
55837,15,Teotihuacan,San Lorenzo,Ejido,,15092,9293
55838,15,Teotihuacan,El Potrero (Ejido Purificacion),Ejido,,15092,9289
55838,15,Teotihuacan,Atlatongo,Ejido,,15092,9290
55840,15,Teotihuacan,Santa Maria Maquixco,Colonia,,15092,3982
55840,15,Teotihuacan,Ampliacion Ejidal Maquixco,Colonia,,15092,8240
55843,15,Teotihuacan,San Agustin Actipac,Pueblo,,15092,3973
55843,15,Teotihuacan,Ampliacion Cadena Maquixco,Colonia,,15092,7108
55843,15,Teotihuacan,El Cayahual,Colonia,,15092,7109
55844,15,Teotihuacan,Hacienda Cadena,Unidad Habitacional,,15092,7110
55845,15,Teotihuacan,Palomar Maquixco,Colonia,,15092,5340
55845,15,Teotihuacan,Palomar Atlatongo,Colonia,,15092,5468
55845,15,Teotihuacan,Tercera Seccion De Atlatongo (Cerro Ocuilan),Ejido,,15092,9288
55846,15,Teotihuacan,Santiago Zacualuca,Pueblo,,15092,3976
55847,15,Teotihuacan,San Isidro Del Progreso,Pueblo,,15092,3975
55850,15,San Martin De Las Piramides,San Martin De Las Piramides Centro,Pueblo,,15075,3984
55850,15,San Martin De Las Piramides,San Martin,Ejido,,15075,9022
55852,15,San Martin De Las Piramides,Ixtlahuaca,Pueblo,,15075,3986
55852,15,San Martin De Las Piramides,Santa Maria Tezompa,Pueblo,,15075,8196
55852,15,San Martin De Las Piramides,Alvaro Obregon,Colonia,,15075,9013
55852,15,San Martin De Las Piramides,El Saltito,Rancheria,,15075,9016
55853,15,San Martin De Las Piramides,Cozotlan Norte,Colonia,,15075,1
55853,15,San Martin De Las Piramides,San Antonio De Las Palmas,Barrio,,15075,3987
55853,15,San Martin De Las Piramides,Tlachinolpa,Rancheria,,15075,9014
55854,15,San Martin De Las Piramides,San Marcos Cerro Gordo,Colonia,,15075,9015
55854,15,San Martin De Las Piramides,La Noria,Rancheria,,15075,9018
55854,15,San Martin De Las Piramides,San Jose Cerro Gordo,Rancheria,,15075,9021
55855,15,San Martin De Las Piramides,Chimalpa (Kilometro 34 Carretera Mexico-Tulancingo),Rancheria,,15075,2
55855,15,San Martin De Las Piramides,San Pablo Ixquitlan,Pueblo,,15075,3989
55855,15,San Martin De Las Piramides,Predio Palma Y Raya,Rancheria,,15075,9017
55855,15,San Martin De Las Piramides,Tlacatecpan,Rancheria,,15075,9019
55855,15,San Martin De Las Piramides,Las Erres (Club Campestre Teotihuacan),Rancho,,15075,9020
55856,15,San Martin De Las Piramides,Santa Maria Palapa,Pueblo,,15075,3985
55859,15,San Martin De Las Piramides,Santiago Tepetitlan,Pueblo,,15075,3990
55870,15,Acolman,Acolman De Nezahualcoyotl Centro,Colonia,,15002,3991
55870,15,Acolman,Los Pinos,Unidad Habitacional,,15002,7782
55870,15,Acolman,La Virgen,Unidad Habitacional,,15002,8244
55875,15,Acolman,Tenango,Pueblo,,15002,3993
55875,15,Acolman,Emiliano Zapata,Pueblo,,15002,3996
55875,15,Acolman,Santa Catarina,Pueblo,,15002,3997
55875,15,Acolman,Lomas De Santa Catarina,Colonia,,15002,7768
55875,15,Acolman,La Gitana,Unidad Habitacional,,15002,7779
55880,15,Acolman,Santa Maria Acolman,Pueblo,,15002,3998
55880,15,Acolman,San Juanico,Pueblo,,15002,3999
55880,15,Acolman,San Bartolo,Pueblo,,15002,4000
55880,15,Acolman,San Bartolo El Chico,Colonia,,15002,7761
55880,15,Acolman,San Jose,Colonia,,15002,7775
55880,15,Acolman,Los Reyes,Colonia,,15002,8243
55880,15,Acolman,Santa Maria Y Potreritos (La Represa),Ejido,,15002,8954
55882,15,Acolman,Ampliacion Lazaro Cardenas,Colonia,,15002,75
55882,15,Acolman,Lazaro Cardenas,Colonia,,15002,4001
55882,15,Acolman,Los Angeles,Colonia,,15002,4002
55882,15,Acolman,Radio Faro Totolcingo,Colonia,,15002,4003
55882,15,Acolman,Ampliacion Los Angeles,Colonia,,15002,5342
55882,15,Acolman,Paraje El Faro,Colonia,,15002,7771
55883,15,Acolman,Geovillas De Terranova 1A Seccion,Fraccionamiento,,15002,5638
55883,15,Acolman,Real Del Valle 1Ra. Seccion,Fraccionamiento,,15002,6691
55883,15,Acolman,Las Brisas,Colonia,,15002,7773
55883,15,Acolman,Laguna De Chiconautla,Colonia,,15002,7774
55883,15,Acolman,Geovillas De Terranova 2A Seccion,Fraccionamiento,,15002,8224
55883,15,Acolman,Real Del Valle 2A Seccion,Fraccionamiento,,15002,8225
55884,15,Acolman,Anahuac 1A Secc,Colonia,,15002,4004
55884,15,Acolman,Anahuac 2A Secc,Colonia,,15002,4005
55884,15,Acolman,El Potrero,Colonia,,15002,4007
55884,15,Acolman,San Miguel Totolcingo,Pueblo,,15002,4008
55884,15,Acolman,Santa Cruz,Colonia,,15002,7769
55884,15,Acolman,La Era,Colonia,,15002,7770
55884,15,Acolman,Plan De Guadalupe,Colonia,,15002,7772
55884,15,Acolman,El Olivo,Colonia,,15002,7776
55884,15,Acolman,Las Cazuelas,Colonia,,15002,8237
55884,15,Acolman,Totolzingo,Ejido,,15002,8957
55885,15,Acolman,Privadas De Santa Catarina,Fraccionamiento,,15002,5
55885,15,Acolman,Granjas Familiares,Pueblo,,15002,3995
55885,15,Acolman,Tepexpan,Pueblo,,15002,4009
55885,15,Acolman,Chimalpa,Colonia,,15002,5343
55885,15,Acolman,Stunam,Fraccionamiento,,15002,7777
55885,15,Acolman,La Lola,Unidad Habitacional,,15002,7778
55885,15,Acolman,La Lagunilla,Unidad Habitacional,,15002,7780
55885,15,Acolman,San Martin (Stunam),Unidad Habitacional,,15002,7781
55885,15,Acolman,Los Reyes,Barrio,,15002,8239
55885,15,Acolman,Mision San Agustin,Conjunto Habitacional,,15002,8630
55885,15,Acolman,La Cazuela Tepexpan (Santa Maria Magdalena),Ejido,,15002,8919
55885,15,Acolman,Tepexpan (San Luis Grande),Ejido,,15002,8956
55886,15,Acolman,Benito Juarez,Colonia,,15002,4006
55886,15,Acolman,Cuanalan,Pueblo,,15002,4010
55886,15,Acolman,Tetexcala,Colonia,,15002,7766
55886,15,Acolman,Santa Maria De Guadalupe,Colonia,,15002,7767
55886,15,Acolman,Loma Bonita,Colonia,,15002,8057
55887,15,Acolman,Nueva Colonia El Calvario,Colonia,,15002,2
55887,15,Acolman,El Pastal (San Damian),Colonia,,15002,3
55887,15,Acolman,Ejido De San Marcos Nepantla,Colonia,,15002,4
55887,15,Acolman,Las Huertas (Pozo San Isidro),Colonia,,15002,6
55887,15,Acolman,San Marcos Nepantla,Pueblo,,15002,4011
55887,15,Acolman,Besana De Santa Catarina Y Tepango,Rancho,,15002,8917
55888,15,Acolman,Pirules,Colonia,,15002,6584
55888,15,Acolman,Guerrero,Colonia,,15002,6585
55888,15,Acolman,Prados De San Juan,Colonia,,15002,6744
55890,15,Acolman,San Marcos,Ejido,,15002,1
55890,15,Acolman,San Mateo Chipiltepec,Pueblo,,15002,4013
55890,15,Acolman,Loma Linda,Colonia,,15002,7764
55890,15,Acolman,Pilares,Colonia,,15002,8226
55890,15,Acolman,Ahuaxtla,Colonia,,15002,8915
55893,15,Acolman,San Mateo (Pasando La Via),Ejido,,15002,8955
55894,15,Acolman,San Pedro Tepetitlan,Pueblo,,15002,4014
55894,15,Acolman,El Ranchito,Colonia,,15002,7765
55895,15,Acolman,San Lucas Tepango,Pueblo,,15002,4015
55895,15,Acolman,San Miguel Xometla,Pueblo,,15002,4016
55895,15,Acolman,La Concepcion (Xometla),Colonia,,15002,5344
55895,15,Acolman,Quinta Las Flores,Colonia,,15002,7762
55896,15,Acolman,El Calvario Acolman,Ejido,,15002,3992
55899,15,Acolman,San Francisco Zacango,Pueblo,,15002,4018
55900,15,Otumba,Otumba De Gomez Farias,Pueblo,,15065,4020
55900,15,Otumba,El Chabacano,Colonia,,15065,7587
55913,15,Otumba,Xamimilolpa (Xolpa),Barrio,,15065,4028
55913,15,Otumba,El Ranchito,Colonia,,15065,5347
55913,15,Otumba,Estado De Mexico,Colonia,,15065,5348
55913,15,Otumba,Infonavit San Esteban,Unidad Habitacional,,15065,5349
55913,15,Otumba,La Trinidad,Barrio,,15065,5841
55913,15,Otumba,La Estacion,Colonia,,15065,7588
55913,15,Otumba,Adolfo Lopez Mateos,Colonia,,15065,7589
55914,15,Otumba,El Rosario,Colonia,,15065,5345
55914,15,Otumba,Magisterial,Unidad Habitacional,,15065,5346
55914,15,Otumba,San Cosme,Barrio,,15065,7040
55914,15,Otumba,Puentes Cuates,Barrio,,15065,7585
55914,15,Otumba,San Ignacio,Colonia,,15065,7586
55914,15,Otumba,La Conchita,Colonia,,15065,7848
55920,15,Otumba,Santiago Tolman,Pueblo,,15065,4027
55920,15,Otumba,La Cruz,Colonia,,15065,9216
55923,15,Otumba,Coyotepec,Pueblo,,15065,4024
55923,15,Otumba,San Miguel Xolco,Pueblo,,15065,4025
55924,15,Otumba,Chacalco,Colonia,,15065,7568
55924,15,Otumba,San Juan Tocuila (Tocuila),Pueblo,,15065,7569
55924,15,Otumba,San Lorenzo,Rancheria,,15065,7570
55924,15,Otumba,Poyoxco,Pueblo,,15065,7572
55924,15,Otumba,Tlalmimilolpa,Pueblo,,15065,7583
55924,15,Otumba,Tlahuico,Colonia,,15065,9218
55924,15,Otumba,Jacarandas,Colonia,,15065,9219
55924,15,Otumba,Tepa Grande (Rancho Guadalupe Tepa),Colonia,,15065,9220
55924,15,Otumba,Centro De Readaptacion Social Otumba,Equipamiento,,15065,9589
55925,15,Otumba,San Francisco Tlaltica,Pueblo,,15065,4021
55925,15,Otumba,Oxtotipac,Pueblo,,15065,4023
55925,15,Otumba,La Zumbona,Rancheria,,15065,9223
55926,15,Otumba,Cuautlatcingo,Pueblo,,15065,4029
55926,15,Otumba,Rancho El Mayorazgo,Rancheria,,15065,7582
55926,15,Otumba,Nueva Colonia De Axalco,Colonia,,15065,9214
55926,15,Otumba,San Miguel Axalco Chico,Colonia,,15065,9215
55926,15,Otumba,El Potrero,Ejido,,15065,9590
55927,15,Otumba,Belem,Pueblo,,15065,4019
55927,15,Otumba,Altica,Rancheria,,15065,7571
55927,15,Otumba,Tecalco,Rancheria,,15065,9224
55927,15,Otumba,Zr,Rancheria,,15065,9225
55930,15,Otumba,San Martin Ahuatepec,Pueblo,,15065,4030
55930,15,Otumba,Santa Brigida,Rancheria,,15065,7581
55930,15,Otumba,Los Capulines,Colonia,,15065,9217
55930,15,Otumba,Liberacos Uno,Granja,,15065,9592
55930,15,Otumba,Los Conquianes,Granja,,15065,9593
55930,15,Otumba,La Providencia (Florencio Juarez),Rancho,,15065,9595
55930,15,Otumba,Rancho La Puente,Rancheria,,15065,9596
55930,15,Otumba,San Cosme,Granja,,15065,9597
55934,15,Otumba,Xochihuacan,Rancheria,,15065,7575
55935,15,Otumba,San Marcos (San Marcos Tlaxuchilco),Pueblo,,15065,4031
55936,15,Otumba,Buenavista,Pueblo,,15065,4032
55936,15,Otumba,Las Papas (Rancho De Don Jorge Olvera),Rancho,,15065,7579
55936,15,Otumba,Rancho Colorado,Rancheria,,15065,9594
55937,15,Otumba,Santa Barbara,Pueblo,,15065,4026
55937,15,Otumba,Santa Gertrudis,Rancheria,,15065,7573
55937,15,Otumba,San Telmo,Rancheria,,15065,7574
55937,15,Otumba,Coamilpa,Rancheria,,15065,7576
55937,15,Otumba,San Jose De Las Presas (Cuautenco),Rancheria,,15065,7578
55937,15,Otumba,San Jose Coamilpa (Ejido De Otumba),Ejido,,15065,9221
55937,15,Otumba,La Escondida,Ejido,,15065,9591
55940,15,Axapusco,Axapusco,Pueblo,,15016,4033
55940,15,Axapusco,Tlamapa,Pueblo,,15016,4041
55940,15,Axapusco,San Bartolo Alto,Barrio,,15016,5350
55940,15,Axapusco,San Martin,Barrio,,15016,5352
55940,15,Axapusco,Cuauhtemoc,Colonia,,15016,5353
55940,15,Axapusco,San Antonio,Barrio,,15016,6645
55943,15,Axapusco,Soapayuca,Hacienda,,15016,5354
55943,15,Axapusco,Tezoncalli,Colonia,,15016,7783
55950,15,Axapusco,La Canada,Colonia,,15016,1
55950,15,Axapusco,Guadalupe Relinas,Pueblo,,15016,4035
55950,15,Axapusco,San Felipe Zacatepec,Pueblo,,15016,4036
55950,15,Axapusco,San Antonio Coayuca,Pueblo,,15016,4037
55952,15,Axapusco,San Mateo,Barrio,,15016,2
55952,15,Axapusco,Santa Maria Actipac,Pueblo,,15016,4038
55952,15,Axapusco,Zacatepec,Rancheria,,15016,6644
55954,15,Axapusco,San Pablo Xuchitl,Pueblo,,15016,4039
55955,15,Axapusco,Santo Domingo Aztacameca,Pueblo,,15016,4040
55955,15,Axapusco,San Nicolas Tetepantla,Exhacienda,,15016,7786
55956,15,Axapusco,Los Remedios,Colonia,,15016,7785
55960,15,Axapusco,San Antonio Ometusco,Pueblo,,15016,4043
55963,15,Axapusco,San Miguel Ometusco,Hacienda,,15016,4044
55963,15,Axapusco,Xala,Pueblo,,15016,4045
55963,15,Axapusco,Santa Ana,Rancheria,,15016,7784
55965,15,Axapusco,Jaltepec,Pueblo,,15016,4047
55966,15,Axapusco,Atla (Tecuautitlan Atla),Pueblo,,15016,4046
55970,15,Nopaltepec,Hidalgo A,Barrio,,15061,7716
55970,15,Nopaltepec,Hidalgo B,Barrio,,15061,7717
55970,15,Nopaltepec,Morelos A,Barrio,,15061,7718
55970,15,Nopaltepec,Morelos B,Barrio,,15061,7719
55970,15,Nopaltepec,Vicente Guerrero,Barrio,,15061,7720
55973,15,Nopaltepec,Ex-Hacienda La Puerta,Rancho,,15061,9230
55975,15,Nopaltepec,San Felipe Teotitlan,Pueblo,,15061,4050
55975,15,Nopaltepec,Huilotongo,Barrio,,15061,7721
55975,15,Nopaltepec,Tlaxixilco,Barrio,,15061,7722
55975,15,Nopaltepec,Roma,Colonia,,15061,7723
55975,15,Nopaltepec,Ex-Hacienda De Tepatepec,Rancho,,15061,9228
55976,15,Nopaltepec,Tepetzingo,Rancheria,,15061,4049
55976,15,Nopaltepec,San Miguel Atepoxco,Rancheria,,15061,6643
55976,15,Nopaltepec,San Felipe (Moratepec),Rancheria,,15061,9229
55977,15,Nopaltepec,Venta De Cruz,Colonia,,15061,7715
55978,15,Nopaltepec,Las Ambrises,Rancho,,15061,9226
55978,15,Nopaltepec,Santa Ines Amiltepec,Exhacienda,,15061,9227
55980,15,Temascalapa,San Bartolome Actopan,Pueblo,,15084,4051
55980,15,Temascalapa,San Juan Teacalco,Pueblo,,15084,4052
55980,15,Temascalapa,San Miguel,Barrio,,15084,5355
55980,15,Temascalapa,San Antonio,Barrio,,15084,5356
55980,15,Temascalapa,De La Cruz,Barrio,,15084,5357
55980,15,Temascalapa,De Dolores,Barrio,,15084,5358
55980,15,Temascalapa,Alvaro Obregon,Colonia,,15084,8877
55980,15,Temascalapa,El Abrojal O Barranquillas,Rancheria,,15084,8880
55980,15,Temascalapa,El Chopo,Rancheria,,15084,8881
55980,15,Temascalapa,La Presa,Rancheria,,15084,8883
55980,15,Temascalapa,Atempan,Rancheria,,15084,8885
55980,15,Temascalapa,Tepehuixco,Rancheria,,15084,8889
55980,15,Temascalapa,San Jose,Barrio,,15084,8892
55984,15,Temascalapa,Belen,Colonia,,15084,8876
55984,15,Temascalapa,Ocotitlan,Rancheria,,15084,8886
55984,15,Temascalapa,San Cipriano (Rancho El Piojo),Rancheria,,15084,8888
55984,15,Temascalapa,San Ignacio,Rancheria,,15084,8891
55988,15,Temascalapa,Las Pintas,Rancheria,,15084,8884
55989,15,Temascalapa,Presa Del Rey,Pueblo,,15084,4055
55990,15,Temascalapa,Ixtlahuaca De Cuauhtemoc,Pueblo,,15084,4056
55993,15,Temascalapa,San Mateo Teopancala,Pueblo,,15084,4058
55993,15,Temascalapa,Ex Hacienda De Paula,Fraccionamiento,,15084,8890
55994,15,Temascalapa,Santa Ana Tlachihualpa,Pueblo,,15084,4059
55994,15,Temascalapa,Axalpa,Colonia,,15084,8874
55994,15,Temascalapa,Tontiopa,Colonia,,15084,8875
55994,15,Temascalapa,La Estrella,Rancheria,,15084,8882
55995,15,Temascalapa,San Luis Tecuautitlan,Pueblo,,15084,4060
55995,15,Temascalapa,San Luis,Colonia,,15084,8878
55995,15,Temascalapa,Mihuacan,Rancheria,,15084,8887
55996,15,Temascalapa,Santa Maria Maquixco (El Alto),Rancheria,,15084,4061
55997,15,Temascalapa,San Cristobal Colhuacan,Rancheria,,15084,4062
55998,15,Temascalapa,San Miguel Atlamajac,Pueblo,,15084,4063
55998,15,Temascalapa,El Tejocote,Ejido,,15084,8879
56000,15,Tezoyuca,Tezoyuca,Pueblo,,15100,4064
56003,15,Tezoyuca,Buenos Aires,Barrio,,15100,7699
56004,15,Tezoyuca,Ejido El Rosario,Colonia,,15100,4
56004,15,Tezoyuca,Resurreccion,Barrio,,15100,7701
56005,15,Tezoyuca,La Ascension,Barrio,,15100,7702
56006,15,Tezoyuca,Santiago,Barrio,,15100,7703
56006,15,Tezoyuca,El Oasis,Barrio,,15100,7704
56007,15,Tezoyuca,Ejido De Las Casas Viejas,Colonia,,15100,2
56007,15,Tezoyuca,El Ejido San Felipe (Calle De La Mina),Colonia,,15100,3
56007,15,Tezoyuca,San Felipe,Barrio,,15100,7705
56010,15,Tezoyuca,Ampliacion Tezoyuca,Colonia,,15100,7043
56020,15,Tezoyuca,Tequisistlan,Pueblo,,15100,4065
56023,15,Tezoyuca,Guadalupano (Ejido Tequisistlan),Barrio,,15100,7707
56024,15,Tezoyuca,De Tequisistlan Primero,Ejido,,15100,1
56030,15,Chiautla,San Andres Chiautla Centro,Colonia,,15028,4067
56030,15,Chiautla,San Sebastian,Barrio,,15028,5365
56030,15,Chiautla,San Juan,Barrio,,15028,5366
56030,15,Chiautla,Pueblo Nuevo,Barrio,,15028,5367
56030,15,Chiautla,San Francisco,Barrio,,15028,5368
56030,15,Chiautla,Huitznahuac,Pueblo,,15028,5369
56030,15,Chiautla,Santa Catarina,Barrio,,15028,5370
56030,15,Chiautla,San Antonio,Condominio,,15028,7597
56030,15,Chiautla,Residencial San Andres,Fraccionamiento,,15028,7600
56030,15,Chiautla,California,Fraccionamiento,,15028,7601
56030,15,Chiautla,Residencial San Luis,Fraccionamiento,,15028,8998
56033,15,Chiautla,Santiago Chimalpa (Chimalpa),Pueblo,,15028,4073
56033,15,Chiautla,Ixquitlan,Barrio,,15028,7596
56034,15,Chiautla,San Bartolo,Barrio,,15028,7035
56035,15,Chiautla,La Concepcion,Colonia,,15028,1
56035,15,Chiautla,Ocopulco,Pueblo,,15028,4070
56035,15,Chiautla,La Frontera,Colonia,,15028,7598
56036,15,Chiautla,Atenguillo,Pueblo,,15028,4074
56036,15,Chiautla,Amajac,Barrio,,15028,7595
56036,15,Chiautla,Residencial Los Pirules,Fraccionamiento,,15028,7599
56037,15,Chiautla,San Alberto,Fraccionamiento,,15028,7593
56037,15,Chiautla,Nonoalco,Pueblo,,15028,7594
56037,15,Chiautla,Arboledas,Fraccionamiento,,15028,7602
56038,15,Chiautla,Chiautla (Colonia Guadalupe),Ejido,,15028,8999
56040,15,Chiautla,San Lucas Huitzilhuacan,Pueblo,,15028,4068
56040,15,Chiautla,Tepetitlan,Pueblo,,15028,4069
56040,15,Chiautla,Tlaltecahuacan,Pueblo,,15028,4072
56050,15,Papalotla,Papalotla,Pueblo,,15069,4075
56053,15,Papalotla,Belem,Barrio,,15069,7693
56054,15,Papalotla,Chimalpa,Barrio,,15069,7695
56055,15,Papalotla,Coxotla,Barrio,,15069,7694
56056,15,Papalotla,Mazatla,Barrio,,15069,7696
56057,15,Papalotla,Ixayoc,Barrio,,15069,7697
56070,15,Tepetlaoxtoc,Huerta Padilla,Barrio,,15093,1
56070,15,Tepetlaoxtoc,Concepcion Jolalpan Centro,Pueblo,,15093,4076
56070,15,Tepetlaoxtoc,San Pablo Jolalpan,Pueblo,,15093,4077
56070,15,Tepetlaoxtoc,Tepetlaoxtoc De Hidalgo,Pueblo,,15093,4078
56070,15,Tepetlaoxtoc,Los Reyes Nopala,Pueblo,,15093,4080
56070,15,Tepetlaoxtoc,La Loma (La Loma San Isidro),Colonia,,15093,7813
56070,15,Tepetlaoxtoc,San Francisco Jolalpan,Pueblo,,15093,7815
56070,15,Tepetlaoxtoc,El Tepetloxto (Colonia Lomas De San Gabriel),Colonia,,15093,8660
56077,15,Tepetlaoxtoc,Santiago,Colonia,,15093,7034
56078,15,Tepetlaoxtoc,Tulteca Teopan,Colonia,,15093,4079
56080,15,Tepetlaoxtoc,La Venta (La Loma),Colonia,,15093,2
56080,15,Tepetlaoxtoc,San Juan Totolapan,Pueblo,,15093,4082
56080,15,Tepetlaoxtoc,Santo Tomas Apipilhuasco (Santo Tomas),Pueblo,,15093,4083
56085,15,Tepetlaoxtoc,San Bernardo Tlalmimilolpan,Pueblo,,15093,4085
56086,15,Tepetlaoxtoc,San Andres De Las Peras,Pueblo,,15093,4086
56087,15,Tepetlaoxtoc,San Pedro Chiautzingo,Pueblo,,15093,4087
56087,15,Tepetlaoxtoc,La Trinidad,Pueblo,,15093,7812
56100,15,Texcoco,Texcoco De Mora Centro,Colonia,,15099,4088
56105,15,Texcoco,San Pedro,Barrio,,15099,4106
56106,15,Texcoco,Las Salinas,Colonia,,15099,4109
56110,15,Texcoco,Joyas De San Mateo,Colonia,,15099,4093
56110,15,Texcoco,Zaragoza-San Pablo,Colonia,,15099,4099
56120,15,Texcoco,Infonavit,Unidad Habitacional,,15099,4100
56120,15,Texcoco,San Juanito,Barrio,,15099,4101
56120,15,Texcoco,El Retiro,Colonia,,15099,4102
56120,15,Texcoco,Santa Cruz De Arriba,Colonia,,15099,4104
56120,15,Texcoco,Valle De Santa Cruz,Colonia,,15099,5362
56130,15,Texcoco,La Conchita,Colonia,,15099,4114
56130,15,Texcoco,San Sebastian,Colonia,,15099,4115
56130,15,Texcoco,La Paz,Colonia,,15099,4116
56130,15,Texcoco,Issemym,Unidad Habitacional,,15099,4117
56130,15,Texcoco,La Trinidad,Colonia,,15099,4118
56130,15,Texcoco,Conjunto La Trinidad,Fraccionamiento,,15099,7793
56130,15,Texcoco,Los Jilgueros,Unidad Habitacional,,15099,7794
56130,15,Texcoco,Condominios Maye,Unidad Habitacional,,15099,7795
56140,15,Texcoco,Ahuehuetes,Colonia,,15099,4112
56140,15,Texcoco,San Lorenzo,Colonia,,15099,4122
56140,15,Texcoco,San Martin,Colonia,,15099,4125
56140,15,Texcoco,El Carmen,Colonia,,15099,5359
56150,15,Texcoco,Las Vegas,Unidad Habitacional,,15099,4119
56150,15,Texcoco,Salitreria,Colonia,,15099,5101
56150,15,Texcoco,Santa Ursula,Barrio,,15099,5360
56150,15,Texcoco,Embotelladores,Unidad Habitacional,,15099,5361
56150,15,Texcoco,San Antonio,Fraccionamiento,,15099,7797
56160,15,Texcoco,Ninos Heroes,Colonia,,15099,4090
56160,15,Texcoco,San Pedro,Fraccionamiento,,15099,4110
56160,15,Texcoco,Los Sauces,Condominio,,15099,7787
56160,15,Texcoco,Tex Plus,Unidad Habitacional,,15099,7798
56170,15,Texcoco,San Mateo,Colonia,,15099,4092
56170,15,Texcoco,Las Americas,Colonia,,15099,4096
56170,15,Texcoco,Joyas De Santa Ana,Colonia,,15099,4097
56170,15,Texcoco,El Xolache I,Fraccionamiento,,15099,4139
56170,15,Texcoco,El Xolache Ii,Unidad Habitacional,,15099,7792
56200,15,Texcoco,Vicente Riva Palacio,Pueblo,,15099,4135
56203,15,Texcoco,La Magdalena Panoaya,Pueblo,,15099,4126
56204,15,Texcoco,Emiliano Zapata,Colonia,,15099,4120
56205,15,Texcoco,San Felipe,Colonia,,15099,4105
56205,15,Texcoco,Santa Cruz De Abajo,Colonia,,15099,4107
56207,15,Texcoco,Lazaro Cardenas,Colonia,,15099,7810
56208,15,Texcoco,San Miguel Tocuila,Pueblo,,15099,4140
56210,15,Texcoco,San Simon,Pueblo,,15099,4132
56213,15,Texcoco,San Jose Texopa,Pueblo,,15099,4131
56214,15,Texcoco,Los Reyes San Salvador,Pueblo,,15099,4128
56215,15,Texcoco,Pentecostes,Pueblo,,15099,4129
56216,15,Texcoco,La Resurreccion,Pueblo,,15099,4127
56217,15,Texcoco,Santiaguito,Pueblo,,15099,4098
56217,15,Texcoco,Santa Maria Tulantongo,Pueblo,,15099,4134
56217,15,Texcoco,Xala,Colonia,,15099,7044
56220,15,Texcoco,San Luis Huexotla,Pueblo,,15099,5102
56223,15,Texcoco,Bellavista,Colonia,,15099,4142
56224,15,Texcoco,Buenavista,Rancho,,15099,4144
56225,15,Texcoco,Lomas De Cristo,Fraccionamiento,,15099,4177
56225,15,Texcoco,Villas De Tolimpa,Colonia,,15099,4195
56225,15,Texcoco,Leyes De Reforma,Colonia,,15099,5100
56225,15,Texcoco,Fray Servando Teresa De Mier,Colonia,,15099,7033
56225,15,Texcoco,Ampliacion Leyes De Reforma,Colonia,,15099,7800
56226,15,Texcoco,San Mateo Huexotla,Pueblo,,15099,4158
56226,15,Texcoco,Sector Popular,Colonia,,15099,4196
56226,15,Texcoco,La Cabana,Fraccionamiento,,15099,9642
56227,15,Texcoco,El Capulin Sur,Colonia,,15099,4124
56227,15,Texcoco,Cooperativo,Colonia,,15099,4143
56227,15,Texcoco,Emiliano Zapata-Issste,Unidad Habitacional,,15099,4146
56227,15,Texcoco,Universidad Autonoma De Chapingo,Equipamiento,,15099,4147
56227,15,Texcoco,Profesores,Colonia,,15099,4149
56227,15,Texcoco,San Nicolas Huexotla,Colonia,,15099,5602
56227,15,Texcoco,Tulipanes,Colonia,,15099,5603
56227,15,Texcoco,Las Bugambilias,Fraccionamiento,,15099,7799
56230,15,Texcoco,San Diego,Pueblo,,15099,4130
56233,15,Texcoco,Suteyn,Unidad Habitacional,,15099,5600
56235,15,Texcoco,El Molino De Flores,Fraccionamiento,,15099,4172
56236,15,Texcoco,Xocotlan,Pueblo,,15099,4136
56237,15,Texcoco,El Batan,Colonia,,15099,1
56240,15,Texcoco,La Purificacion Tepetitla,Pueblo,,15099,4163
56242,15,Texcoco,Guadalupe Amanalco,Colonia,,15099,7791
56243,15,Texcoco,Ejido San Juan Tezontla,Rancheria,,15099,6
56243,15,Texcoco,San Joaquin Coapango,Pueblo,,15099,4166
56243,15,Texcoco,San Juan Tezontla,Pueblo,,15099,4167
56243,15,Texcoco,Santa Ines,Pueblo,,15099,5601
56243,15,Texcoco,Santa Cruz Mexicapa,Pueblo,,15099,7790
56243,15,Texcoco,San Bartolo,Colonia,,15099,7817
56243,15,Texcoco,Jardines De Santa Ines,Colonia,,15099,8493
56244,15,Texcoco,San Agustin,Rancheria,,15099,5
56244,15,Texcoco,San Jeronimo Amanalco,Pueblo,,15099,4165
56244,15,Texcoco,Santa Maria Tecuanulco,Pueblo,,15099,4171
56245,15,Texcoco,San Pablo Ixayoc,Pueblo,,15099,4169
56245,15,Texcoco,Santa Catarina Del Monte,Pueblo,,15099,4170
56246,15,Texcoco,Santa Maria Nativitas,Pueblo,,15099,4133
56246,15,Texcoco,San Dieguito Xochimanca,Pueblo,,15099,4164
56246,15,Texcoco,Tequexquinahuac,Pueblo,,15099,4176
56247,15,Texcoco,San Nicolas Tlaminca,Pueblo,,15099,4141
56247,15,Texcoco,San Miguel Tlaixpan,Pueblo,,15099,4168
56250,15,Texcoco,San Miguel Coatlinchan,Pueblo,,15099,4174
56250,15,Texcoco,Lomas De La Cruz,Colonia,,15099,4180
56250,15,Texcoco,Las Tijeras,Colonia,,15099,4192
56250,15,Texcoco,San Juan,Colonia,,15099,7801
56250,15,Texcoco,San Juan Potreros,Colonia,,15099,7807
56250,15,Texcoco,Paraiso 300,Unidad Habitacional,,15099,7808
56250,15,Texcoco,Guadalupe,Colonia,,15099,8191
56253,15,Texcoco,Valle De Tlaloc,Colonia,,15099,2
56253,15,Texcoco,Praderas De Tecuac,Colonia,,15099,7802
56254,15,Texcoco,Tepetitlan,Pueblo,,15099,4184
56255,15,Texcoco,Quintas Del Valle,Colonia,,15099,4185
56255,15,Texcoco,Santiago Cuautlalpan,Pueblo,,15099,4186
56255,15,Texcoco,El Trabajo,Colonia,,15099,7789
56255,15,Texcoco,El Arenal,Colonia,,15099,7805
56255,15,Texcoco,San Jose (El Paraiso),Colonia,,15099,7806
56255,15,Texcoco,Villas De Santiago,Unidad Habitacional,,15099,7930
56255,15,Texcoco,San Pedro Cuautlanpan,Colonia,,15099,8066
56256,15,Texcoco,Santa Lucia,Colonia,,15099,4179
56256,15,Texcoco,San Felipe De Jesus,Colonia,,15099,7804
56257,15,Texcoco,Lomas De San Esteban,Unidad Habitacional,,15099,4187
56257,15,Texcoco,Los Pinos,Colonia,,15099,4190
56260,15,Texcoco,San Andres (La Alcanforera),Pueblo,,15099,4151
56260,15,Texcoco,San Bernardino,Pueblo,,15099,4160
56263,15,Texcoco,Santa Irene,Pueblo,,15099,4152
56263,15,Texcoco,La Concepcion,Pueblo,,15099,4153
56263,15,Texcoco,Nezahualcoyotl (Boyeros),Colonia,,15099,4154
56263,15,Texcoco,San Olegario,Pueblo,,15099,4156
56264,15,Texcoco,Ejidos De Beltran Cuautlalpan,Colonia,,15099,4
56264,15,Texcoco,Montecillo,Colonia,,15099,4148
56264,15,Texcoco,Wenceslao Victoria,Colonia,,15099,7788
56264,15,Texcoco,Colegio De Postgraduados,Equipamiento,,15099,7809
56265,15,Texcoco,El Tejocote,Fraccionamiento,,15099,4161
56265,15,Texcoco,Lazaro Cardenas,Colonia,,15099,4162
56266,15,Texcoco,Santa Martha,Colonia,,15099,7803
56267,15,Texcoco,Guadalupe Victoria,Colonia,,15099,4178
56268,15,Texcoco,Bordo Poniente,Equipamiento,,15099,3
56270,15,Chiconcuac,San Miguel,Barrio,,15030,4197
56270,15,Chiconcuac,San Diego,Barrio,,15030,5327
56270,15,Chiconcuac,Emiliano Zapata,Colonia,,15030,5363
56270,15,Chiconcuac,San Pedro,Barrio,,15030,5364
56270,15,Chiconcuac,Santa Maria,Colonia,,15030,5379
56272,15,Chiconcuac,San Pablito Calmimilolco,Pueblo,,15030,4198
56273,15,Chiconcuac,Las Joyas,Colonia,,15030,7591
56273,15,Chiconcuac,El Araujo,Colonia,,15030,8995
56274,15,Chiconcuac,El Mamut,Colonia,,15030,7592
56280,15,Chiconcuac,San Cristobal,Ejido,,15030,8996
56300,15,Atenco,Ejidos De Cambray,Colonia,,15011,1
56300,15,Atenco,San Francisco Acuexcomac,Pueblo,,15011,4201
56300,15,Atenco,San Salvador Atenco,Pueblo,,15011,4202
56300,15,Atenco,Santa Gertrudis,Pueblo,,15011,9553
56303,15,Atenco,La Noria,Pueblo,,15011,7729
56303,15,Atenco,San Lazarito,Pueblo,,15011,7730
56303,15,Atenco,Ejidal San Salvador,Pueblo,,15011,7731
56303,15,Atenco,Hacienda La Grande Fraccion Uno,Hacienda,,15011,9558
56304,15,Atenco,Zapotlan,Pueblo,,15011,4203
56304,15,Atenco,La Pastoria,Pueblo,,15011,7735
56305,15,Atenco,Francisco I Madero,Pueblo,,15011,4208
56305,15,Atenco,Ejido San Salvador Acuexcomac (Ejido La Purisima),Pueblo,,15011,9561
56305,15,Atenco,El Amanal,Pueblo,,15011,9562
56305,15,Atenco,Ejido La Magdalena Panoaya,Pueblo,,15011,9563
56306,15,Atenco,Ejido De Nexquipayac,Colonia,,15011,9559
56310,15,Atenco,Nueva Santa Rosa,Colonia,,15011,4207
56310,15,Atenco,Granjas El Arenal,Colonia,,15011,7032
56310,15,Atenco,El Salado,Colonia,,15011,7041
56314,15,Atenco,Santa Isabel Ixtapan,Colonia,,15011,4204
56314,15,Atenco,Nezahualcoyotl - Ixtapan,Colonia,,15011,4206
56314,15,Atenco,Los Hornos (El Presidio),Colonia,,15011,9560
56315,15,Atenco,San Cristobal Nexquipayac,Pueblo,,15011,4200
56315,15,Atenco,Granjas La Purisima,Pueblo,,15011,7727
56315,15,Atenco,Las Salinas,Pueblo,,15011,7728
56315,15,Atenco,Benito Quezada,Pueblo,,15011,7733
56315,15,Atenco,Chilileco,Pueblo,,15011,7734
56315,15,Atenco,La Purisima-La Purisima Norte,Pueblo,,15011,9555
56330,15,Chimalhuacan,Santa Maria Chimalhuacan,Pueblo,,15031,4209
56334,15,Chimalhuacan,El Molino,Fraccionamiento,,15031,4210
56334,15,Chimalhuacan,San Pablo,Barrio,,15031,4214
56334,15,Chimalhuacan,San Pedro,Barrio,,15031,4215
56334,15,Chimalhuacan,Artesanos,Barrio,,15031,4264
56334,15,Chimalhuacan,Canasteros,Barrio,,15031,4265
56334,15,Chimalhuacan,Herreros,Barrio,,15031,4266
56334,15,Chimalhuacan,Mineros,Barrio,,15031,4267
56334,15,Chimalhuacan,Carpinteros,Barrio,,15031,4274
56334,15,Chimalhuacan,Fundidores,Barrio,,15031,4276
56334,15,Chimalhuacan,Pescadores,Barrio,,15031,4278
56334,15,Chimalhuacan,Luis Cordoba Reyes,Colonia,,15031,4660
56334,15,Chimalhuacan,San Pablo Parte Baja,Barrio,,15031,4663
56334,15,Chimalhuacan,San Pedro Parte Baja,Barrio,,15031,4664
56334,15,Chimalhuacan,Tepalcate,Colonia,,15031,4762
56334,15,Chimalhuacan,Nueva Tepalcates,Colonia,,15031,4987
56334,15,Chimalhuacan,Melchor Ocampo,Colonia,,15031,6578
56334,15,Chimalhuacan,Marco Antonio Sosa,Colonia,,15031,6579
56335,15,Chimalhuacan,Jose Maria Luis Mora,Colonia,,15031,1
56335,15,Chimalhuacan,Guadalupe,Colonia,,15031,4211
56335,15,Chimalhuacan,San Miguel Acuitlapilco,Colonia,,15031,4213
56335,15,Chimalhuacan,Santa Maria Nativitas,Barrio,,15031,4217
56335,15,Chimalhuacan,Rancho De Las Nieves,Colonia,,15031,4223
56335,15,Chimalhuacan,Acuitlapilco Primera Seccion,Colonia,,15031,4262
56335,15,Chimalhuacan,Ciudad Alegre,Colonia,,15031,4263
56335,15,Chimalhuacan,Acuitlapilco Segunda Seccion,Colonia,,15031,4665
56335,15,Chimalhuacan,Acuitlapilco Tercera Seccion,Colonia,,15031,4666
56335,15,Chimalhuacan,Jardines De Acuitlapilco,Colonia,,15031,4667
56335,15,Chimalhuacan,Luis Donaldo Colosio,Colonia,,15031,4763
56335,15,Chimalhuacan,Arboledas,Colonia,,15031,4765
56335,15,Chimalhuacan,Corte Portezuelos,Colonia,,15031,4766
56335,15,Chimalhuacan,El Llano De Santa Maria,Colonia,,15031,6574
56335,15,Chimalhuacan,Apapasco,Colonia,,15031,6575
56335,15,Chimalhuacan,Union Antorchista,Colonia,,15031,6576
56335,15,Chimalhuacan,4 De Febrero,Colonia,,15031,6577
56335,15,Chimalhuacan,Constructores,Barrio,,15031,7871
56337,15,Chimalhuacan,Zapotla,Colonia,,15031,8
56337,15,Chimalhuacan,San Isidro,Barrio,,15031,4221
56337,15,Chimalhuacan,Lomas De Totolco,Colonia,,15031,4222
56337,15,Chimalhuacan,Copalera,Colonia,,15031,4224
56337,15,Chimalhuacan,San Andres,Barrio,,15031,4670
56337,15,Chimalhuacan,San Juan Zapotla,Colonia,,15031,4671
56337,15,Chimalhuacan,El Capulin,Colonia,,15031,4768
56337,15,Chimalhuacan,Tepenepantla,Colonia,,15031,4769
56337,15,Chimalhuacan,Tlaixco,Colonia,,15031,4770
56337,15,Chimalhuacan,Olmedo,Colonia,,15031,4772
56337,15,Chimalhuacan,Cornejal,Colonia,,15031,4773
56337,15,Chimalhuacan,Lomas De Chimalhuacan,Colonia,,15031,4989
56337,15,Chimalhuacan,La Ladera,Colonia,,15031,4993
56337,15,Chimalhuacan,Santo Domingo,Colonia,,15031,5616
56337,15,Chimalhuacan,Apelsa,Fraccionamiento,,15031,6571
56337,15,Chimalhuacan,El Pocito,Colonia,,15031,6572
56337,15,Chimalhuacan,Arenitas,Colonia,,15031,6580
56337,15,Chimalhuacan,La Mina,Colonia,,15031,7890
56338,15,Chimalhuacan,Corte El Pocito,Colonia,,15031,2
56338,15,Chimalhuacan,Corte Escalerillas,Colonia,,15031,3
56338,15,Chimalhuacan,Corte La Joya,Colonia,,15031,4
56338,15,Chimalhuacan,Corte La Palma Segunda Seccion,Colonia,,15031,5
56338,15,Chimalhuacan,Corte Santa Cruz,Colonia,,15031,6
56338,15,Chimalhuacan,Corte Xolhuango,Colonia,,15031,7
56338,15,Chimalhuacan,Corte Lomas De Buenavista,Colonia,,15031,6173
56338,15,Chimalhuacan,Corte La Palma Primera Seccion,Ejido,,15031,6563
56338,15,Chimalhuacan,Lomas De Chocolin,Colonia,,15031,6564
56338,15,Chimalhuacan,Corte San Isidro,Colonia,,15031,6565
56338,15,Chimalhuacan,Ampliacion Lomas De San Pablo,Colonia,,15031,6566
56338,15,Chimalhuacan,Lomas De San Pablo,Colonia,,15031,6567
56338,15,Chimalhuacan,Corte San Pablo,Colonia,,15031,6568
56338,15,Chimalhuacan,Corte Huatongo,Colonia,,15031,6570
56340,15,Chimalhuacan,Cerro De Las Palomas,Colonia,,15031,4226
56340,15,Chimalhuacan,San Lorenzo,Fraccionamiento,,15031,4227
56340,15,Chimalhuacan,Ampliacion San Lorenzo (Parte Alta),Colonia,,15031,4229
56340,15,Chimalhuacan,San Lorenzo Chimalco,Colonia,,15031,4672
56340,15,Chimalhuacan,San Lorenzo Parte Alta,Barrio,,15031,4994
56343,15,Chimalhuacan,Sutaur Oriente,Fraccionamiento,,15031,4231
56343,15,Chimalhuacan,San Jose Buenavista,Fraccionamiento,,15031,4232
56343,15,Chimalhuacan,Villa San Agustin Atlapulco,Colonia,,15031,4233
56343,15,Chimalhuacan,"Jardines De San Agustin (La Isla, Sancho Ganadero)",Colonia,,15031,4234
56343,15,Chimalhuacan,Miramar,Colonia,,15031,4236
56343,15,Chimalhuacan,Tequesquinahuac,Colonia,,15031,4237
56343,15,Chimalhuacan,Tierra Santa (Maravillas),Fraccionamiento,,15031,4238
56343,15,Chimalhuacan,Balcones De San Agustin,Colonia,,15031,4239
56343,15,Chimalhuacan,Ampliacion San Agustin,Colonia,,15031,4240
56343,15,Chimalhuacan,Ampliacion San Agustin Zona Poniente,Colonia,,15031,4242
56343,15,Chimalhuacan,Zona Comunal San Agustin,Colonia,,15031,4624
56343,15,Chimalhuacan,Diecisiete De Marzo,Colonia,,15031,4669
56343,15,Chimalhuacan,Israel,Colonia,,15031,4673
56343,15,Chimalhuacan,Los Olivos,Fraccionamiento,,15031,4675
56343,15,Chimalhuacan,Buenos Aires,Colonia,,15031,4991
56343,15,Chimalhuacan,Adolfo Lopez Mateos,Colonia,,15031,4992
56343,15,Chimalhuacan,Ampliacion San Agustin Zona Oriente,Colonia,,15031,7870
56344,15,Chimalhuacan,Ejido San Agustin Atlapulco,Colonia,,15031,4676
56344,15,Chimalhuacan,Villa Los Colorines,Fraccionamiento,,15031,6560
56346,15,Chimalhuacan,Filiberto Gomez,Colonia,,15031,4243
56346,15,Chimalhuacan,Progreso De Oriente,Colonia,,15031,4244
56346,15,Chimalhuacan,Xaltipac,Colonia,,15031,4245
56350,15,Chimalhuacan,Xochiaca,Barrio,,15031,4218
56350,15,Chimalhuacan,Xochitenco 3A Seccion,Colonia,,15031,4220
56350,15,Chimalhuacan,Dieciseis De Septiembre,Colonia,,15031,4225
56350,15,Chimalhuacan,Xochiaca 2A Seccion,Barrio,,15031,4678
56350,15,Chimalhuacan,Ampliacion Xochiaca Parte Alta,Colonia,,15031,4679
56350,15,Chimalhuacan,Santa Cecilia,Colonia,,15031,4996
56350,15,Chimalhuacan,La Joyita,Colonia,,15031,5574
56350,15,Chimalhuacan,Xochitenco Parte Alta,Colonia,,15031,7891
56353,15,Chimalhuacan,Saraperos,Barrio,,15031,4248
56353,15,Chimalhuacan,Tlatelco,Colonia,,15031,4249
56353,15,Chimalhuacan,Orfebres,Barrio,,15031,4252
56353,15,Chimalhuacan,Arturo Montiel,Colonia,,15031,6558
56356,15,Chimalhuacan,Tejedores,Barrio,,15031,4246
56356,15,Chimalhuacan,Jugueteros,Barrio,,15031,4250
56356,15,Chimalhuacan,Canteros,Barrio,,15031,4253
56356,15,Chimalhuacan,Talabarteros,Barrio,,15031,4254
56356,15,Chimalhuacan,Plateros,Barrio,,15031,4256
56356,15,Chimalhuacan,Vidrieros,Barrio,,15031,4258
56356,15,Chimalhuacan,Nueva Santa Cruz,Colonia,,15031,4998
56360,15,Chimalhuacan,Xochitenco 1A Seccion,Colonia,,15031,4682
56360,15,Chimalhuacan,Xochitenco 2A Seccion,Colonia,,15031,4683
56360,15,Chimalhuacan,San Juan Xochitenco,Colonia,,15031,5573
56363,15,Chimalhuacan,Alfareros,Barrio,,15031,4257
56363,15,Chimalhuacan,Ebanistas,Barrio,,15031,4260
56363,15,Chimalhuacan,La Rosita,Colonia,,15031,4269
56363,15,Chimalhuacan,Transportistas,Barrio,,15031,4273
56363,15,Chimalhuacan,Ninos Heroes,Colonia,,15031,5575
56366,15,Chimalhuacan,Curtidores,Barrio,,15031,4259
56366,15,Chimalhuacan,Hojalateros,Barrio,,15031,4261
56366,15,Chimalhuacan,Talladores,Barrio,,15031,4268
56366,15,Chimalhuacan,Cesteros,Barrio,,15031,4275
56366,15,Chimalhuacan,Labradores,Barrio,,15031,4280
56366,15,Chimalhuacan,Tlatel Xochitenco,Colonia,,15031,4281
56370,15,Chicoloapan,San Vicente Chicoloapan De Juarez Centro,Colonia,,15029,4282
56370,15,Chicoloapan,Santa Cecilia,Barrio,,15029,5483
56373,15,Chicoloapan,El Encino,Fraccionamiento,,15029,1
56373,15,Chicoloapan,El Arenal,Barrio,,15029,5293
56373,15,Chicoloapan,San Antonio,Barrio,,15029,5295
56373,15,Chicoloapan,San Juan,Barrio,,15029,5296
56373,15,Chicoloapan,Los Angeles,Barrio,,15029,5297
56373,15,Chicoloapan,Tejocote,Barrio,,15029,5298
56373,15,Chicoloapan,Bonito San Vicente,Unidad Habitacional,,15029,7737
56373,15,Chicoloapan,Bonito El Manzano,Unidad Habitacional,,15029,7738
56373,15,Chicoloapan,Hacienda Vista Real,Conjunto Habitacional,,15029,9100
56375,15,Chicoloapan,Presidentes,Colonia,,15029,5284
56375,15,Chicoloapan,El Vergel,Barrio,,15029,5299
56375,15,Chicoloapan,Hacienda Piedras Negras,Unidad Habitacional,,15029,6176
56376,15,Chicoloapan,Santa Rosa,Colonia,,15029,5282
56376,15,Chicoloapan,Auris Ii,Colonia,,15029,5287
56376,15,Chicoloapan,Auris Iii,Colonia,,15029,5288
56376,15,Chicoloapan,Ampliacion Santa Rosa,Colonia,,15029,6562
56377,15,Chicoloapan,San Jose,Colonia,,15029,5277
56377,15,Chicoloapan,Venustiano Carranza,Colonia,,15029,5278
56377,15,Chicoloapan,2 De Marzo,Colonia,,15029,5283
56377,15,Chicoloapan,Ampliacion Presidentes,Colonia,,15029,5285
56377,15,Chicoloapan,Auris I,Colonia,,15029,5286
56377,15,Chicoloapan,Tlatel,Barrio,,15029,5290
56377,15,Chicoloapan,Mexico 86,Barrio,,15029,5291
56377,15,Chicoloapan,San Miguel,Barrio,,15029,5292
56377,15,Chicoloapan,Arboledas,Unidad Habitacional,,15029,7740
56377,15,Chicoloapan,Navidad,Barrio,,15029,7741
56380,15,Chicoloapan,Real De San Vicente I,Unidad Habitacional,,15029,5477
56380,15,Chicoloapan,Lomas Chicoloapan,Unidad Habitacional,,15029,5479
56383,15,Chicoloapan,Lomas De Chicoloapan Iii,Unidad Habitacional,,15029,2
56383,15,Chicoloapan,Real De San Vicente Ii,Unidad Habitacional,,15029,5478
56383,15,Chicoloapan,Ciudad Galaxia Los Reyes,Unidad Habitacional,,15029,5480
56383,15,Chicoloapan,Hacienda Los Reyes,Unidad Habitacional,,15029,5481
56384,15,Chicoloapan,Loma San Pedro,Colonia,,15029,9101
56384,15,Chicoloapan,La Venta Cuautlalpan,Ejido,,15029,9102
56386,15,Chicoloapan,Rancho San Miguel,Unidad Habitacional,,15029,5790
56386,15,Chicoloapan,Hacienda De Costitlan,Unidad Habitacional,,15029,6396
56386,15,Chicoloapan,Real De Costitlan I,Unidad Habitacional,,15029,7743
56386,15,Chicoloapan,Real De Costitlan Ii,Unidad Habitacional,,15029,7744
56386,15,Chicoloapan,Geovillas De Costitlan,Unidad Habitacional,,15029,7745
56386,15,Chicoloapan,La Copalera,Ejido,,15029,8242
56386,15,Chicoloapan,La Noria,Colonia,,15029,9103
56386,15,Chicoloapan,San Patricio,Colonia,,15029,9104
56386,15,Chicoloapan,Loma De Guadalupe,Colonia,,15029,9105
56390,15,Chicoloapan,Emiliano Zapata,Colonia,,15029,5279
56390,15,Chicoloapan,Ejercito Del Trabajo,Colonia,,15029,5280
56390,15,Chicoloapan,Francisco Villa,Colonia,,15029,5281
56390,15,Chicoloapan,Revolucion,Colonia,,15029,5289
56395,15,Chicoloapan,Mirador Tezaluca,Colonia,,15029,5
56396,15,Chicoloapan,Pozo Numero Uno (La Trinidad),Rancheria,,15029,3
56396,15,Chicoloapan,Pozo Numero Cuatro (San Juan),Rancheria,,15029,4
56396,15,Chicoloapan,Centro Turistico Ejidal,Ejido,,15029,9610
56396,15,Chicoloapan,Pozo Numero Dos (La Campana),Rancheria,,15029,9611
56396,15,Chicoloapan,Pozo Numero Seis (La Longaniza),Rancheria,,15029,9612
56400,15,La Paz,Los Reyes Acaquilpan Centro,Pueblo,,15070,4286
56400,15,La Paz,Jardin De Los Reyes,Colonia,,15070,4287
56400,15,La Paz,Ampliacion Los Reyes,Colonia,,15070,4290
56410,15,La Paz,Rincon De Los Reyes,Colonia,,15070,110
56410,15,La Paz,Ancon De Los Reyes,Colonia,,15070,4293
56420,15,La Paz,Floresta,Fraccionamiento,,15070,4294
56420,15,La Paz,Valle De Los Pinos,Colonia,,15070,4295
56428,15,La Paz,Tepozanes,Unidad Habitacional,,15070,4296
56429,15,La Paz,Unidad Floresta,Unidad Habitacional,,15070,4297
56430,15,La Paz,Valle De Los Reyes,Colonia,,15070,4298
56440,15,La Paz,Coaxusco,Colonia,,15070,5
56440,15,La Paz,Magdalena De Los Reyes,Colonia,,15070,4299
56490,15,La Paz,Las Torres Iii,Unidad Habitacional,,15070,73
56490,15,La Paz,Emiliano Zapata,Colonia,,15070,4300
56495,15,La Paz,Loma Encantada,Colonia,,15070,4301
56495,15,La Paz,Villas Del Sol,Unidad Habitacional,,15070,5001
56500,15,La Paz,San Salvador Tecamachalco,Pueblo,,15070,4302
56500,15,La Paz,Ampliacion Tecamachalco,Colonia,,15070,4303
56505,15,La Paz,2 De Marzo,Fraccionamiento,,15070,7989
56507,15,La Paz,El Pino,Colonia,,15070,4304
56508,15,La Paz,La Joyita,Colonia,,15070,60
56508,15,La Paz,Bosques De La Magdalena,Colonia,,15070,4305
56509,15,La Paz,Conjunto La Paz,Conjunto Habitacional,,15070,20
56509,15,La Paz,Jalpa,Colonia,,15070,54
56509,15,La Paz,Las Cruces,Unidad Habitacional,,15070,56
56509,15,La Paz,Villas De La Paz,Conjunto Habitacional,,15070,4689
56509,15,La Paz,Ferrocarril,Unidad Habitacional,,15070,5003
56509,15,La Paz,Parcelas,Colonia,,15070,5583
56510,15,La Paz,Unidad Acaquilpan,Colonia,,15070,2
56510,15,La Paz,Profesor Carlos Hank Gonzalez,Colonia,,15070,4308
56512,15,La Paz,Los Pirules (El Potrero),Colonia,,15070,6
56512,15,La Paz,San Jose Las Palmas,Colonia,,15070,4309
56512,15,La Paz,Lomas De San Sebastian,Colonia,,15070,5004
56512,15,La Paz,Tepapatlalco,Colonia,,15070,6375
56513,15,La Paz,Ampliacion Dr. Jorge Jimenez Cantu,Colonia,,15070,4311
56514,15,La Paz,Maximo De La Cruz,Colonia,,15070,7
56514,15,La Paz,Paxia,Colonia,,15070,8
56514,15,La Paz,Paso De Minas,Colonia,,15070,100
56514,15,La Paz,Techachaltitla,Colonia,,15070,131
56514,15,La Paz,Bosques De La Magdalena (U.P.R.E.Z.),Unidad Habitacional,,15070,142
56514,15,La Paz,Las Rosas,Colonia,,15070,4313
56514,15,La Paz,Lomas De Altavista,Colonia,,15070,5087
56514,15,La Paz,Tecontlapexco,Colonia,,15070,5489
56514,15,La Paz,Ampliacion Magdalena,Colonia,,15070,6373
56515,15,La Paz,Dr. Jorge Jimenez Cantu,Colonia,,15070,4314
56516,15,La Paz,Rios De San Isidro,Colonia,,15070,1
56516,15,La Paz,Villas De San Isidro,Colonia,,15070,7747
56516,15,La Paz,Ex Hacienda San Isidro,Fraccionamiento,,15070,7748
56516,15,La Paz,Parque Industrial San Isidro,Zona Industrial,,15070,7749
56516,15,La Paz,Mariel,Colonia,,15070,7750
56516,15,La Paz,San Isidro (Casas Verdes),Unidad Habitacional,,15070,7751
56516,15,La Paz,Ampliacion Mariel,Colonia,,15070,7752
56516,15,La Paz,20 De Mayo,Colonia,,15070,7753
56516,15,La Paz,Lomas De San Isidro El Pino,Colonia,,15070,7754
56516,15,La Paz,Lomas De San Isidro 1Ra. Seccion,Colonia,,15070,7755
56516,15,La Paz,Lomas De San Isidro 2Da. Seccion,Colonia,,15070,7756
56516,15,La Paz,Primavera,Colonia,,15070,7757
56516,15,La Paz,Libertad,Colonia,,15070,7759
56516,15,La Paz,Tecomatlan,Colonia,,15070,7760
56516,15,La Paz,Lomas De San Isidro 3Ra. Seccion,Colonia,,15070,9107
56520,15,La Paz,Salitreria,Colonia,,15070,112
56520,15,La Paz,Presidentes,Colonia,,15070,4315
56520,15,La Paz,San Sebastian Chimalpa,Pueblo,,15070,4316
56520,15,La Paz,Ampliacion San Sebastian,Colonia,,15070,4317
56524,15,La Paz,C.E.A.S.,Colonia,,15070,125
56524,15,La Paz,El Salado,Colonia,,15070,4318
56524,15,La Paz,Ricardo Flores Magon,Colonia,,15070,4691
56524,15,La Paz,Cuchilla De La Ancon,Colonia,,15070,6374
56525,15,La Paz,Magisterial,Unidad Habitacional,,15070,26
56525,15,La Paz,La Magdalena Atlicpac,Pueblo,,15070,4319
56526,15,La Paz,Alamedas,Colonia,,15070,4320
56527,15,La Paz,Anahuac,Unidad Habitacional,,15070,4
56527,15,La Paz,Arenal,Colonia,,15070,4321
56527,15,La Paz,Ampliacion Arenal,Colonia,,15070,5005
56528,15,La Paz,Ahuaxtla,Colonia,,15070,3
56528,15,La Paz,Unidad Anahuac Tepetates,Unidad Habitacional,,15070,4322
56528,15,La Paz,Adolfo Lopez Mateos,Colonia,,15070,8657
56529,15,La Paz,La Cerca,Colonia,,15070,4323
56529,15,La Paz,Tlazala,Colonia,,15070,4324
56530,15,Ixtapaluca,Capilla I,Unidad Habitacional,,15039,4325
56530,15,Ixtapaluca,Capilla Iii,Unidad Habitacional,,15039,4326
56530,15,Ixtapaluca,Ixtapaluca Centro,Colonia,,15039,4328
56530,15,Ixtapaluca,Jacarandas I Y Ii,Fraccionamiento,,15039,4329
56530,15,Ixtapaluca,La Venta,Colonia,,15039,4331
56530,15,Ixtapaluca,Zoquiapan,Colonia,,15039,4332
56530,15,Ixtapaluca,La Era,Colonia,,15039,5045
56530,15,Ixtapaluca,Geovillas San Jacinto,Fraccionamiento,,15039,5046
56530,15,Ixtapaluca,Real Del Campo,Fraccionamiento,,15039,5614
56535,15,Ixtapaluca,El Jaral (El Capulin),Colonia,,15039,1
56535,15,Ixtapaluca,Jardin Industrial Ixtapaluca,Zona Industrial,,15039,4334
56535,15,Ixtapaluca,Geovillas De Santa Barbara,Fraccionamiento,,15039,5033
56535,15,Ixtapaluca,El Capulin,Ejido,,15039,5034
56535,15,Ixtapaluca,Hacienda Las Palmas I Y Ii,Conjunto Habitacional,,15039,5772
56535,15,Ixtapaluca,Las Palmas Tercera Etapa,Conjunto Habitacional,,15039,7834
56536,15,Ixtapaluca,San Jose De La Palma,Unidad Habitacional,,15039,4335
56536,15,Ixtapaluca,San Buenaventura,Fraccionamiento,,15039,4712
56537,15,Ixtapaluca,Capilla Ii,Unidad Habitacional,,15039,4336
56537,15,Ixtapaluca,Capilla Iv,Unidad Habitacional,,15039,4337
56537,15,Ixtapaluca,Acozac,Fraccionamiento,,15039,5652
56537,15,Ixtapaluca,Tezontle-Zoquiapan,Colonia,,15039,9074
56538,15,Ixtapaluca,Santa Barbara,Colonia,,15039,4338
56539,15,Ixtapaluca,La Magdalena,Colonia,,15039,4340
56539,15,Ixtapaluca,La Huerta,Colonia,,15039,5028
56539,15,Ixtapaluca,El Caracol,Colonia,,15039,5047
56540,15,Ixtapaluca,Citlalmina,Colonia,,15039,4341
56540,15,Ixtapaluca,Rancho El Carmen,Unidad Habitacional,,15039,4342
56550,15,Ixtapaluca,Emiliano Zapata,Colonia,,15039,4343
56550,15,Ixtapaluca,Derramadero,Colonia,,15039,6459
56553,15,Ixtapaluca,El Molino,Colonia,,15039,4344
56555,15,Ixtapaluca,Residencial Ayotla,Fraccionamiento,,15039,4347
56556,15,Ixtapaluca,Jose De La Mora,Fraccionamiento,,15039,4348
56556,15,Ixtapaluca,Tlapacoya,Pueblo,,15039,4373
56558,15,Ixtapaluca,Ampliacion Emiliano Zapata,Colonia,,15039,4351
56560,15,Ixtapaluca,Ayotla,Pueblo,,15039,4354
56560,15,Ixtapaluca,El Calvario,Colonia,,15039,9077
56563,15,Ixtapaluca,Loma Bonita,Colonia,,15039,4357
56564,15,Ixtapaluca,El Mirador,Colonia,,15039,4359
56565,15,Ixtapaluca,Lindavista,Colonia,,15039,4360
56565,15,Ixtapaluca,Santo Tomas,Colonia,,15039,4361
56565,15,Ixtapaluca,Magisterial,Unidad Habitacional,,15039,5010
56565,15,Ixtapaluca,Lomas De Ayotla,Colonia,,15039,5011
56565,15,Ixtapaluca,Lavaderos,Colonia,,15039,5016
56565,15,Ixtapaluca,Ampliacion Acozac,Colonia,,15039,8964
56565,15,Ixtapaluca,Ampliacion Santo Tomas,Colonia,,15039,9614
56566,15,Ixtapaluca,Geovillas De Ayotla,Fraccionamiento,,15039,147
56566,15,Ixtapaluca,Izcalli,Fraccionamiento,,15039,4362
56566,15,Ixtapaluca,Rancho Guadalupe,Fraccionamiento,,15039,4364
56566,15,Ixtapaluca,Rigoberta Menchu,Colonia,,15039,5012
56566,15,Ixtapaluca,Luis Donaldo Colosio,Colonia,,15039,5013
56566,15,Ixtapaluca,La Retama,Colonia,,15039,5015
56566,15,Ixtapaluca,Ilhuicamina,Colonia,,15039,5055
56566,15,Ixtapaluca,Rancho San Jose,Unidad Habitacional,,15039,6460
56566,15,Ixtapaluca,Caserio,Unidad Habitacional,,15039,6461
56566,15,Ixtapaluca,Fermin Alvarez,Colonia,,15039,7940
56566,15,Ixtapaluca,Vergel De Guadalupe,Colonia,,15039,7945
56566,15,Ixtapaluca,Ampliacion 6 De Junio,Colonia,,15039,8796
56566,15,Ixtapaluca,6 De Junio,Colonia,,15039,8823
56566,15,Ixtapaluca,Luis Cordoba Reyes,Colonia,,15039,8965
56567,15,Ixtapaluca,Melchor Ocampo,Colonia,,15039,155
56567,15,Ixtapaluca,Cerro Del Tejolote,Colonia,,15039,4365
56567,15,Ixtapaluca,Escalerillas,Colonia,,15039,4367
56567,15,Ixtapaluca,Ampliacion Escalerillas,Colonia,,15039,4368
56567,15,Ixtapaluca,Morelos,Colonia,,15039,5771
56567,15,Ixtapaluca,Wenceslao Victoria Soto,Colonia,,15039,6465
56567,15,Ixtapaluca,Guadalupana,Colonia,,15039,6466
56567,15,Ixtapaluca,Ricardo Calva Reyes,Colonia,,15039,7038
56567,15,Ixtapaluca,Lomas De Ixtapaluca,Fraccionamiento,,15039,7836
56567,15,Ixtapaluca,Buena Vista,Colonia,,15039,7944
56567,15,Ixtapaluca,Contadero,Colonia,,15039,7946
56567,15,Ixtapaluca,Ampliacion Morelos,Colonia,,15039,9073
56567,15,Ixtapaluca,Humberto Gutierrez,Colonia,,15039,9613
56568,15,Ixtapaluca,Union Antorchista,Colonia,,15039,141
56568,15,Ixtapaluca,El Capulin,Colonia,,15039,4369
56568,15,Ixtapaluca,Nueva Antorchista,Colonia,,15039,7943
56569,15,Ixtapaluca,Rincon Del Bosque,Colonia,,15039,4371
56569,15,Ixtapaluca,San Miguel,Colonia,,15039,5020
56569,15,Ixtapaluca,El Nopalito,Colonia,,15039,5022
56569,15,Ixtapaluca,1° De Mayo,Colonia,,15039,6462
56569,15,Ixtapaluca,El Mirto,Colonia,,15039,6463
56570,15,Ixtapaluca,Arbolada,Fraccionamiento,,15039,5030
56570,15,Ixtapaluca,Geovillas Ixtapaluca 2000,Unidad Habitacional,,15039,5031
56576,15,Ixtapaluca,El Pino,Colonia,,15039,4
56576,15,Ixtapaluca,Humberto Vidal Mendoza,Colonia,,15039,5
56576,15,Ixtapaluca,Estado De Mexico,Colonia,,15039,4374
56576,15,Ixtapaluca,San Juan Tlalpizahuac,Colonia,,15039,4375
56576,15,Ixtapaluca,Tlalpizahuac,Pueblo,,15039,4376
56576,15,Ixtapaluca,San Antonio Tlalpizacuac,Colonia,,15039,5023
56576,15,Ixtapaluca,San Antonio,Unidad Habitacional,,15039,5024
56576,15,Ixtapaluca,Tlacaelel,Colonia,,15039,5025
56576,15,Ixtapaluca,Aquiles Cordova Moran,Colonia,,15039,6464
56576,15,Ixtapaluca,18 De Agosto,Colonia,,15039,7835
56576,15,Ixtapaluca,Residencial Park,Fraccionamiento,,15039,7837
56576,15,Ixtapaluca,Rey Izcoatl,Colonia,,15039,8966
56577,15,Ixtapaluca,Hornos Santa Barbara,Colonia,,15039,4372
56577,15,Ixtapaluca,Alfredo Del Mazo,Colonia,,15039,4377
56577,15,Ixtapaluca,Santa Cruz Tlalpizahuac,Colonia,,15039,4379
56577,15,Ixtapaluca,Valle Verde,Colonia,,15039,4380
56577,15,Ixtapaluca,Ampliacion Santa Cruz Tlapacoya,Colonia,,15039,6457
56577,15,Ixtapaluca,Santa Cruz Tlapacoya,Colonia,,15039,6458
56579,15,Ixtapaluca,20 De Noviembre,Colonia,,15039,4382
56580,15,Ixtapaluca,Paseos De Coatepec,Colonia,,15039,3
56580,15,Ixtapaluca,Coatepec,Pueblo,,15039,4383
56580,15,Ixtapaluca,Rosa De Castilla,Colonia,,15039,5050
56580,15,Ixtapaluca,San Juan,Colonia,,15039,6453
56580,15,Ixtapaluca,Rancho Verde,Colonia,,15039,6455
56580,15,Ixtapaluca,Independencia,Colonia,,15039,6456
56580,15,Ixtapaluca,Lomas De Coatepec,Colonia,,15039,7941
56580,15,Ixtapaluca,Tetitla,Colonia,,15039,8801
56584,15,Ixtapaluca,Pueblo Nuevo (San Isidro Labrador),Colonia,,15039,4385
56584,15,Ixtapaluca,La Mesa,Colonia,,15039,8812
56584,15,Ixtapaluca,La Pastoria,Rancho,,15039,8820
56585,15,Ixtapaluca,Los Heroes,Unidad Habitacional,,15039,52
56585,15,Ixtapaluca,Jesus Maria,Colonia,,15039,4386
56585,15,Ixtapaluca,Plutarco Elias Calles,Colonia,,15039,4387
56585,15,Ixtapaluca,La Esperanza,Colonia,,15039,5026
56585,15,Ixtapaluca,El Rayo,Colonia,,15039,5027
56585,15,Ixtapaluca,Ampliacion Plutarco Elias Calles,Colonia,,15039,7833
56585,15,Ixtapaluca,Rosa De San Francisco,Unidad Habitacional,,15039,7838
56585,15,Ixtapaluca,Elsa Cordova Moran,Colonia,,15039,7939
56586,15,Ixtapaluca,Tlayehuale,Colonia,,15039,4389
56586,15,Ixtapaluca,Geovillas De Jesus Maria,Fraccionamiento,,15039,5032
56587,15,Ixtapaluca,Santa Ana,Colonia,,15039,2
56587,15,Ixtapaluca,San Francisco Acuautla,Pueblo,,15039,4384
56587,15,Ixtapaluca,Mirador De San Francisco,Colonia,,15039,4390
56587,15,Ixtapaluca,Ampliacion San Francisco,Colonia,,15039,6452
56587,15,Ixtapaluca,Julio Chavez Lopez (Uprez),Colonia,,15039,8800
56587,15,Ixtapaluca,San Francisco (Las Joyas),Ejido,,15039,8802
56587,15,Ixtapaluca,Hornos De San Francisco,Colonia,,15039,8815
56587,15,Ixtapaluca,Francisco Santillan (Atzizintla Tres),Rancheria,,15039,8819
56588,15,Ixtapaluca,Tejalpa,Colonia,,15039,4392
56588,15,Ixtapaluca,El Carmen,Colonia,,15039,5042
56588,15,Ixtapaluca,Juan Antonio Soberanes,Colonia,,15039,6450
56588,15,Ixtapaluca,Ampliacion Tejalpa,Colonia,,15039,6451
56588,15,Ixtapaluca,Xalpa (Camino De Los Alcanfores),Ejido,,15039,8803
56588,15,Ixtapaluca,El Patronato Del Maguey (Santa Rosa),Ejido,,15039,8807
56588,15,Ixtapaluca,El Pozo Del Venado,Ejido,,15039,8808
56588,15,Ixtapaluca,Linderos De Ixtapaluca (El Tablon),Ejido,,15039,8813
56588,15,Ixtapaluca,Puente Del Tablon,Ejido,,15039,8816
56588,15,Ixtapaluca,Puente El Mezquite,Ejido,,15039,8817
56589,15,Ixtapaluca,Villas De Antorcha,Colonia,,15039,6
56589,15,Ixtapaluca,Tecomatlan,Colonia,,15039,7
56589,15,Ixtapaluca,Jorge Jimenez Cantu,Colonia,,15039,4393
56589,15,Ixtapaluca,Ciudad Cuatro Vientos,Fraccionamiento,,15039,5035
56589,15,Ixtapaluca,La Canada,Colonia,,15039,5038
56589,15,Ixtapaluca,Hornos De Zoquiapan,Colonia,,15039,5039
56589,15,Ixtapaluca,Margarita Moran,Colonia,,15039,5615
56589,15,Ixtapaluca,San Jeronimo Cuatro Vientos,Colonia,,15039,5651
56589,15,Ixtapaluca,Huertas De Canutillo,Pueblo,,15039,6403
56589,15,Ixtapaluca,Zoquiapan,Colonia,,15039,6448
56589,15,Ixtapaluca,Camino A Mina Milagro (El Potrero),Colonia,,15039,8797
56589,15,Ixtapaluca,Camino Mina Rosita,Colonia,,15039,8798
56589,15,Ixtapaluca,El Treinta Y Seis,Rancheria,,15039,8810
56589,15,Ixtapaluca,Teponaxtle,Colonia,,15039,9075
56589,15,Ixtapaluca,Bezana Canutillo,Colonia,,15039,9076
56590,15,Ixtapaluca,Rio Frio De Juarez,Pueblo,,15039,4394
56590,15,Ixtapaluca,Llano Grande,Colonia,,15039,7942
56590,15,Ixtapaluca,El Guarda,Rancho,,15039,8818
56599,15,Ixtapaluca,Manuel Avila Camacho,Pueblo,,15039,4395
56599,15,Ixtapaluca,El Campamento (Las Cocinas),Rancho,,15039,8804
56599,15,Ixtapaluca,El Corazon,Colonia,,15039,8805
56599,15,Ixtapaluca,El Cuarenta,Rancheria,,15039,8806
56599,15,Ixtapaluca,El Treinta Y Nueve (Dos Jagueyes),Ejido,,15039,8809
56599,15,Ixtapaluca,Los Cedros,Rancheria,,15039,8814
56599,15,Ixtapaluca,Loma Ancha,Rancho,,15039,8821
56599,15,Ixtapaluca,San Isidro (La Lobera),Rancheria,,15039,8822
56600,15,Chalco,Bosques De Chalco I,Fraccionamiento,,15025,10
56600,15,Chalco,Tlatel,Barrio,,15025,13
56600,15,Chalco,Santa Cruz,Unidad Habitacional,,15025,14
56600,15,Chalco,Casco De San Juan,Colonia,,15025,4396
56600,15,Chalco,Chalco De Diaz Covarrubias Centro,Colonia,,15025,4397
56600,15,Chalco,La Bomba,Colonia,,15025,4398
56600,15,Chalco,La Conchita,Barrio,,15025,4399
56600,15,Chalco,San Antonio,Barrio,,15025,4400
56600,15,Chalco,San Sebastian,Barrio,,15025,4401
56600,15,Chalco,Los Cipreses,Colonia,,15025,5069
56600,15,Chalco,Granjas Chalco,Fraccionamiento,,15025,5074
56600,15,Chalco,Industrial Chalco,Colonia,,15025,5075
56600,15,Chalco,Marco Antonio Sosa,Colonia,,15025,5490
56600,15,Chalco,Los Volcanes,Fraccionamiento,,15025,5491
56600,15,Chalco,Villas De Chalco,Unidad Habitacional,,15025,5492
56600,15,Chalco,Portal De Chalco,Fraccionamiento,,15025,5493
56600,15,Chalco,San Francisco,Barrio,,15025,6400
56600,15,Chalco,Paseos De Chalco,Fraccionamiento,,15025,6407
56600,15,Chalco,Bosques De Chalco Ii,Fraccionamiento,,15025,6409
56600,15,Chalco,Los Volcanes 2Da. Seccion,Fraccionamiento,,15025,8559
56600,15,Chalco,Las Huertas,Fraccionamiento,,15025,9126
56600,15,Chalco,Punta Chalco,Fraccionamiento,,15025,9127
56600,15,Chalco,El Naranjo,Colonia,,15025,9618
56600,15,Chalco,Gonzalo Lopez Cid,Colonia,,15025,9619
56600,15,Chalco,Rancho Amigo,Unidad Habitacional,,15025,9621
56604,15,Chalco,Ejidal,Colonia,,15025,30
56604,15,Chalco,Tres Marias,Colonia,,15025,4405
56604,15,Chalco,San Miguel Jacalones I,Colonia,,15025,4413
56604,15,Chalco,San Miguel Jacalones Ii,Colonia,,15025,5006
56604,15,Chalco,Nueva San Miguel,Colonia,,15025,5007
56605,15,Chalco,Nueva San Isidro,Colonia,,15025,4406
56605,15,Chalco,Nueva San Antonio,Colonia,,15025,5008
56605,15,Chalco,Agrarista,Colonia,,15025,5494
56605,15,Chalco,Agrarista Sector Alcanfores,Colonia,,15025,5495
56605,15,Chalco,El Paraiso,Colonia,,15025,5497
56605,15,Chalco,Fraternidad Antorchista,Colonia,,15025,5498
56605,15,Chalco,Clara Cordoba Moran,Colonia,,15025,9616
56605,15,Chalco,Humberto Vidal Mendoza,Colonia,,15025,9617
56606,15,Chalco,Union De Guadalupe,Colonia,,15025,4408
56607,15,Chalco,Covadonga,Colonia,,15025,4409
56607,15,Chalco,Culturas De Mexico,Colonia,,15025,4410
56607,15,Chalco,Jardines De Chalco,Colonia,,15025,4411
56607,15,Chalco,21 De Marzo,Colonia,,15025,5582
56608,15,Chalco,Emiliano Zapata,Colonia,,15025,4412
56608,15,Chalco,San Cristobal,Colonia,,15025,8558
56609,15,Chalco,Santa Cruz Amalinalco,Colonia,,15025,4414
56610,15,Valle De Chalco Solidaridad,Alfredo Baranda,Colonia,,15122,4415
56610,15,Valle De Chalco Solidaridad,Americas,Colonia,,15122,4416
56610,15,Valle De Chalco Solidaridad,Ninos Heroes,Colonia,,15122,4418
56610,15,Valle De Chalco Solidaridad,San Miguel Las Tablas,Colonia,,15122,6391
56613,15,Valle De Chalco Solidaridad,San Miguel Xico,Colonia,,15122,4421
56614,15,Valle De Chalco Solidaridad,Poder Popular,Colonia,,15122,1
56614,15,Valle De Chalco Solidaridad,Cerro Del Marques,Colonia,,15122,4425
56614,15,Valle De Chalco Solidaridad,San Martin Xico La Laguna,Colonia,,15122,4426
56614,15,Valle De Chalco Solidaridad,Real De San Martin,Unidad Habitacional,,15122,7887
56614,15,Valle De Chalco Solidaridad,Ex-Hacienda Xico,Unidad Habitacional,,15122,8944
56614,15,Valle De Chalco Solidaridad,Central De Abasto,Equipamiento,,15122,9623
56614,15,Valle De Chalco Solidaridad,Antorcha Valle De Chalco,Colonia,,15122,9624
56615,15,Valle De Chalco Solidaridad,Concepcion,Colonia,,15122,4427
56615,15,Valle De Chalco Solidaridad,Maria Isabel,Colonia,,15122,4428
56615,15,Valle De Chalco Solidaridad,Santiago,Colonia,,15122,4429
56615,15,Valle De Chalco Solidaridad,El Agostadero,Colonia,,15122,6392
56616,15,Valle De Chalco Solidaridad,Guadalupana,Colonia,,15122,4430
56616,15,Valle De Chalco Solidaridad,Providencia,Colonia,,15122,4432
56617,15,Valle De Chalco Solidaridad,El Triunfo,Colonia,,15122,4433
56617,15,Valle De Chalco Solidaridad,Independencia,Colonia,,15122,4434
56617,15,Valle De Chalco Solidaridad,Jardin,Colonia,,15122,4435
56617,15,Valle De Chalco Solidaridad,San Isidro,Colonia,,15122,4436
56617,15,Valle De Chalco Solidaridad,Santa Cruz,Colonia,,15122,4437
56618,15,Valle De Chalco Solidaridad,Geovillas La Asuncion,Unidad Habitacional,,15122,145
56618,15,Valle De Chalco Solidaridad,Avandaro,Colonia,,15122,4438
56618,15,Valle De Chalco Solidaridad,Dario Martinez Ii Seccion,Colonia,,15122,4439
56618,15,Valle De Chalco Solidaridad,Emiliano Zapata,Colonia,,15122,4440
56618,15,Valle De Chalco Solidaridad,San Juan Tlalpizahuac,Colonia,,15122,4441
56618,15,Valle De Chalco Solidaridad,Carlos Salinas De Gortari,Colonia,,15122,5618
56618,15,Valle De Chalco Solidaridad,San Gregorio,Colonia,,15122,6395
56619,15,Valle De Chalco Solidaridad,La Punta,Colonia,,15122,2
56619,15,Valle De Chalco Solidaridad,Alfredo Del Mazo,Colonia,,15122,4442
56619,15,Valle De Chalco Solidaridad,Dario Martinez I Seccion,Colonia,,15122,4443
56619,15,Valle De Chalco Solidaridad,Del Carmen,Colonia,,15122,4444
56619,15,Valle De Chalco Solidaridad,Ampliacion Santa Catarina,Colonia,,15122,4445
56619,15,Valle De Chalco Solidaridad,Santa Catarina,Colonia,,15122,6393
56620,15,Chalco,San Jose Axalco,Colonia,,15025,6
56620,15,Chalco,Los Arenales,Colonia,,15025,18
56620,15,Chalco,Margarita Moran,Colonia,,15025,21
56620,15,Chalco,Capultitla,Barrio,,15025,4446
56620,15,Chalco,Jazmin De Las Flores,Colonia,,15025,4447
56620,15,Chalco,Lomas De San Pablo,Barrio,,15025,4448
56620,15,Chalco,San Pablo Atlazalpan,Pueblo,,15025,4449
56620,15,Chalco,Michoacana,Colonia,,15025,9122
56620,15,Chalco,El Recodo De San Jose Axalco,Colonia,,15025,9123
56620,15,Chalco,San Jose,Colonia,,15025,9124
56620,15,Chalco,Independencia,Colonia,,15025,9128
56623,15,Chalco,Rancho San Miguel,Colonia,,15025,9
56623,15,Chalco,Rancho Nuevo,Colonia,,15025,11
56623,15,Chalco,Rancho Nuevo San Miguel,Colonia,,15025,12
56623,15,Chalco,Camino Al Monte,Rancheria,,15025,16
56623,15,Chalco,Santa Catarina Ayotzingo,Pueblo,,15025,4451
56624,15,Chalco,Pedregal Tezompa,Colonia,,15025,4452
56624,15,Chalco,San Juan Tezompa,Pueblo,,15025,4454
56624,15,Chalco,Caserio De Cortes,Colonia,,15025,6406
56624,15,Chalco,Las Nieves,Colonia,,15025,9121
56625,15,Chalco,Residencial Iztac,Fraccionamiento,,15025,15
56625,15,Chalco,Iztac Ii,Fraccionamiento,,15025,19
56625,15,Chalco,Iztac Iii,Fraccionamiento,,15025,20
56625,15,Chalco,Independencia Chimalpa,Colonia,,15025,4455
56625,15,Chalco,San Lorenzo Chimalpa,Pueblo,,15025,4456
56625,15,Chalco,San Martin Xico Nuevo,Pueblo,,15025,4457
56625,15,Chalco,San Mateo Huitzilzingo,Pueblo,,15025,4458
56625,15,Chalco,Guadalupe,Barrio,,15025,9118
56640,15,Chalco,San Gregorio Cuautzingo,Pueblo,,15025,4461
56640,15,Chalco,Los Alamos,Fraccionamiento,,15025,6405
56640,15,Chalco,Santa Ana (Predio San Juan),Colonia,,15025,9119
56641,15,Chalco,Benito Juarez,Colonia,,15025,3
56641,15,Chalco,La Candelaria Tlapala,Pueblo,,15025,4463
56641,15,Chalco,Hacienda Guadalupe,Unidad Habitacional,,15025,8561
56641,15,Chalco,Llano Del Moral,Colonia,,15025,9125
56642,15,Chalco,San Lucas Amalinalco,Pueblo,,15025,4464
56642,15,Chalco,Los Hornos,Colonia,,15025,6402
56643,15,Chalco,Ejido San Marcos,Colonia,,15025,7
56643,15,Chalco,Caja De Agua,Colonia,,15025,8
56643,15,Chalco,San Marcos Huixtoco,Pueblo,,15025,4467
56643,15,Chalco,San Buenaventura 7A Seccion,Unidad Habitacional,,15025,6404
56643,15,Chalco,La Chimenea,Colonia,,15025,9120
56644,15,Chalco,Los Heroes Chalco Ii,Fraccionamiento,,15025,1
56644,15,Chalco,Los Heroes Chalco Iii,Fraccionamiento,,15025,2
56644,15,Chalco,San Martin Cuautlalpan,Pueblo,,15025,4468
56644,15,Chalco,Villas De San Martin,Fraccionamiento,,15025,7832
56644,15,Chalco,Los Heroes Chalco,Fraccionamiento,,15025,8164
56644,15,Chalco,Pueblo Nuevo,Unidad Habitacional,,15025,8560
56644,15,Chalco,Hacienda San Juan,Unidad Habitacional,,15025,9615
56646,15,Chalco,Guadalupe De Los Tepetates,Colonia,,15025,4
56646,15,Chalco,Huixtomatitla (Tepalcates),Colonia,,15025,5
56646,15,Chalco,La Longaniza,Rancheria,,15025,17
56646,15,Chalco,Santa Maria Huexoculco,Pueblo,,15025,4470
56647,15,Chalco,San Mateo Tezoquipan Miraflores,Pueblo,,15025,4471
56647,15,Chalco,Hacienda Del Moral,Rancheria,,15025,9117
56650,15,Temamatla,Temamatla,Pueblo,,15083,4472
56650,15,Temamatla,Xalpa,Barrio,,15083,9313
56650,15,Temamatla,Cuautitla,Barrio,,15083,9314
56650,15,Temamatla,Tepetitla,Barrio,,15083,9315
56650,15,Temamatla,Predio De Los Albertocos,Colonia,,15083,9316
56650,15,Temamatla,Guadalupana,Colonia,,15083,9318
56650,15,Temamatla,La Estacion (La Caseta),Colonia,,15083,9319
56653,15,Temamatla,Santiago Zula,Pueblo,,15083,4475
56654,15,Temamatla,El Tejocote (Colonia Jesus Estudillo L.),Colonia,,15083,9322
56654,15,Temamatla,El Tejocote,Ejido,,15083,9323
56654,15,Temamatla,Ampliacion Potrero,Colonia,,15083,9324
56655,15,Temamatla,Los Reyes Acatlixhuayan,Pueblo,,15083,4476
56656,15,Temamatla,Tepancal,Colonia,,15083,9320
56656,15,Temamatla,San Judas Tadeo,Rancho,,15083,9325
56657,15,Temamatla,Tenexcaltitla,Colonia,,15083,9317
56657,15,Temamatla,El Cabi,Zona Militar,,15083,9321
56680,15,Cocotitlan,Techichilco,Barrio,,15022,4477
56680,15,Cocotitlan,Oyotepec,Colonia,,15022,9326
56680,15,Cocotitlan,20 De Noviembre,Colonia,,15022,9327
56680,15,Cocotitlan,Tlapipinca,Colonia,,15022,9328
56680,15,Cocotitlan,La Y (Atoyac),Colonia,,15022,9329
56680,15,Cocotitlan,La Via,Colonia,,15022,9330
56683,15,Cocotitlan,San Andres Metla,Pueblo,,15022,4478
56684,15,Cocotitlan,Atoyac,Ejido,,15022,9332
56700,15,Tlalmanalco,Tlalmanalco De Velazquez,Pueblo,,15103,4480
56700,15,Tlalmanalco,Vista Bella,Colonia,,15103,5372
56700,15,Tlalmanalco,San Diego,Colonia,,15103,5373
56700,15,Tlalmanalco,Rumorosa,Colonia,,15103,5374
56700,15,Tlalmanalco,Granjas San Jose,Colonia,,15103,7042
56700,15,Tlalmanalco,Fernando De La Macorra,Rancho,,15103,9395
56700,15,Tlalmanalco,Alfa Y Omega,Rancho,,15103,9399
56700,15,Tlalmanalco,Cerro De Cruz,Colonia,,15103,9463
56700,15,Tlalmanalco,El Eden,Colonia,,15103,9464
56700,15,Tlalmanalco,Magisterial,Unidad Habitacional,,15103,9465
56700,15,Tlalmanalco,El Centenario,Colonia,,15103,9466
56700,15,Tlalmanalco,Jerusalen,Colonia,,15103,9467
56700,15,Tlalmanalco,La Esperanza,Colonia,,15103,9468
56700,15,Tlalmanalco,De Los Chincolos,Colonia,,15103,9469
56700,15,Tlalmanalco,Infonavit Fidel Velazquez,Colonia,,15103,9470
56700,15,Tlalmanalco,De Tula,Colonia,,15103,9471
56700,15,Tlalmanalco,De La Comunidad,Colonia,,15103,9484
56700,15,Tlalmanalco,San Pedro,Colonia,,15103,9485
56700,15,Tlalmanalco,San Cristobal Tezopilo,Colonia,,15103,9486
56700,15,Tlalmanalco,Cruz De Mayo,Barrio,,15103,9491
56700,15,Tlalmanalco,Hermanos Pena,Colonia,,15103,9492
56703,15,Tlalmanalco,La Esperanza,Colonia,,15103,9411
56703,15,Tlalmanalco,Vista Hermosa,Colonia,,15103,9412
56703,15,Tlalmanalco,Valle Plateado,Fraccionamiento,,15103,9414
56704,15,Tlalmanalco,San Lorenzo Tlalmiminolpan,Pueblo,,15103,4481
56710,15,Tlalmanalco,Lomas Del Pedregal,Colonia,,15103,9403
56713,15,Tlalmanalco,Santa Rita,Rancho,,15103,9401
56714,15,Tlalmanalco,Villa Rincon De Las Montanas,Fraccionamiento,,15103,9402
56714,15,Tlalmanalco,Gavillero (Rancho El Gavillero),Rancheria,,15103,9404
56714,15,Tlalmanalco,La Mesa,Rancheria,,15103,9405
56714,15,Tlalmanalco,La Escondida,Colonia,,15103,9406
56714,15,Tlalmanalco,Cuautenampa (La Quebradora),Rancheria,,15103,9407
56715,15,Tlalmanalco,Infonavit Salvador Angulo,Unidad Habitacional,,15103,5376
56715,15,Tlalmanalco,El Escribiente,Unidad Habitacional,,15103,5377
56715,15,Tlalmanalco,Chantico I,Unidad Habitacional,,15103,5380
56715,15,Tlalmanalco,Santa Maria,Fraccionamiento,,15103,6958
56715,15,Tlalmanalco,La Encumbre,Rancho,,15103,9394
56715,15,Tlalmanalco,Chantico Ii,Unidad Habitacional,,15103,9415
56716,15,Tlalmanalco,El Trapiche (Xacalco),Colonia,,15103,1
56716,15,Tlalmanalco,Santiago [Kilometro 58.5],Colonia,,15103,2
56716,15,Tlalmanalco,El Magueyal Dos,Colonia,,15103,9396
56716,15,Tlalmanalco,Vergel De La Sierra,Fraccionamiento,,15103,9400
56720,15,Tlalmanalco,San Juan Atzacualoya,Pueblo,,15103,4483
56720,15,Tlalmanalco,21 De Marzo,Colonia,,15103,9476
56720,15,Tlalmanalco,Las Conchitas,Colonia,,15103,9481
56723,15,Tlalmanalco,Pueblo Nuevo,Pueblo,,15103,4484
56726,15,Tlalmanalco,Santa Cruz,Rancheria,,15103,9393
56730,15,Tlalmanalco,Santo Tomas Atzingo,Pueblo,,15103,4485
56730,15,Tlalmanalco,Las Palomas,Fraccionamiento,,15103,9408
56731,15,Tlalmanalco,San Jose Zavaleta,Pueblo,,15103,4486
56735,15,Tlalmanalco,San Antonio Tlaltecahuacan,Pueblo,,15103,4487
56740,15,Tlalmanalco,San Rafael,Pueblo,,15103,4488
56740,15,Tlalmanalco,La Ladrillera,Colonia,,15103,6957
56740,15,Tlalmanalco,Ladrilleras Las Margaritas,Colonia,,15103,9475
56743,15,Tlalmanalco,Loma Linda,Colonia,,15103,9479
56743,15,Tlalmanalco,Obrera,Colonia,,15103,9480
56743,15,Tlalmanalco,Hidalgo,Colonia,,15103,9482
56744,15,Tlalmanalco,Solidaridad,Colonia,,15103,9472
56744,15,Tlalmanalco,El Faro,Colonia,,15103,9473
56744,15,Tlalmanalco,De La Pena,Colonia,,15103,9474
56744,15,Tlalmanalco,Los Cuartos,Colonia,,15103,9477
56744,15,Tlalmanalco,El Encinal,Colonia,,15103,9478
56745,15,Tlalmanalco,El Cedral,Colonia,,15103,9483
56745,15,Tlalmanalco,La Canada,Colonia,,15103,9487
56746,15,Tlalmanalco,La Cuesta,Colonia,,15103,9488
56746,15,Tlalmanalco,Anselmo Granados,Colonia,,15103,9489
56747,15,Tlalmanalco,La Joya,Rancho,,15103,9409
56747,15,Tlalmanalco,Tepopotal,Rancheria,,15103,9410
56747,15,Tlalmanalco,La Huerta,Rancho,,15103,9413
56760,15,Ayapango,La Capilla,Colonia,,15017,4490
56760,15,Ayapango,La Soledad,Barrio,,15017,8148
56760,15,Ayapango,Predio El Calvario,Colonia,,15017,9280
56763,15,Ayapango,Tetepetla,Colonia,,15017,7674
56763,15,Ayapango,San Miguel,Rancheria,,15017,9282
56765,15,Ayapango,San Diego Chalcatepehuacan,Colonia,,15017,7673
56765,15,Ayapango,San Diego,Colonia,,15017,9281
56765,15,Ayapango,El Arenal (Camino Al Arenal),Colonia,,15017,9283
56765,15,Ayapango,Las Casitas (Tepexpan),Colonia,,15017,9284
56766,15,Ayapango,La Colonia,Colonia,,15017,1
56766,15,Ayapango,Poxtla,Pueblo,,15017,4492
56767,15,Ayapango,Tlamapa,Pueblo,,15017,4493
56770,15,Ayapango,San Jose,Rancheria,,15017,7677
56776,15,Ayapango,Mihuacan,Pueblo,,15017,4494
56776,15,Ayapango,Pahuacan,Pueblo,,15017,4495
56776,15,Ayapango,Cemoloc Grande,Colonia,,15017,9285
56780,15,Tenango Del Aire,San Juan Coxtocan,Pueblo,,15089,4496
56780,15,Tenango Del Aire,San Mateo Tepopula,Pueblo,,15089,4497
56780,15,Tenango Del Aire,Santiago Tepopula,Pueblo,,15089,4498
56780,15,Tenango Del Aire,La Palma Tenango,Barrio,,15089,4500
56780,15,Tenango Del Aire,San Miguel,Barrio,,15089,9333
56780,15,Tenango Del Aire,Amilco,Barrio,,15089,9334
56780,15,Tenango Del Aire,Tecuatitla (Colonia Nueva Tecuatitla),Colonia,,15089,9336
56780,15,Tenango Del Aire,El Mirador,Colonia,,15089,9340
56780,15,Tenango Del Aire,Chavarria (Paraje Puerta),Rancho,,15089,9344
56783,15,Tenango Del Aire,El Pedregal (Teotoxtipan),Colonia,,15089,9335
56783,15,Tenango Del Aire,San Luis Aculco,Colonia,,15089,9337
56783,15,Tenango Del Aire,Aculco (El Paraiso),Rancheria,,15089,9338
56783,15,Tenango Del Aire,San Miguel (Las Espinas),Rancheria,,15089,9339
56783,15,Tenango Del Aire,Saturnino (Tepalcapa),Rancheria,,15089,9342
56783,15,Tenango Del Aire,San Isidro Labrador (El Piaje),Rancheria,,15089,9343
56784,15,Tenango Del Aire,Tres Platos,Colonia,,15089,9341
56800,15,Ozumba,De San Bartolo,Barrio,,15068,1
56800,15,Ozumba,Ozumba De Alzate,Pueblo,,15068,4502
56800,15,Ozumba,San Mateo Tecalco,Pueblo,,15068,4503
56800,15,Ozumba,Santiago,Barrio,,15068,8924
56800,15,Ozumba,Industrial,Colonia,,15068,9302
56800,15,Ozumba,Jose Antonio Alzate,Colonia,,15068,9303
56800,15,Ozumba,Del Coyote,Barrio,,15068,9305
56800,15,Ozumba,San Francisco,Barrio,,15068,9306
56800,15,Ozumba,San Martin,Barrio,,15068,9307
56800,15,Ozumba,Del Cocol,Barrio,,15068,9308
56800,15,Ozumba,Santa Cruz,Barrio,,15068,9309
56800,15,Ozumba,San Juan,Barrio,,15068,9310
56800,15,Ozumba,San Pedro,Barrio,,15068,9311
56800,15,Ozumba,Huamantla De Tizapa,Colonia,,15068,9312
56806,15,Ozumba,San Vicente Chimalhuacan,Pueblo,,15068,4505
56806,15,Ozumba,Loma Bonita,Rancheria,,15068,9301
56810,15,Ozumba,San Jose Tlacotitlan,Rancheria,,15068,6588
56810,15,Ozumba,Santiago Mamalhuazuca,Rancheria,,15068,6589
56813,15,Ozumba,San Mateo Cuatepulco (Zona Cuatepulco),Rancheria,,15068,9294
56813,15,Ozumba,La Cantarilla,Rancheria,,15068,9296
56813,15,Ozumba,Quinta Santa Cecilia,Rancheria,,15068,9297
56814,15,Ozumba,San Jose (Rancho San Jose Tlacotitlan),Rancheria,,15068,9298
56815,15,Ozumba,San Sebastian,Rancheria,,15068,9299
56815,15,Ozumba,Huejote (Rancho Huejote),Rancheria,,15068,9300
56816,15,Ozumba,Guadalupe Hidalgo,Colonia,,15068,3
56816,15,Ozumba,San Lorenzo Tlaltecoyan (Tlaltecoyac),Rancheria,,15068,6587
56820,15,Ozumba,Actopan,Barrio,,15068,9295
56860,15,Juchitepec,La Loma,Colonia,,15050,2
56860,15,Juchitepec,La Garita,Barrio,,15050,5
56860,15,Juchitepec,Juchi,Barrio,,15050,5303
56860,15,Juchitepec,Calayuco,Barrio,,15050,5304
56860,15,Juchitepec,Cuautzozongo,Barrio,,15050,5305
56860,15,Juchitepec,El Madrono,Rancheria,,15050,9416
56860,15,Juchitepec,San Pedro,Colonia,,15050,9417
56864,15,Juchitepec,El Tezontlal,Colonia,,15050,1
56864,15,Juchitepec,El Tititlal,Colonia,,15050,3
56864,15,Juchitepec,Camino A La Mina,Colonia,,15050,4
56864,15,Juchitepec,San Matias Cuijingo,Pueblo,,15050,4507
56864,15,Juchitepec,La Rosita,Colonia,,15050,7672
56864,15,Juchitepec,Santa Rosa De Lima,Barrio,,15050,9418
56870,15,Juchitepec,Techachal,Colonia,,15050,6
56880,15,Tepetlixpa,Tepetlixpa,Pueblo,,15094,4510
56880,15,Tepetlixpa,El Cerro,Colonia,,15094,9369
56880,15,Tepetlixpa,Tlaximulco (Rancho De La Cruz),Rancho,,15094,9377
56880,15,Tepetlixpa,Corregidora (Texcalera),Rancheria,,15094,9378
56880,15,Tepetlixpa,Buenavista,Barrio,,15094,9384
56880,15,Tepetlixpa,Xocotla,Barrio,,15094,9385
56880,15,Tepetlixpa,Del Guapo,Barrio,,15094,9386
56880,15,Tepetlixpa,Emiliano Zapata,Colonia,,15094,9387
56880,15,Tepetlixpa,La Venta,Barrio,,15094,9388
56880,15,Tepetlixpa,Del Rincon Brujo,Barrio,,15094,9389
56880,15,Tepetlixpa,San Isidro,Barrio,,15094,9390
56880,15,Tepetlixpa,Granera,Barrio,,15094,9391
56880,15,Tepetlixpa,Texcalera,Barrio,,15094,9392
56884,15,Tepetlixpa,Los Limones,Rancheria,,15094,8274
56884,15,Tepetlixpa,2O. Agrupamiento De Seg. Pub. Est. Tepetlixpa,Equipamiento,,15094,9368
56884,15,Tepetlixpa,Alborada,Granja,,15094,9370
56884,15,Tepetlixpa,Chimalaca,Colonia,,15094,9371
56884,15,Tepetlixpa,Sofia,Rancheria,,15094,9376
56884,15,Tepetlixpa,Santa Cruz,Rancheria,,15094,9379
56885,15,Tepetlixpa,San Esteban Cuecuecuautitla,Pueblo,,15094,4509
56890,15,Tepetlixpa,Nepantla De Sor Juana Ines De La Cruz,Pueblo,,15094,4512
56890,15,Tepetlixpa,Cuauhnextle,Colonia,,15094,9373
56890,15,Tepetlixpa,Pinuelas (Guayabitos),Colonia,,15094,9374
56890,15,Tepetlixpa,Texcalama (El Montoncito Texcalama),Colonia,,15094,9382
56893,15,Tepetlixpa,Las Cruces,Rancheria,,15094,9372
56893,15,Tepetlixpa,Casa Blanca (Kilometro 76),Rancho,,15094,9375
56893,15,Tepetlixpa,Santa Rosa,Rancheria,,15094,9380
56893,15,Tepetlixpa,Granja Nepantla,Rancheria,,15094,9381
56894,15,Tepetlixpa,Alotepec,Rancheria,,15094,9383
56900,15,Amecameca,Sector Sacromonte,Barrio,,15009,4513
56903,15,Amecameca,Izta-Popo,Unidad Habitacional,,15009,9231
56903,15,Amecameca,Sor Juana Ines De La Cruz,Fraccionamiento,,15009,9232
56903,15,Amecameca,Los Volcanes,Fraccionamiento,,15009,9233
56903,15,Amecameca,Sector Iztaccihuatl,Barrio,,15009,9234
56903,15,Amecameca,Sector Caltenco,Barrio,,15009,9235
56903,15,Amecameca,San Miguel,Barrio,,15009,9242
56903,15,Amecameca,Sector Panohaya,Barrio,,15009,9243
56904,15,Amecameca,Del Rosario,Barrio,,15009,9236
56904,15,Amecameca,Sector Atenco,Barrio,,15009,9237
56905,15,Amecameca,San Juan,Barrio,,15009,9238
56905,15,Amecameca,Tepollo,Barrio,,15009,9239
56905,15,Amecameca,Nestor Soriano,Colonia,,15009,9240
56905,15,Amecameca,Magisterial Sacromonte,Unidad Habitacional,,15009,9241
56905,15,Amecameca,Sector Popocatepetl,Barrio,,15009,9246
56905,15,Amecameca,El Torito,Barrio,,15009,9247
56913,15,Amecameca,El Castillo,Fraccionamiento,,15009,7564
56914,15,Amecameca,Xaltepic,Fraccionamiento,,15009,7566
56920,15,Amecameca,Camino Al Salto (Coapexco),Colonia,,15009,9256
56920,15,Amecameca,Atlancatzi,Rancheria,,15009,9258
56920,15,Amecameca,Cuiloxotitla (San Nicolas),Rancheria,,15009,9263
56923,15,Amecameca,Tetecla,Rancheria,,15009,9252
56923,15,Amecameca,Tepeyehual,Rancheria,,15009,9253
56924,15,Amecameca,Santa Maria Tomacoco,Rancho,,15009,9257
56930,15,Amecameca,San Francisco Zentlalpan,Pueblo,,15009,4515
56930,15,Amecameca,Las Cartoneras,Colonia,,15009,9262
56933,15,Amecameca,Aldea De Los Reyes,Pueblo,,15009,4518
56933,15,Amecameca,Chupicuaro (Texquimeca),Rancheria,,15009,9248
56933,15,Amecameca,Los Tepalcates,Rancheria,,15009,9268
56933,15,Amecameca,El Risco,Rancheria,,15009,9269
56933,15,Amecameca,Don Martin,Rancheria,,15009,9270
56935,15,Amecameca,Santa Isabel Chalma,Pueblo,,15009,4516
56940,15,Amecameca,Santiago Cuauhtenco,Pueblo,,15009,4517
56940,15,Amecameca,Agua Viva,Rancheria,,15009,9259
56945,15,Amecameca,Coapexco,Fraccionamiento,,15009,7563
56950,15,Amecameca,San Antonio Zoyatzingo,Pueblo,,15009,4519
56953,15,Amecameca,San Diego Tlaxcatitla,Colonia,,15009,7562
56954,15,Amecameca,Camino A Pahuacan (Colonia Nestor Soriano),Colonia,,15009,9249
56954,15,Amecameca,Las Palomas,Rancho,,15009,9261
56954,15,Amecameca,San Rafael,Rancheria,,15009,9264
56954,15,Amecameca,Vetania,Rancho,,15009,9266
56954,15,Amecameca,El Arenal,Colonia,,15009,9267
56955,15,Amecameca,San Diego Huehuecalco,Pueblo,,15009,4520
56956,15,Amecameca,Ximoco,Rancheria,,15009,9250
56956,15,Amecameca,Tenexcaltitla,Rancheria,,15009,9265
56960,15,Amecameca,San Pedro Nexapa,Pueblo,,15009,4521
56963,15,Amecameca,El Ocotal,Colonia,,15009,9245
56965,15,Amecameca,San Juan Grande,Colonia,,15009,7567
56965,15,Amecameca,Nexatenco,Rancheria,,15009,9255
56965,15,Amecameca,El Tecorral,Rancheria,,15009,9260
56970,15,Atlautla,San Jacinto,Barrio,,15015,4522
56970,15,Atlautla,Santo Domingo,Barrio,,15015,8960
56970,15,Atlautla,Santiago,Barrio,,15015,9349
56970,15,Atlautla,San Bartolo,Barrio,,15015,9352
56970,15,Atlautla,San Martin,Barrio,,15015,9353
56970,15,Atlautla,San Francisco,Barrio,,15015,9354
56970,15,Atlautla,San Lorenzo,Barrio,,15015,9355
56970,15,Atlautla,San Pedro,Barrio,,15015,9356
56970,15,Atlautla,Natividad,Barrio,,15015,9357
56975,15,Atlautla,Quinta Loma Verde (Paraje Tepichilco),Rancheria,,15015,3
56975,15,Atlautla,San Juan,Barrio,,15015,4524
56975,15,Atlautla,Ixtotempatl,Rancheria,,15015,9345
56975,15,Atlautla,San Felipe,Barrio,,15015,9350
56975,15,Atlautla,San Martin,Barrio,,15015,9351
56975,15,Atlautla,Asuncion,Barrio,,15015,9359
56976,15,Atlautla,San Andres Tlalamac,Pueblo,,15015,4523
56980,15,Atlautla,San Juan Tehuixtitlan Centro,Colonia,,15015,4527
56982,15,Atlautla,Las Delicias,Fraccionamiento,,15015,4528
56983,15,Atlautla,Nexapa,Colonia,,15015,2
56983,15,Atlautla,Popo Park,Pueblo,,15015,4529
56983,15,Atlautla,Del Cornejal,Barrio,,15015,9348
56984,15,Atlautla,Guadalupe,Barrio,,15015,1
56984,15,Atlautla,El Arenal,Barrio,,15015,9347
56984,15,Atlautla,El Mirador,Barrio,,15015,9358
56990,15,Ecatzingo,Nexapa,Paraje,,15034,2
56990,15,Ecatzingo,San Jose,Barrio,,15034,4531
56990,15,Ecatzingo,San Martin,Barrio,,15034,8531
56990,15,Ecatzingo,Xolaltenco,Barrio,,15034,9365
56990,15,Ecatzingo,Santa Catarina,Barrio,,15034,9366
56990,15,Ecatzingo,Santa Gertrudis,Barrio,,15034,9367
56993,15,Ecatzingo,San Marcos Tecomaxusco,Pueblo,,15034,4534
56993,15,Ecatzingo,Tepicila,Colonia,,15034,9361
56993,15,Ecatzingo,Oxpanco,Rancheria,,15034,9362
56996,15,Ecatzingo,San Juan Tlacotompa (Tlacotompa),Pueblo,,15034,4532
56996,15,Ecatzingo,Huexotitla,Rancheria,,15034,9363
56996,15,Ecatzingo,Ixtactepectipac (Rancho Ixtactepectipac),Rancheria,,15034,9364
57000,15,Nezahualcoyotl,Benito Juarez (La Aurora),Colonia,,15058,7880
57100,15,Nezahualcoyotl,Valle De Aragon,Colonia,,15058,4543
57103,15,Nezahualcoyotl,Poligono Del Bordo De Xochiaca,Colonia,,15058,8967
57120,15,Nezahualcoyotl,Campestre Guadalupana,Colonia,,15058,4545
57129,15,Nezahualcoyotl,Ampliacion Campestre Guadalupana,Colonia,,15058,4547
57130,15,Nezahualcoyotl,Las Antenas O Claustro De Sor Juana Ines De La C.,Colonia,,15058,70
57130,15,Nezahualcoyotl,Impulsora Popular Avicola,Colonia,,15058,4548
57138,15,Nezahualcoyotl,Emiliano Zapata,Unidad Habitacional,,15058,45
57138,15,Nezahualcoyotl,Canal De Sales,Colonia,,15058,4549
57138,15,Nezahualcoyotl,Bosques De Viena,Colonia,,15058,5687
57139,15,Nezahualcoyotl,Plazas De Aragon,Colonia,,15058,4550
57140,15,Nezahualcoyotl,Jardines De Guadalupe,Colonia,,15058,4551
57150,15,Nezahualcoyotl,Vergel De Guadalupe,Colonia,,15058,4552
57158,15,Nezahualcoyotl,Joyas De Aragon,Colonia,,15058,4553
57170,15,Nezahualcoyotl,Bosques De Aragon,Colonia,,15058,4555
57171,15,Nezahualcoyotl,Escuela Nacional De Estudios Profesionales Aragon,Equipamiento,,15058,4556
57178,15,Nezahualcoyotl,Las Armas,Colonia,,15058,4559
57179,15,Nezahualcoyotl,Prados De Aragon,Colonia,,15058,4560
57180,15,Nezahualcoyotl,Ciudad Lago,Colonia,,15058,4561
57185,15,Nezahualcoyotl,Ampliacion Ciudad Lago,Colonia,,15058,4562
57185,15,Nezahualcoyotl,Ampliacion Ciudad Lago El Triangulo,Colonia,,15058,7884
57185,15,Nezahualcoyotl,Cuchilla Del Tesoro,Colonia,,15058,7885
57188,15,Nezahualcoyotl,Ampliacion Ciudad Lago Asa (Antonio Alzate),Unidad Habitacional,,15058,4563
57189,15,Nezahualcoyotl,Ampliacion Ciudad Lago Comunicaciones,Colonia,,15058,4564
57200,15,Nezahualcoyotl,El Sol,Colonia,,15058,4565
57205,15,Nezahualcoyotl,Ciudad Jardin,Colonia,,15058,7831
57210,15,Nezahualcoyotl,Estado De Mexico,Colonia,,15058,4567
57300,15,Nezahualcoyotl,Tamaulipas,Colonia,,15058,4568
57300,15,Nezahualcoyotl,Tamaulipas Seccion Virgencitas,Colonia,,15058,4570
57310,15,Nezahualcoyotl,Tamaulipas Seccion Las Flores,Colonia,,15058,4571
57310,15,Nezahualcoyotl,Tamaulipas Seccion Palmar,Colonia,,15058,4572
57400,15,Nezahualcoyotl,El Barco Primera Seccion,Colonia,,15058,4574
57400,15,Nezahualcoyotl,El Barco Segunda Seccion,Colonia,,15058,4575
57400,15,Nezahualcoyotl,El Barco Tercera Seccion,Colonia,,15058,4576
57410,15,Nezahualcoyotl,Maravillas,Colonia,,15058,4578
57420,15,Nezahualcoyotl,Nezahualcoyotl Primera Seccion,Colonia,,15058,4579
57420,15,Nezahualcoyotl,Nezahualcoyotl Segunda Seccion,Colonia,,15058,7881
57420,15,Nezahualcoyotl,Nezahualcoyotl Tercera Seccion,Colonia,,15058,7882
57430,15,Nezahualcoyotl,Porvenir,Colonia,,15058,4581
57440,15,Nezahualcoyotl,Las Palmas,Colonia,,15058,4582
57440,15,Nezahualcoyotl,Martinez Del Llano,Colonia,,15058,7822
57440,15,Nezahualcoyotl,Xochitenco,Colonia,,15058,7823
57450,15,Nezahualcoyotl,Volcanes,Colonia,,15058,4584
57460,15,Nezahualcoyotl,Juarez Pantitlan,Colonia,,15058,4588
57500,15,Nezahualcoyotl,Agua Azul Grupo C Super 4 Y Super 23,Colonia,,15058,4596
57500,15,Nezahualcoyotl,Agua Azul Grupo A Super 4,Colonia,,15058,4597
57500,15,Nezahualcoyotl,Central,Colonia,,15058,4598
57500,15,Nezahualcoyotl,Agua Azul Grupo B Super 4,Colonia,,15058,7819
57500,15,Nezahualcoyotl,Agua Azul Grupo B Super 23,Colonia,,15058,7820
57510,15,Nezahualcoyotl,Agua Azul Seccion Pirules,Colonia,,15058,4599
57520,15,Nezahualcoyotl,Porfirio Diaz,Colonia,,15058,4600
57530,15,Nezahualcoyotl,Modelo,Colonia,,15058,4601
57600,15,Nezahualcoyotl,Ampliacion Romero Seccion Las Fuentes,Colonia,,15058,4602
57610,15,Nezahualcoyotl,Pavon Seccion Silvia,Colonia,,15058,4604
57620,15,Nezahualcoyotl,Mexico Primera Seccion,Colonia,,15058,4605
57620,15,Nezahualcoyotl,Mexico Segunda Seccion,Colonia,,15058,4606
57630,15,Nezahualcoyotl,Romero,Colonia,,15058,4607
57700,15,Nezahualcoyotl,Evolucion Super 24,Colonia,,15058,4608
57700,15,Nezahualcoyotl,Evolucion Super 22,Colonia,,15058,7872
57700,15,Nezahualcoyotl,Evolucion Super 43,Colonia,,15058,7873
57700,15,Nezahualcoyotl,Evolucion,Colonia,,15058,9629
57708,15,Nezahualcoyotl,Evolucion Poniente,Colonia,,15058,4609
57709,15,Nezahualcoyotl,Ampliacion Evolucion,Colonia,,15058,4610
57710,15,Nezahualcoyotl,General Jose Vicente Villada,Colonia,,15058,4611
57718,15,Nezahualcoyotl,Ampliacion General Jose Vicente Villada Oriente,Colonia,,15058,4612
57718,15,Nezahualcoyotl,Ampliacion General Jose Vicente Villada Super 44,Colonia,,15058,7874
57719,15,Nezahualcoyotl,Ampliacion General Jose Vicente Villada Poniente,Colonia,,15058,4613
57720,15,Nezahualcoyotl,Atlacomulco,Colonia,,15058,4614
57730,15,Nezahualcoyotl,Metropolitana Primera Seccion,Colonia,,15058,4615
57739,15,Nezahualcoyotl,San Lorenzo,Colonia,,15058,4616
57740,15,Nezahualcoyotl,Metropolitana Segunda Seccion,Colonia,,15058,4617
57750,15,Nezahualcoyotl,Metropolitana Tercera Seccion,Colonia,,15058,4619
57760,15,Nezahualcoyotl,Ampliacion General Jose Vicente Villada Super 43,Colonia,,15058,4620
57800,15,Nezahualcoyotl,Esperanza,Colonia,,15058,4621
57809,15,Nezahualcoyotl,Rey Nezahualcoyotl,Fraccionamiento,,15058,4622
57810,15,Nezahualcoyotl,Izcalli Nezahualcoyotl,Colonia,,15058,4623
57819,15,Nezahualcoyotl,Parque Industrial Nezahualcoyotl,Fraccionamiento,,15058,4629
57820,15,Nezahualcoyotl,La Perla,Colonia,,15058,4631
57830,15,Nezahualcoyotl,Ampliacion La Perla Reforma,Colonia,,15058,4632
57840,15,Nezahualcoyotl,Reforma,Colonia,,15058,4634
57849,15,Nezahualcoyotl,Reforma A Seccion 1,Colonia,,15058,4636
57900,15,Nezahualcoyotl,Las Aguilas,Colonia,,15058,4640
57910,15,Nezahualcoyotl,Constitucion De 1857,Colonia,,15058,4641
57920,15,Nezahualcoyotl,Santa Martha,Colonia,,15058,4642
57930,15,Nezahualcoyotl,Manantiales,Colonia,,15058,4643
57940,15,Nezahualcoyotl,Loma Bonita,Colonia,,15058,4645
57950,15,Nezahualcoyotl,Ampliacion Las Aguilas,Colonia,,15058,4646
01000,9,Alvaro Obregon,San Angel,Colonia,,9010,1
01010,9,Alvaro Obregon,Los Alpes,Colonia,,9010,5
01020,9,Alvaro Obregon,Guadalupe Inn,Colonia,,9010,6
01030,9,Alvaro Obregon,Axotla,Pueblo,,9010,9
01030,9,Alvaro Obregon,Florida,Colonia,,9010,10
01040,9,Alvaro Obregon,Campestre,Colonia,,9010,12
01049,9,Alvaro Obregon,Tlacopac,Pueblo,,9010,14
01050,9,Alvaro Obregon,Ex-Hacienda De Guadalupe Chimalistac,Colonia,,9010,16
01060,9,Alvaro Obregon,Altavista,Colonia,,9010,17
01060,9,Alvaro Obregon,San Angel Inn,Colonia,,9010,18
01070,9,Alvaro Obregon,Chimalistac,Colonia,,9010,19
01080,9,Alvaro Obregon,Progreso Tizapan,Colonia,,9010,22
01089,9,Alvaro Obregon,Ermita Tizapan,Colonia,,9010,24
01090,9,Alvaro Obregon,La Otra Banda,Barrio,,9010,25
01090,9,Alvaro Obregon,Loreto,Barrio,,9010,26
01090,9,Alvaro Obregon,Tizapan,Pueblo,,9010,28
01100,9,Alvaro Obregon,Polvora,Colonia,,9010,31
01109,9,Alvaro Obregon,La Conchita,Colonia,,9010,33
01110,9,Alvaro Obregon,Belem De Las Flores,Colonia,,9010,34
01110,9,Alvaro Obregon,El Capulin,Colonia,,9010,36
01110,9,Alvaro Obregon,Ampliacion El Capulin,Colonia,,9010,37
01110,9,Alvaro Obregon,Liberales De 1857,Colonia,,9010,39
01120,9,Alvaro Obregon,Acueducto,Colonia,,9010,42
01120,9,Alvaro Obregon,Cove,Colonia,,9010,44
01120,9,Alvaro Obregon,Hidalgo,Colonia,,9010,46
01120,9,Alvaro Obregon,Las Americas,Colonia,,9010,47
01125,9,Alvaro Obregon,Ampliacion Acueducto,Colonia,,9010,43
01130,9,Alvaro Obregon,Paraiso,Colonia,,9010,52
01130,9,Alvaro Obregon,Molino De Santo Domingo,Colonia,,9010,53
01130,9,Alvaro Obregon,Real Del Monte,Colonia,,9010,56
01139,9,Alvaro Obregon,Reacomodo Pino Suarez,Colonia,,9010,58
01140,9,Alvaro Obregon,Bellavista,Colonia,,9010,59
01140,9,Alvaro Obregon,Jose Maria Pino Suarez,Colonia,,9010,60
01150,9,Alvaro Obregon,Cristo Rey,Colonia,,9010,63
01150,9,Alvaro Obregon,Tolteca,Colonia,,9010,64
01160,9,Alvaro Obregon,Bosque,Colonia,,9010,66
01160,9,Alvaro Obregon,Isidro Fabela,Colonia,,9010,67
01160,9,Alvaro Obregon,Maria G. De Garcia Ruiz,Colonia,,9010,68
01160,9,Alvaro Obregon,1A Victoria,Colonia,,9010,69
01170,9,Alvaro Obregon,Abraham M. Gonzalez,Colonia,,9010,74
01180,9,Alvaro Obregon,Carola,Colonia,,9010,76
01180,9,Alvaro Obregon,8 De Agosto,Colonia,,9010,77
01180,9,Alvaro Obregon,San Pedro De Los Pinos,Colonia,,9010,78
01200,9,Alvaro Obregon,Arturo Martinez,Colonia,,9010,79
01210,9,Alvaro Obregon,Santa Fe,Pueblo,,9010,82
01219,9,Alvaro Obregon,Lomas De Santa Fe,Colonia,,9010,84
01220,9,Alvaro Obregon,La Estrella,Colonia,,9010,2681
01220,9,Alvaro Obregon,Bonanza,Colonia,,9010,85
01220,9,Alvaro Obregon,Cuevitas,Colonia,,9010,86
01220,9,Alvaro Obregon,El Cuernito,Colonia,,9010,87
01220,9,Alvaro Obregon,Martires De Tacubaya,Colonia,,9010,89
01220,9,Alvaro Obregon,Zenon Delgado,Colonia,,9010,90
01230,9,Alvaro Obregon,Campo De Tiro Los Gamitos,Colonia,,9010,92
01230,9,Alvaro Obregon,Los Gamitos,Colonia,,9010,97
01230,9,Alvaro Obregon,Tlapechico,Colonia,,9010,98
01230,9,Alvaro Obregon,El Piru Santa Fe,Colonia,,9010,132
01230,9,Alvaro Obregon,El Piru 2A Ampliacion,Colonia,,9010,224
01239,9,Alvaro Obregon,La Huerta,Colonia,,9010,102
01240,9,Alvaro Obregon,Pueblo Nuevo,Colonia,,9010,103
01250,9,Alvaro Obregon,El Arbol,Colonia,,9010,104
01250,9,Alvaro Obregon,Ladera,Colonia,,9010,105
01250,9,Alvaro Obregon,Lomas De Nuevo Mexico,Colonia,,9010,106
01250,9,Alvaro Obregon,Margarita Maza De Juarez,Colonia,,9010,107
01250,9,Alvaro Obregon,Tecolalco,Colonia,,9010,108
01259,9,Alvaro Obregon,Ampliacion La Cebada,Colonia,,9010,109
01259,9,Alvaro Obregon,La Mexicana 2A Ampliacion,Colonia,,9010,2845
01260,9,Alvaro Obregon,Calzada Jalalpa,Colonia,,9010,110
01260,9,Alvaro Obregon,La Mexicana,Colonia,,9010,112
01260,9,Alvaro Obregon,Ampliacion La Mexicana,Colonia,,9010,113
01260,9,Alvaro Obregon,La Palmita,Colonia,,9010,114
01260,9,Alvaro Obregon,Liberacion Proletaria,Colonia,,9010,115
01269,9,Alvaro Obregon,1A Seccion Canada,Colonia,,9010,117
01269,9,Alvaro Obregon,2A Seccion Canada,Colonia,,9010,118
01270,9,Alvaro Obregon,El Tejocote,Colonia,,9010,120
01270,9,Alvaro Obregon,La Presa,Colonia,,9010,121
01270,9,Alvaro Obregon,Golondrinas,Colonia,,9010,123
01270,9,Alvaro Obregon,Golondrinas 1A Seccion,Colonia,,9010,124
01270,9,Alvaro Obregon,Golondrinas 2A Seccion,Colonia,,9010,125
01270,9,Alvaro Obregon,Lomas De Capula,Colonia,,9010,127
01275,9,Alvaro Obregon,Villa Solidaridad,Colonia,,9010,131
01276,9,Alvaro Obregon,El Pirul,Colonia,,9010,93
01278,9,Alvaro Obregon,Desarrollo Urbano,Colonia,,9010,133
01279,9,Alvaro Obregon,Lomas De Becerra,Colonia,,9010,136
01280,9,Alvaro Obregon,Arvide,Colonia,,9010,138
01280,9,Alvaro Obregon,El Pocito,Colonia,,9010,139
01280,9,Alvaro Obregon,Francisco Villa,Colonia,,9010,140
01280,9,Alvaro Obregon,La Joya,Colonia,,9010,141
01285,9,Alvaro Obregon,El Rodeo,Colonia,,9010,144
01289,9,Alvaro Obregon,Reacomodo El Cuernito,Colonia,,9010,146
01290,9,Alvaro Obregon,Piloto Adolfo Lopez Mateos,Colonia,,9010,147
01290,9,Alvaro Obregon,Presidentes,Colonia,,9010,148
01296,9,Alvaro Obregon,Jalalpa Tepito 2A Ampliacion,Colonia,,9010,152
01296,9,Alvaro Obregon,Ampliacion Jalalpa,Colonia,,9010,153
01296,9,Alvaro Obregon,Jalalpa Tepito,Colonia,,9010,154
01298,9,Alvaro Obregon,Ampliacion Piloto Adolfo Lopez Mateos,Colonia,,9010,156
01299,9,Alvaro Obregon,1A Ampliacion Presidentes,Colonia,,9010,160
01299,9,Alvaro Obregon,2A Ampliacion Presidentes,Colonia,,9010,161
01310,9,Alvaro Obregon,San Gabriel,Colonia,,9010,163
01320,9,Alvaro Obregon,Carlos A. Madrazo,Colonia,,9010,164
01330,9,Alvaro Obregon,Paseo De Las Lomas,Colonia,,9010,168
01340,9,Alvaro Obregon,Bejero Del Pueblo Santa Fe,Colonia,,9010,170
01376,9,Alvaro Obregon,Santa Fe,Colonia,,9010,171
01376,9,Alvaro Obregon,Santa Fe Pena Blanca,Colonia,,9010,2682
01376,9,Alvaro Obregon,Santa Fe La Loma,Colonia,,9010,2683
01376,9,Alvaro Obregon,Santa Fe Centro Ciudad,Colonia,,9010,2864
01377,9,Alvaro Obregon,Jalalpa El Grande,Colonia,,9010,172
01389,9,Alvaro Obregon,Santa Fe Tlayapaca,Colonia,,9010,176
01400,9,Alvaro Obregon,Olivar Del Conde 1A Seccion,Colonia,,9010,181
01400,9,Alvaro Obregon,Preconcreto,Colonia,,9010,184
01407,9,Alvaro Obregon,Galeana,Colonia,,9010,187
01408,9,Alvaro Obregon,Olivar Del Conde 2A Seccion,Colonia,,9010,188
01410,9,Alvaro Obregon,Barrio Norte,Colonia,,9010,193
01410,9,Alvaro Obregon,Palmas,Colonia,,9010,194
01419,9,Alvaro Obregon,Minas Cristo Rey,Colonia,,9010,195
01420,9,Alvaro Obregon,Sacramento,Colonia,,9010,196
01420,9,Alvaro Obregon,Santa Maria Nonoalco,Barrio,,9010,197
01430,9,Alvaro Obregon,Colina Del Sur,Colonia,,9010,198
01450,9,Alvaro Obregon,Hogar Y Redencion,Colonia,,9010,202
01460,9,Alvaro Obregon,Alfonso Xiii,Colonia,,9010,204
01470,9,Alvaro Obregon,Alfalfar,Barrio,,9010,206
01470,9,Alvaro Obregon,Molino De Rosas,Colonia,,9010,207
01480,9,Alvaro Obregon,Lomas De Plateros,Colonia,,9010,209
01490,9,Alvaro Obregon,La Cascada,Colonia,,9010,211
01500,9,Alvaro Obregon,Santa Lucia,Pueblo,,9010,213
01500,9,Alvaro Obregon,Miguel Gaona Armenta,Colonia,,9010,2704
01509,9,Alvaro Obregon,Santa Lucia Chantepec,Pueblo,,9010,221
01510,9,Alvaro Obregon,Garcimarrero,Colonia,,9010,222
01510,9,Alvaro Obregon,La Arana,Colonia,,9010,223
01510,9,Alvaro Obregon,Los Cedros,Colonia,,9010,2636
01520,9,Alvaro Obregon,Ampliacion Los Pirules,Colonia,,9010,94
01520,9,Alvaro Obregon,Estado De Hidalgo,Colonia,,9010,225
01520,9,Alvaro Obregon,Ampliacion Estado De Hidalgo,Colonia,,9010,226
01520,9,Alvaro Obregon,Piru Santa Lucia,Colonia,,9010,227
01520,9,Alvaro Obregon,El Politoco,Colonia,,9010,2841
01530,9,Alvaro Obregon,Corpus Christy,Colonia,,9010,229
01538,9,Alvaro Obregon,Tepopotla,Colonia,,9010,232
01539,9,Alvaro Obregon,Acuilotla,Colonia,,9010,233
01539,9,Alvaro Obregon,Cooperativa Union Olivos,Colonia,,9010,2643
01540,9,Alvaro Obregon,Balcones De Cehuayo,Colonia,,9010,238
01540,9,Alvaro Obregon,Cehuaya,Colonia,,9010,239
01540,9,Alvaro Obregon,Llano Redondo,Colonia,,9010,240
01540,9,Alvaro Obregon,Punta De Cehuaya,Colonia,,9010,241
01548,9,Alvaro Obregon,Villa Progresista,Colonia,,9010,2638
01549,9,Alvaro Obregon,Dos Rios Del Pueblo Santa Lucia,Colonia,,9010,243
01550,9,Alvaro Obregon,Tepeaca,Colonia,,9010,245
01550,9,Alvaro Obregon,Ampliacion Tepeaca,Colonia,,9010,246
01550,9,Alvaro Obregon,Rinconada Las Cuevitas,Colonia,,9010,2849
01560,9,Alvaro Obregon,Ave Real,Colonia,,9010,248
01560,9,Alvaro Obregon,Canutillo,Colonia,,9010,249
01560,9,Alvaro Obregon,Canutillo 3A Seccion,Colonia,,9010,250
01560,9,Alvaro Obregon,Canutillo 2A Seccion,Colonia,,9010,251
01566,9,Alvaro Obregon,Hueytlale,Colonia,,9010,2747
01569,9,Alvaro Obregon,Reacomodo Valentin Gomez Farias,Colonia,,9010,255
01588,9,Alvaro Obregon,Tarango,Colonia,,9010,259
01590,9,Alvaro Obregon,El Rincon,Colonia,,9010,261
01600,9,Alvaro Obregon,Merced Gomez,Colonia,,9010,263
01610,9,Alvaro Obregon,Colinas De Tarango,Colonia,,9010,265
01610,9,Alvaro Obregon,Profesor J. Arturo Lopez Martinez,Colonia,,9010,2639
01618,9,Alvaro Obregon,Arcos Centenario,Colonia,,9010,267
01618,9,Alvaro Obregon,Ex-Hacienda De Tarango,Colonia,,9010,2745
01619,9,Alvaro Obregon,Rinconada De Tarango,Colonia,,9010,269
01619,9,Alvaro Obregon,La Martinica,Colonia,,9010,268
01620,9,Alvaro Obregon,Lomas De Tarango,Colonia,,9010,270
01630,9,Alvaro Obregon,Lomas De Puerta Grande,Colonia,,9010,271
01630,9,Alvaro Obregon,Puerta Grande,Colonia,,9010,273
01630,9,Alvaro Obregon,Los Juristas,Colonia,,9010,2640
01640,9,Alvaro Obregon,Heron Proal,Colonia,,9010,275
01645,9,Alvaro Obregon,Ponciano Arriaga,Colonia,,9010,276
01650,9,Alvaro Obregon,La Milagrosa,Colonia,,9010,277
01650,9,Alvaro Obregon,Palmas Axotitla,Colonia,,9010,278
01650,9,Alvaro Obregon,Tlacuitlapa,Colonia,,9010,279
01650,9,Alvaro Obregon,Ampliacion Tlacuitlapa,Colonia,,9010,280
01650,9,Alvaro Obregon,2O Reacomodo Tlacuitlapa,Colonia,,9010,281
01650,9,Alvaro Obregon,El Ruedo,Colonia,,9010,2844
01650,9,Alvaro Obregon,Santa Lucia Chantepec,Colonia,,9010,2848
01700,9,Alvaro Obregon,La Joyita Del Pueblo Tetelpan,Colonia,,9010,282
01700,9,Alvaro Obregon,Ocotillos Del Pueblo Tetelpan,Colonia,,9010,283
01700,9,Alvaro Obregon,San Agustin Del Pueblo Tetelpan,Colonia,,9010,284
01700,9,Alvaro Obregon,2A Del Moral Del Pueblo Tetelpan,Colonia,,9010,285
01700,9,Alvaro Obregon,Tecalcapa Del Pueblo Tetelpan,Colonia,,9010,286
01700,9,Alvaro Obregon,Tetelpan,Pueblo,,9010,287
01708,9,Alvaro Obregon,El Encino Del Pueblo Tetelpan,Colonia,,9010,291
01708,9,Alvaro Obregon,El Mirador Del Pueblo Tetelpan,Colonia,,9010,292
01710,9,Alvaro Obregon,Las Aguilas,Colonia,,9010,294
01710,9,Alvaro Obregon,Ampliacion Alpes,Colonia,,9010,295
01720,9,Alvaro Obregon,Lomas De Guadalupe,Colonia,,9010,297
01729,9,Alvaro Obregon,Alcantarilla,Colonia,,9010,298
01730,9,Alvaro Obregon,Lomas De Las Aguilas,Colonia,,9010,299
01730,9,Alvaro Obregon,Puente Colorado,Colonia,,9010,300
01740,9,Alvaro Obregon,La Penita Del Pueblo Tetelpan,Colonia,,9010,303
01740,9,Alvaro Obregon,San Clemente Norte,Colonia,,9010,304
01740,9,Alvaro Obregon,San Clemente Sur,Colonia,,9010,2842
01750,9,Alvaro Obregon,Las Aguilas 1A Seccion,Colonia,,9010,305
01750,9,Alvaro Obregon,Las Aguilas 2O Parque,Colonia,,9010,306
01750,9,Alvaro Obregon,Las Aguilas 3Er. Parque,Colonia,,9010,307
01759,9,Alvaro Obregon,Ampliacion Las Aguilas,Colonia,,9010,308
01760,9,Alvaro Obregon,Atlamaya,Colonia,,9010,309
01760,9,Alvaro Obregon,Flor De Maria,Colonia,,9010,310
01760,9,Alvaro Obregon,La Herradura Del Pueblo Tetelpan,Colonia,,9010,311
01770,9,Alvaro Obregon,La Angostura,Colonia,,9010,315
01770,9,Alvaro Obregon,San Jose Del Olivar,Colonia,,9010,316
01780,9,Alvaro Obregon,Olivar De Los Padres,Colonia,,9010,318
01780,9,Alvaro Obregon,Tizampampano Del Pueblo Tetelpan,Colonia,,9010,319
01789,9,Alvaro Obregon,Miguel Hidalgo,Colonia,,9010,323
01790,9,Alvaro Obregon,Lomas De Los Angeles Del Pueblo Tetelpan,Colonia,,9010,324
01790,9,Alvaro Obregon,Lomas De San Angel Inn,Colonia,,9010,325
01800,9,Alvaro Obregon,San Bartolo Ameyalco,Pueblo,,9010,327
01807,9,Alvaro Obregon,Rancho San Francisco Pueblo San Bartolo Ameyalco,Colonia,,9010,328
01810,9,Alvaro Obregon,Villa Verdun,Colonia,,9010,330
01820,9,Alvaro Obregon,Lomas Axomiatla,Colonia,,9010,332
01820,9,Alvaro Obregon,Ejido San Mateo,Colonia,,9010,2843
01830,9,Alvaro Obregon,Santa Rosa Xochiac,Pueblo,,9010,333
01840,9,Alvaro Obregon,Torres De Potrero,Colonia,,9010,334
01849,9,Alvaro Obregon,Rincon De La Bolsa,Colonia,,9010,337
01849,9,Alvaro Obregon,Rancho Del Carmen Del Pueblo San Bartolo Ameyalco,Colonia,,9010,2847
01857,9,Alvaro Obregon,Lomas De Chamontoya,Colonia,,9010,341
01859,9,Alvaro Obregon,Tlacoyaque,Colonia,,9010,343
01860,9,Alvaro Obregon,Lomas De La Era,Colonia,,9010,344
01863,9,Alvaro Obregon,Lomas Del Capulin,Colonia,,9010,3
01870,9,Alvaro Obregon,Lomas De Los Cedros,Colonia,,9010,345
01900,9,Alvaro Obregon,Jardines Del Pedregal,Colonia,,9010,347
01904,9,Alvaro Obregon,San Jeronimo Aculco,Colonia,,9010,2846
02000,9,Azcapotzalco,Centro De Azcapotzalco,Colonia,,9002,353
02010,9,Azcapotzalco,Los Reyes,Barrio,,9002,356
02010,9,Azcapotzalco,San Rafael,Colonia,,9002,357
02010,9,Azcapotzalco,Nuevo Barrio San Rafael,Barrio,,9002,358
02020,9,Azcapotzalco,San Marcos,Barrio,,9002,360
02020,9,Azcapotzalco,Santo Tomas,Colonia,,9002,361
02040,9,Azcapotzalco,Del Maestro,Colonia,,9002,362
02040,9,Azcapotzalco,San Sebastian,Colonia,,9002,363
02050,9,Azcapotzalco,Libertad,Colonia,,9002,364
02050,9,Azcapotzalco,Santa Maria Malinalco,Pueblo,,9002,365
02060,9,Azcapotzalco,Sindicato Mexicano De Electricistas,Colonia,,9002,368
02060,9,Azcapotzalco,Un Hogar Para Cada Trabajador,Colonia,,9002,369
02070,9,Azcapotzalco,Del Recreo,Colonia,,9002,371
02070,9,Azcapotzalco,Nextengo,Barrio,,9002,372
02080,9,Azcapotzalco,Claveria,Colonia,,9002,374
02080,9,Azcapotzalco,Sector Naval,Colonia,,9002,376
02090,9,Azcapotzalco,San Alvaro,Colonia,,9002,377
02099,9,Azcapotzalco,Angel Zimbron,Colonia,,9002,378
02100,9,Azcapotzalco,El Rosario,Colonia,,9002,379
02120,9,Azcapotzalco,San Martin Xochinahuac,Pueblo,,9002,385
02128,9,Azcapotzalco,Nueva El Rosario,Colonia,,9002,389
02129,9,Azcapotzalco,Nueva Espana,Colonia,,9002,390
02130,9,Azcapotzalco,Tierra Nueva,Colonia,,9002,391
02140,9,Azcapotzalco,Santa Ines,Colonia,,9002,392
02150,9,Azcapotzalco,Pasteros,Colonia,,9002,393
02160,9,Azcapotzalco,Santo Domingo,Pueblo,,9002,394
02200,9,Azcapotzalco,Reynosa Tamaulipas,Colonia,,9002,396
02230,9,Azcapotzalco,Santa Barbara,Pueblo,,9002,397
02240,9,Azcapotzalco,San Andres,Barrio,,9002,398
02250,9,Azcapotzalco,Santa Catarina,Pueblo,,9002,400
02300,9,Azcapotzalco,Industrial Vallejo,Colonia,,9002,402
02310,9,Azcapotzalco,Ferreria,Colonia,,9002,404
02320,9,Azcapotzalco,San Andres De Las Salinas,Pueblo,,9002,405
02330,9,Azcapotzalco,Huautla De Las Salinas,Barrio,,9002,406
02340,9,Azcapotzalco,Santa Cruz De Las Salinas,Colonia,,9002,407
02360,9,Azcapotzalco,Las Salinas,Colonia,,9002,409
02400,9,Azcapotzalco,San Juan Tlihuaca,Pueblo,,9002,410
02410,9,Azcapotzalco,Prados Del Rosario,Colonia,,9002,412
02420,9,Azcapotzalco,Ex-Hacienda El Rosario,Colonia,,9002,415
02440,9,Azcapotzalco,Providencia,Colonia,,9002,418
02459,9,Azcapotzalco,Tezozomoc,Colonia,,9002,421
02460,9,Azcapotzalco,La Preciosa,Colonia,,9002,422
02470,9,Azcapotzalco,Ampliacion Petrolera,Colonia,,9002,423
02480,9,Azcapotzalco,Petrolera,Colonia,,9002,425
02490,9,Azcapotzalco,San Mateo,Barrio,,9002,427
02500,9,Azcapotzalco,Unidad Cuitlahuac,Colonia,,9002,428
02519,9,Azcapotzalco,El Jaguey,Colonia,,9002,430
02520,9,Azcapotzalco,Estacion Pantaco,Equipamiento,,9002,431
02530,9,Azcapotzalco,Jardin Azpeitia,Colonia,,9002,439
02600,9,Azcapotzalco,Pro-Hogar,Colonia,,9002,441
02630,9,Azcapotzalco,Coltongo,Barrio,,9002,443
02640,9,Azcapotzalco,Monte Alto,Colonia,,9002,444
02650,9,Azcapotzalco,Trabajadores De Hierro,Colonia,,9002,445
02660,9,Azcapotzalco,Euzkadi,Colonia,,9002,446
02670,9,Azcapotzalco,Cosmopolita,Colonia,,9002,447
02680,9,Azcapotzalco,Potrero Del Llano,Colonia,,9002,448
02700,9,Azcapotzalco,San Miguel Amantla,Pueblo,,9002,449
02710,9,Azcapotzalco,San Pedro Xalpa,Pueblo,,9002,451
02719,9,Azcapotzalco,Ampliacion San Pedro Xalpa,Colonia,,9002,454
02720,9,Azcapotzalco,San Antonio,Colonia,,9002,456
02720,9,Azcapotzalco,San Bartolo Cahualtongo,Pueblo,,9002,457
02730,9,Azcapotzalco,San Francisco Tetecala,Pueblo,,9002,459
02750,9,Azcapotzalco,Santiago Ahuizotla,Pueblo,,9002,461
02760,9,Azcapotzalco,Industrial San Antonio,Colonia,,9002,462
02760,9,Azcapotzalco,Santa Lucia,Barrio,,9002,463
02770,9,Azcapotzalco,Santa Cruz Acayucan,Pueblo,,9002,464
02780,9,Azcapotzalco,Plenitud,Colonia,,9002,465
02790,9,Azcapotzalco,Santa Apolonia,Barrio,,9002,466
02800,9,Azcapotzalco,Nueva Santa Maria,Colonia,,9002,467
02810,9,Azcapotzalco,Ignacio Allende,Colonia,,9002,469
02810,9,Azcapotzalco,Victoria De Las Democracias,Colonia,,9002,470
02830,9,Azcapotzalco,San Bernabe,Barrio,,9002,473
02840,9,Azcapotzalco,Obrero Popular,Colonia,,9002,474
02860,9,Azcapotzalco,Tlatilco,Colonia,,9002,476
02870,9,Azcapotzalco,San Salvador Xochimanca,Colonia,,9002,477
02900,9,Azcapotzalco,Aguilera,Colonia,,9002,478
02910,9,Azcapotzalco,Aldana,Colonia,,9002,479
02920,9,Azcapotzalco,Ampliacion Cosmopolita,Colonia,,9002,480
02930,9,Azcapotzalco,Liberacion,Colonia,,9002,481
02940,9,Azcapotzalco,Porvenir,Colonia,,9002,482
02950,9,Azcapotzalco,Del Gas,Colonia,,9002,483
02960,9,Azcapotzalco,San Francisco Xocotitla,Pueblo,,9002,484
02970,9,Azcapotzalco,Ampliacion Del Gas,Colonia,,9002,485
02980,9,Azcapotzalco,Arenal,Colonia,,9002,486
02980,9,Azcapotzalco,Patrimonio Familiar,Colonia,,9002,487
02990,9,Azcapotzalco,La Raza,Colonia,,9002,488
03000,9,Benito Juarez,Piedad Narvarte,Colonia,,9014,489
03010,9,Benito Juarez,Atenor Salas,Colonia,,9014,491
03020,9,Benito Juarez,Narvarte Poniente,Colonia,,9014,493
03023,9,Benito Juarez,Narvarte Oriente,Colonia,,9014,2623
03100,9,Benito Juarez,Del Valle Centro,Colonia,,9014,496
03100,9,Benito Juarez,Insurgentes San Borja,Colonia,,9014,2624
03103,9,Benito Juarez,Del Valle Norte,Colonia,,9014,2621
03104,9,Benito Juarez,Del Valle Sur,Colonia,,9014,2622
03200,9,Benito Juarez,Tlacoquemecatl,Colonia,,9014,501
03230,9,Benito Juarez,Actipan,Colonia,,9014,505
03240,9,Benito Juarez,Acacias,Colonia,,9014,506
03300,9,Benito Juarez,Portales Sur,Colonia,,9014,507
03303,9,Benito Juarez,Portales Norte,Colonia,,9014,2625
03310,9,Benito Juarez,Santa Cruz Atoyac,Colonia,,9014,509
03320,9,Benito Juarez,Residencial Emperadores,Colonia,,9014,512
03330,9,Benito Juarez,Xoco,Colonia,,9014,513
03340,9,Benito Juarez,General Pedro Maria Anaya,Colonia,,9014,515
03400,9,Benito Juarez,Alamos,Colonia,,9014,516
03410,9,Benito Juarez,Postal,Colonia,,9014,518
03420,9,Benito Juarez,Miguel Aleman,Colonia,,9014,519
03430,9,Benito Juarez,Josefa Ortiz De Dominguez,Colonia,,9014,521
03440,9,Benito Juarez,Ninos Heroes,Colonia,,9014,522
03500,9,Benito Juarez,Nativitas,Colonia,,9014,523
03510,9,Benito Juarez,Moderna,Colonia,,9014,525
03520,9,Benito Juarez,Iztaccihuatl,Colonia,,9014,526
03530,9,Benito Juarez,Villa De Cortes,Colonia,,9014,527
03540,9,Benito Juarez,Del Carmen,Colonia,,9014,528
03550,9,Benito Juarez,Zacahuitzco,Colonia,,9014,529
03560,9,Benito Juarez,Albert,Colonia,,9014,530
03570,9,Benito Juarez,Portales Oriente,Colonia,,9014,531
03580,9,Benito Juarez,Miravalle,Colonia,,9014,532
03590,9,Benito Juarez,Ermita,Colonia,,9014,533
03600,9,Benito Juarez,Vertiz Narvarte,Colonia,,9014,534
03610,9,Benito Juarez,Americas Unidas,Colonia,,9014,535
03620,9,Benito Juarez,Periodista,Colonia,,9014,536
03630,9,Benito Juarez,Independencia,Colonia,,9014,537
03640,9,Benito Juarez,Del Lago,Colonia,,9014,538
03650,9,Benito Juarez,Letran Valle,Colonia,,9014,539
03660,9,Benito Juarez,San Simon Ticumac,Colonia,,9014,540
03700,9,Benito Juarez,Santa Maria Nonoalco,Colonia,,9014,541
03710,9,Benito Juarez,Ciudad De Los Deportes,Colonia,,9014,542
03720,9,Benito Juarez,Nochebuena,Colonia,,9014,543
03730,9,Benito Juarez,San Juan,Colonia,,9014,544
03740,9,Benito Juarez,Extremadura Insurgentes,Colonia,,9014,545
03800,9,Benito Juarez,San Pedro De Los Pinos,Colonia,,9014,546
03810,9,Benito Juarez,Napoles,Colonia,,9014,548
03820,9,Benito Juarez,8 De Agosto,Colonia,,9014,552
03840,9,Benito Juarez,Ampliacion Napoles,Colonia,,9014,554
03900,9,Benito Juarez,San Jose Insurgentes,Colonia,,9014,556
03910,9,Benito Juarez,Mixcoac,Colonia,,9014,558
03920,9,Benito Juarez,Insurgentes Mixcoac,Colonia,,9014,559
03930,9,Benito Juarez,Merced Gomez,Colonia,,9014,561
03940,9,Benito Juarez,Credito Constructor,Colonia,,9014,562
04000,9,Coyoacan,Villa Coyoacan,Colonia,,9003,563
04010,9,Coyoacan,Santa Catarina,Barrio,,9003,566
04020,9,Coyoacan,La Concepcion,Barrio,,9003,567
04030,9,Coyoacan,San Lucas,Barrio,,9003,569
04040,9,Coyoacan,Parque San Andres,Colonia,,9003,570
04100,9,Coyoacan,Del Carmen,Colonia,,9003,571
04120,9,Coyoacan,San Diego Churubusco,Colonia,,9003,577
04120,9,Coyoacan,San Mateo,Colonia,,9003,578
04200,9,Coyoacan,Campestre Churubusco,Colonia,,9003,580
04210,9,Coyoacan,Churubusco Country Club,Colonia,,9003,582
04230,9,Coyoacan,Prado Churubusco,Colonia,,9003,584
04240,9,Coyoacan,Hermosillo,Colonia,,9003,586
04250,9,Coyoacan,Paseos De Taxquena,Colonia,,9003,587
04260,9,Coyoacan,San Francisco Culhuacan Barrio De San Francisco,Barrio,,9003,590
04260,9,Coyoacan,San Francisco Culhuacan Barrio De La Magdalena,Barrio,,9003,2807
04260,9,Coyoacan,San Francisco Culhuacan Barrio De Santa Ana,Barrio,,9003,2808
04260,9,Coyoacan,San Francisco Culhuacan Barrio De San Juan,Barrio,,9003,2831
04300,9,Coyoacan,Ajusco,Colonia,,9003,596
04310,9,Coyoacan,Romero De Terreros,Colonia,,9003,601
04318,9,Coyoacan,Oxtopulco Universidad,Barrio,,9003,603
04320,9,Coyoacan,Cuadrante De San Francisco,Colonia,,9003,606
04320,9,Coyoacan,Pedregal De San Francisco,Colonia,,9003,608
04330,9,Coyoacan,El Rosedal,Colonia,,9003,612
04330,9,Coyoacan,Los Reyes,Pueblo,,9003,613
04330,9,Coyoacan,Del Nino Jesus,Barrio,,9003,614
04340,9,Coyoacan,Copilco El Bajo,Colonia,,9003,622
04360,9,Coyoacan,Copilco El Alto,Colonia,,9003,632
04360,9,Coyoacan,Copilco Universidad,Colonia,,9003,633
04369,9,Coyoacan,Pedregal De Santo Domingo,Colonia,,9003,636
04370,9,Coyoacan,Atlantida,Colonia,,9003,637
04370,9,Coyoacan,Ciudad Jardin,Colonia,,9003,638
04380,9,Coyoacan,El Rosario,Colonia,,9003,640
04380,9,Coyoacan,La Candelaria,Pueblo,,9003,641
04390,9,Coyoacan,Huayamilpas,Colonia,,9003,643
04390,9,Coyoacan,Nueva Diaz Ordaz,Colonia,,9003,644
04400,9,Coyoacan,Educacion,Colonia,,9003,645
04410,9,Coyoacan,Petrolera Taxquena,Colonia,,9003,646
04420,9,Coyoacan,Ex-Ejido De San Francisco Culhuacan,Colonia,,9003,649
04440,9,Coyoacan,Culhuacan Ctm Seccion V,Colonia,,9003,651
04440,9,Coyoacan,Culhuacan Ctm Seccion Ii,Colonia,,9003,2810
04440,9,Coyoacan,Culhuacan Ctm Seccion I,Colonia,,9003,2811
04450,9,Coyoacan,El Centinela,Colonia,,9003,652
04460,9,Coyoacan,Avante,Colonia,,9003,653
04470,9,Coyoacan,Presidentes Ejidales 1A Seccion,Colonia,,9003,655
04470,9,Coyoacan,Presidentes Ejidales 2A Seccion,Colonia,,9003,2805
04480,9,Coyoacan,Culhuacan Ctm Seccion Vi,Colonia,,9003,657
04480,9,Coyoacan,Culhuacan Ctm Seccion Iii,Colonia,,9003,2809
04480,9,Coyoacan,Culhuacan Ctm Croc,Colonia,,9003,2812
04480,9,Coyoacan,Culhuacan Ctm Seccion X-A,Colonia,,9003,2815
04489,9,Coyoacan,Culhuacan Ctm Seccion Vii,Colonia,,9003,658
04490,9,Coyoacan,Culhuacan Ctm Seccion Piloto,Colonia,,9003,659
04490,9,Coyoacan,Culhuacan Ctm Canal Nacional,Colonia,,9003,2813
04500,9,Coyoacan,Jardines Del Pedregal De San Angel,Colonia,,9003,660
04510,9,Coyoacan,Universidad Nacional Autonoma De Mexico,Equipamiento,,9003,2793
04519,9,Coyoacan,La Otra Banda,Colonia,,9003,664
04530,9,Coyoacan,Insurgentes Cuicuilco,Colonia,,9003,665
04600,9,Coyoacan,Pedregal De Santa Ursula,Colonia,,9003,669
04610,9,Coyoacan,Xotepingo,Colonia,,9003,670
04620,9,Coyoacan,San Pablo Tepetlapa,Pueblo,,9003,671
04630,9,Coyoacan,Adolfo Ruiz Cortines,Colonia,,9003,672
04640,9,Coyoacan,El Reloj,Colonia,,9003,673
04650,9,Coyoacan,Santa Ursula Coapa,Pueblo,,9003,676
04660,9,Coyoacan,Joyas Del Pedregal,Colonia,,9003,677
04700,9,Coyoacan,Pedregal De Carrasco,Colonia,,9003,678
04710,9,Coyoacan,Olimpica,Colonia,,9003,680
04730,9,Coyoacan,Cantil Del Pedregal,Colonia,,9003,686
04730,9,Coyoacan,Bosques De Tetlameya,Colonia,,9003,687
04739,9,Coyoacan,El Caracol,Colonia,,9003,690
04800,9,Coyoacan,Alianza Popular Revolucionaria,Colonia,,9003,691
04800,9,Coyoacan,Los Cedros,Colonia,,9003,692
04810,9,Coyoacan,Prados De Coyoacan,Colonia,,9003,695
04815,9,Coyoacan,Emiliano Zapata,Colonia,,9003,696
04830,9,Coyoacan,Los Cipreses,Colonia,,9003,697
04840,9,Coyoacan,Ex-Ejido De San Pablo Tepetlapa,Colonia,,9003,2806
04870,9,Coyoacan,Espartaco,Colonia,,9003,706
04890,9,Coyoacan,Jardines De Coyoacan,Colonia,,9003,708
04890,9,Coyoacan,Los Olivos,Colonia,,9003,709
04899,9,Coyoacan,El Parque De Coyoacan,Colonia,,9003,711
04909,9,Coyoacan,Culhuacan Ctm Seccion Viii,Colonia,,9003,714
04909,9,Coyoacan,Culhuacan Ctm Seccion Ix-A,Colonia,,9003,715
04909,9,Coyoacan,Culhuacan Ctm Seccion Ix-B,Colonia,,9003,2814
04910,9,Coyoacan,Carmen Serdan,Colonia,,9003,716
04918,9,Coyoacan,Cafetales,Colonia,,9003,717
04919,9,Coyoacan,Emiliano Zapata Fraccionamiento Popular,Colonia,,9003,718
04920,9,Coyoacan,Los Girasoles,Colonia,,9003,719
04929,9,Coyoacan,Las Campanas,Colonia,,9003,723
04930,9,Coyoacan,Santa Cecilia,Colonia,,9003,724
04938,9,Coyoacan,Campestre Coyoacan,Colonia,,9003,725
04939,9,Coyoacan,Culhuacan Ctm Seccion X,Colonia,,9003,726
04940,9,Coyoacan,Los Sauces,Colonia,,9003,727
04950,9,Coyoacan,El Mirador,Colonia,,9003,728
04960,9,Coyoacan,Villa Quietud,Colonia,,9003,729
04970,9,Coyoacan,Haciendas De Coyoacan,Colonia,,9003,730
04980,9,Coyoacan,Ex-Ejido De Santa Ursula Coapa,Colonia,,9003,674
04980,9,Coyoacan,Ex-Hacienda Coapa,Colonia,,9003,731
04980,9,Coyoacan,Viejo Ejido De Santa Ursula Coapa,Colonia,,9003,2792
05000,9,Cuajimalpa De Morelos,Cuajimalpa,Colonia,,9004,732
05010,9,Cuajimalpa De Morelos,Zentlapatl,Colonia,,9004,735
05020,9,Cuajimalpa De Morelos,Loma Del Padre,Colonia,,9004,736
05030,9,Cuajimalpa De Morelos,San Pedro,Colonia,,9004,737
05030,9,Cuajimalpa De Morelos,La Manzanita,Colonia,,9004,2867
05050,9,Cuajimalpa De Morelos,San Pablo Chimalpa,Pueblo,,9004,740
05100,9,Cuajimalpa De Morelos,Lomas De Vista Hermosa,Colonia,,9004,746
05110,9,Cuajimalpa De Morelos,Cooperativa Palo Alto,Colonia,,9004,748
05118,9,Cuajimalpa De Morelos,Granjas Palo Alto,Colonia,,9004,751
05119,9,Cuajimalpa De Morelos,Campestre Palo Alto,Colonia,,9004,752
05120,9,Cuajimalpa De Morelos,Bosques De Las Lomas,Colonia,,9004,753
05129,9,Cuajimalpa De Morelos,Lomas Del Chamizal,Colonia,,9004,758
05200,9,Cuajimalpa De Morelos,San Jose De Los Cedros,Colonia,,9004,766
05219,9,Cuajimalpa De Morelos,Granjas Navidad,Colonia,,9004,768
05220,9,Cuajimalpa De Morelos,Tepetongo,Colonia,,9004,769
05230,9,Cuajimalpa De Morelos,El Ebano,Colonia,,9004,770
05240,9,Cuajimalpa De Morelos,El Molino,Colonia,,9004,774
05260,9,Cuajimalpa De Morelos,Jesus Del Monte,Colonia,,9004,777
05269,9,Cuajimalpa De Morelos,Amado Nervo,Colonia,,9004,780
05270,9,Cuajimalpa De Morelos,Manzanastitla,Colonia,,9004,782
05280,9,Cuajimalpa De Morelos,Adolfo Lopez Mateos,Colonia,,9004,783
05310,9,Cuajimalpa De Morelos,El Molinito,Colonia,,9004,785
05320,9,Cuajimalpa De Morelos,El Yaqui,Colonia,,9004,786
05330,9,Cuajimalpa De Morelos,Lomas De Memetla,Colonia,,9004,787
05330,9,Cuajimalpa De Morelos,Memetla,Colonia,,9004,788
05330,9,Cuajimalpa De Morelos,Ampliacion Memetla,Colonia,,9004,789
05330,9,Cuajimalpa De Morelos,Ampliacion El Yaqui,Colonia,,9004,2869
05348,9,Cuajimalpa De Morelos,Santa Fe Cuajimalpa,Colonia,,9004,792
05360,9,Cuajimalpa De Morelos,Locaxco,Colonia,,9004,794
05370,9,Cuajimalpa De Morelos,Las Tinajas,Colonia,,9004,797
05379,9,Cuajimalpa De Morelos,Lomas De San Pedro,Colonia,,9004,799
05400,9,Cuajimalpa De Morelos,El Tianguillo,Colonia,,9004,800
05410,9,Cuajimalpa De Morelos,San Lorenzo Acopilco,Pueblo,,9004,801
05410,9,Cuajimalpa De Morelos,1° De Mayo,Colonia,,9004,2866
05500,9,Cuajimalpa De Morelos,Contadero,Colonia,,9004,803
05520,9,Cuajimalpa De Morelos,La Venta,Colonia,,9004,808
05530,9,Cuajimalpa De Morelos,Abdias Garcia Soto,Colonia,,9004,809
05600,9,Cuajimalpa De Morelos,San Mateo Tlaltenango,Pueblo,,9004,810
05610,9,Cuajimalpa De Morelos,Santa Rosa Xochiac,Pueblo,,9004,2868
05700,9,Cuajimalpa De Morelos,Cruz Blanca,Colonia,,9004,819
05710,9,Cuajimalpa De Morelos,Las Maromas,Colonia,,9004,820
05730,9,Cuajimalpa De Morelos,Xalpa,Colonia,,9004,825
05750,9,Cuajimalpa De Morelos,La Pila,Colonia,,9004,827
05760,9,Cuajimalpa De Morelos,Las Lajas,Colonia,,9004,829
05780,9,Cuajimalpa De Morelos,Agua Bendita,Colonia,,9004,833
05790,9,Cuajimalpa De Morelos,Puerto Las Cruces,Colonia,,9004,1
06000,9,Cuauhtemoc,Centro (Area 1),Colonia,,9015,838
06010,9,Cuauhtemoc,Centro (Area 2),Colonia,,9015,847
06020,9,Cuauhtemoc,Centro (Area 3),Colonia,,9015,850
06030,9,Cuauhtemoc,Tabacalera,Colonia,,9015,853
06040,9,Cuauhtemoc,Centro (Area 4),Colonia,,9015,860
06050,9,Cuauhtemoc,Centro (Area 5),Colonia,,9015,863
06060,9,Cuauhtemoc,Centro (Area 6),Colonia,,9015,867
06070,9,Cuauhtemoc,Centro (Area 7),Colonia,,9015,873
06080,9,Cuauhtemoc,Centro (Area 8),Colonia,,9015,875
06090,9,Cuauhtemoc,Centro (Area 9),Colonia,,9015,879
06100,9,Cuauhtemoc,Hipodromo,Colonia,,9015,882
06140,9,Cuauhtemoc,Condesa,Colonia,,9015,884
06170,9,Cuauhtemoc,Hipodromo Condesa,Colonia,,9015,886
06200,9,Cuauhtemoc,Morelos,Colonia,,9015,891
06220,9,Cuauhtemoc,Peralvillo,Colonia,,9015,894
06240,9,Cuauhtemoc,Valle Gomez,Colonia,,9015,895
06250,9,Cuauhtemoc,Ex-Hipodromo De Peralvillo,Colonia,,9015,896
06270,9,Cuauhtemoc,Maza,Colonia,,9015,898
06280,9,Cuauhtemoc,Felipe Pescador,Colonia,,9015,899
06300,9,Cuauhtemoc,Guerrero,Colonia,,9015,900
06350,9,Cuauhtemoc,Buenavista,Colonia,,9015,906
06400,9,Cuauhtemoc,Santa Maria La Ribera,Colonia,,9015,911
06430,9,Cuauhtemoc,Santa Maria Insurgentes,Colonia,,9015,913
06450,9,Cuauhtemoc,Atlampa,Colonia,,9015,914
06470,9,Cuauhtemoc,San Rafael,Colonia,,9015,915
06500,9,Cuauhtemoc,Cuauhtemoc,Colonia,,9015,919
06600,9,Cuauhtemoc,Juarez,Colonia,,9015,930
06700,9,Cuauhtemoc,Roma Norte,Colonia,,9015,947
06720,9,Cuauhtemoc,Doctores,Colonia,,9015,955
06760,9,Cuauhtemoc,Roma Sur,Colonia,,9015,966
06780,9,Cuauhtemoc,Buenos Aires,Colonia,,9015,970
06800,9,Cuauhtemoc,Obrera,Colonia,,9015,974
06820,9,Cuauhtemoc,Transito,Colonia,,9015,978
06840,9,Cuauhtemoc,Esperanza,Colonia,,9015,980
06850,9,Cuauhtemoc,Asturias,Colonia,,9015,981
06860,9,Cuauhtemoc,Vista Alegre,Colonia,,9015,982
06870,9,Cuauhtemoc,Paulino Navarro,Colonia,,9015,983
06880,9,Cuauhtemoc,Algarin,Colonia,,9015,984
06890,9,Cuauhtemoc,Ampliacion Asturias,Colonia,,9015,986
06900,9,Cuauhtemoc,Nonoalco Tlatelolco,Colonia,,9015,988
06920,9,Cuauhtemoc,San Simon Tolnahuac,Colonia,,9015,989
07000,9,Gustavo A. Madero,Aragon La Villa,Colonia,,9005,991
07010,9,Gustavo A. Madero,Rosas Del Tepeyac,Colonia,,9005,994
07010,9,Gustavo A. Madero,Santa Isabel Tola,Colonia,,9005,995
07010,9,Gustavo A. Madero,Tepetates,Colonia,,9005,996
07020,9,Gustavo A. Madero,Tepeyac Insurgentes,Colonia,,9005,997
07040,9,Gustavo A. Madero,Santiago Atzacoalco,Pueblo,,9005,998
07050,9,Gustavo A. Madero,Villa Gustavo A. Madero,Colonia,,9005,1001
07058,9,Gustavo A. Madero,15 De Agosto,Colonia,,9005,1003
07060,9,Gustavo A. Madero,Estanzuela,Colonia,,9005,1005
07069,9,Gustavo A. Madero,Triunfo De La Republica,Colonia,,9005,1006
07070,9,Gustavo A. Madero,La Cruz,Colonia,,9005,1007
07070,9,Gustavo A. Madero,Dinamita,Colonia,,9005,1008
07070,9,Gustavo A. Madero,Martin Carrera,Colonia,,9005,1010
07080,9,Gustavo A. Madero,Gabriel Hernandez,Colonia,,9005,1011
07089,9,Gustavo A. Madero,Ampliacion Gabriel Hernandez,Colonia,,9005,1012
07090,9,Gustavo A. Madero,C.T.M. Atzacoalco,Colonia,,9005,1013
07090,9,Gustavo A. Madero,C.T.M. El Risco,Colonia,,9005,1014
07100,9,Gustavo A. Madero,Cuautepec Barrio Alto,Colonia,,9005,1016
07100,9,Gustavo A. Madero,San Miguel,Colonia,,9005,1017
07109,9,Gustavo A. Madero,San Antonio,Colonia,,9005,1019
07110,9,Gustavo A. Madero,Lomas De Cuautepec,Colonia,,9005,1021
07119,9,Gustavo A. Madero,Malacates,Colonia,,9005,1022
07119,9,Gustavo A. Madero,Ampliacion Malacates,Colonia,,9005,1227
07130,9,Gustavo A. Madero,Compositores Mexicanos,Colonia,,9005,1023
07130,9,Gustavo A. Madero,El Tepetatal,Colonia,,9005,1024
07140,9,Gustavo A. Madero,Arboledas,Colonia,,9005,1026
07140,9,Gustavo A. Madero,Ampliacion Arboledas,Colonia,,9005,1027
07140,9,Gustavo A. Madero,Forestal,Colonia,,9005,1028
07140,9,Gustavo A. Madero,Forestal I,Colonia,,9005,1029
07144,9,Gustavo A. Madero,Forestal Ii,Colonia,,9005,2885
07144,9,Gustavo A. Madero,La Lengueta,Colonia,,9005,2887
07149,9,Gustavo A. Madero,Parque Metropolitano,Colonia,,9005,1031
07150,9,Gustavo A. Madero,Juventino Rosas,Colonia,,9005,1032
07150,9,Gustavo A. Madero,La Casilda,Colonia,,9005,1033
07160,9,Gustavo A. Madero,Loma La Palma,Colonia,,9005,1034
07164,9,Gustavo A. Madero,Luis Donaldo Colosio,Colonia,,9005,2548
07164,9,Gustavo A. Madero,Tlacaelel,Colonia,,9005,2549
07164,9,Gustavo A. Madero,Graciano Sanchez,Colonia,,9005,2717
07164,9,Gustavo A. Madero,Prados De Cuautepec,Colonia,,9005,2718
07170,9,Gustavo A. Madero,Palmatitla,Colonia,,9005,1035
07180,9,Gustavo A. Madero,Cocoyotes,Colonia,,9005,1036
07180,9,Gustavo A. Madero,General Felipe Berriozabal,Colonia,,9005,1037
07180,9,Gustavo A. Madero,Ampliacion Cocoyotes,Colonia,,9005,2687
07183,9,Gustavo A. Madero,6 De Junio,Colonia,,9005,2688
07187,9,Gustavo A. Madero,Vista Hermosa,Colonia,,9005,1038
07188,9,Gustavo A. Madero,Tlalpexco,Colonia,,9005,1039
07189,9,Gustavo A. Madero,Ahuehuetes,Colonia,,9005,1040
07190,9,Gustavo A. Madero,Valle De Madero,Colonia,,9005,1041
07199,9,Gustavo A. Madero,Del Carmen,Colonia,,9005,1042
07200,9,Gustavo A. Madero,Cuautepec De Madero,Colonia,,9005,1043
07207,9,Gustavo A. Madero,Del Bosque,Colonia,,9005,1046
07209,9,Gustavo A. Madero,Guadalupe Victoria Cuautepec,Colonia,,9005,1048
07210,9,Gustavo A. Madero,Chalma De Guadalupe,Colonia,,9005,1049
07214,9,Gustavo A. Madero,Ampliacion Chalma De Guadalupe,Colonia,,9005,2884
07220,9,Gustavo A. Madero,Castillo Chico,Colonia,,9005,1051
07220,9,Gustavo A. Madero,Castillo Grande,Colonia,,9005,1052
07224,9,Gustavo A. Madero,Ampliacion Castillo Grande,Colonia,,9005,2883
07230,9,Gustavo A. Madero,Zona Escolar,Colonia,,9005,1053
07239,9,Gustavo A. Madero,Zona Escolar Oriente,Colonia,,9005,1054
07240,9,Gustavo A. Madero,El Arbolillo,Colonia,,9005,1056
07250,9,Gustavo A. Madero,Benito Juarez,Colonia,,9005,1061
07259,9,Gustavo A. Madero,Ampliacion Benito Juarez,Colonia,,9005,1063
07268,9,Gustavo A. Madero,Solidaridad Nacional,Colonia,,9005,1065
07270,9,Gustavo A. Madero,Residencial Acueducto De Guadalupe,Colonia,,9005,1067
07279,9,Gustavo A. Madero,Acueducto De Guadalupe,Colonia,,9005,1069
07280,9,Gustavo A. Madero,Jorge Negrete,Colonia,,9005,1070
07290,9,Gustavo A. Madero,La Pastora,Colonia,,9005,1071
07300,9,Gustavo A. Madero,Lindavista Norte,Colonia,,9005,1072
07300,9,Gustavo A. Madero,Lindavista Sur,Colonia,,9005,2888
07310,9,Gustavo A. Madero,Candelaria Ticoman,Barrio,,9005,1075
07320,9,Gustavo A. Madero,La Purisima Ticoman,Barrio,,9005,1079
07320,9,Gustavo A. Madero,Residencial La Escalera,Colonia,,9005,1080
07330,9,Gustavo A. Madero,Santa Maria Ticoman,Colonia,,9005,1085
07340,9,Gustavo A. Madero,La Laguna Ticoman,Barrio,,9005,1087
07340,9,Gustavo A. Madero,San Jose Ticoman,Colonia,,9005,1088
07350,9,Gustavo A. Madero,Guadalupe Ticoman,Barrio,,9005,1091
07350,9,Gustavo A. Madero,San Juan Y Guadalupe Ticoman,Barrio,,9005,1092
07359,9,Gustavo A. Madero,San Rafael Ticoman,Barrio,,9005,1093
07360,9,Gustavo A. Madero,San Pedro Zacatenco,Colonia,,9005,1095
07369,9,Gustavo A. Madero,Residencial Zacatenco,Colonia,,9005,1097
07370,9,Gustavo A. Madero,Capultitlan,Colonia,,9005,1098
07380,9,Gustavo A. Madero,Maximino Avila Camacho,Colonia,,9005,1099
07380,9,Gustavo A. Madero,Tlacamaca,Colonia,,9005,1100
07400,9,Gustavo A. Madero,Salvador Diaz Miron,Colonia,,9005,1101
07410,9,Gustavo A. Madero,Juan Gonzalez Romero,Colonia,,9005,1102
07410,9,Gustavo A. Madero,Villa Hermosa,Colonia,,9005,1103
07420,9,Gustavo A. Madero,El Coyol,Colonia,,9005,1105
07420,9,Gustavo A. Madero,Nueva Atzacoalco,Colonia,,9005,1106
07430,9,Gustavo A. Madero,Del Obrero,Colonia,,9005,1108
07440,9,Gustavo A. Madero,Vasco De Quiroga,Colonia,,9005,1109
07450,9,Gustavo A. Madero,Dm Nacional,Colonia,,9005,1110
07455,9,Gustavo A. Madero,Ferrocarrilera,Colonia,,9005,1111
07456,9,Gustavo A. Madero,Li Legislatura,Colonia,,9005,1112
07460,9,Gustavo A. Madero,Granjas Modernas,Colonia,,9005,1117
07469,9,Gustavo A. Madero,Constitucion De La Republica,Colonia,,9005,1118
07470,9,Gustavo A. Madero,Ampliacion San Juan De Aragon,Colonia,,9005,1119
07480,9,Gustavo A. Madero,San Pedro El Chico,Colonia,,9005,1120
07500,9,Gustavo A. Madero,La Pradera,Colonia,,9005,1122
07509,9,Gustavo A. Madero,Pradera Ii Seccion,Colonia,,9005,1125
07510,9,Gustavo A. Madero,San Felipe De Jesus,Colonia,,9005,1126
07520,9,Gustavo A. Madero,25 De Julio,Colonia,,9005,1128
07530,9,Gustavo A. Madero,Campestre Aragon,Colonia,,9005,1129
07540,9,Gustavo A. Madero,La Esmeralda,Colonia,,9005,1131
07550,9,Gustavo A. Madero,Providencia,Colonia,,9005,1135
07560,9,Gustavo A. Madero,Ampliacion Providencia,Colonia,,9005,1136
07570,9,Gustavo A. Madero,Villa De Aragon,Colonia,,9005,1137
07580,9,Gustavo A. Madero,Ampliacion Casas Aleman,Colonia,,9005,1138
07600,9,Gustavo A. Madero,Progreso Nacional,Colonia,,9005,1139
07620,9,Gustavo A. Madero,Santa Rosa,Colonia,,9005,1141
07630,9,Gustavo A. Madero,San Jose De La Escalera,Colonia,,9005,1142
07640,9,Gustavo A. Madero,Santiago Atepetlac,Colonia,,9005,1143
07650,9,Gustavo A. Madero,Ampliacion Progreso Nacional,Colonia,,9005,1144
07670,9,Gustavo A. Madero,Guadalupe Proletaria,Colonia,,9005,1146
07680,9,Gustavo A. Madero,Ampliacion Guadalupe Proletaria,Colonia,,9005,1147
07700,9,Gustavo A. Madero,Nueva Industrial Vallejo,Colonia,,9005,1148
07707,9,Gustavo A. Madero,Siete Maravillas,Colonia,,9005,1149
07708,9,Gustavo A. Madero,Torres Lindavista,Colonia,,9005,1150
07720,9,Gustavo A. Madero,Lindavista Vallejo I Seccion,Colonia,,9005,1153
07730,9,Gustavo A. Madero,Churubusco Tepeyac,Colonia,,9005,1155
07730,9,Gustavo A. Madero,Montevideo,Colonia,,9005,1156
07730,9,Gustavo A. Madero,San Bartolo Atepehuacan,Colonia,,9005,1157
07739,9,Gustavo A. Madero,Planetario Lindavista,Colonia,,9005,1159
07740,9,Gustavo A. Madero,Valle Del Tepeyac,Colonia,,9005,1160
07750,9,Gustavo A. Madero,Nueva Vallejo,Colonia,,9005,1161
07754,9,Gustavo A. Madero,Lindavista Vallejo Iii Seccion,Colonia,,9005,2890
07755,9,Gustavo A. Madero,Lindavista Vallejo Ii Seccion,Colonia,,9005,2889
07760,9,Gustavo A. Madero,Magdalena De Las Salinas,Colonia,,9005,1162
07770,9,Gustavo A. Madero,Panamericana,Colonia,,9005,1163
07770,9,Gustavo A. Madero,Ampliacion Panamericana,Colonia,,9005,1164
07780,9,Gustavo A. Madero,Defensores De La Republica,Colonia,,9005,1166
07780,9,Gustavo A. Madero,Heroe De Nacozari,Colonia,,9005,1167
07790,9,Gustavo A. Madero,Guadalupe Victoria,Colonia,,9005,1168
07790,9,Gustavo A. Madero,Vallejo Poniente,Colonia,,9005,1169
07800,9,Gustavo A. Madero,Industrial,Colonia,,9005,1170
07810,9,Gustavo A. Madero,Estrella,Colonia,,9005,1172
07820,9,Gustavo A. Madero,Aragon Inguaran,Colonia,,9005,1174
07820,9,Gustavo A. Madero,Tres Estrellas,Colonia,,9005,1175
07830,9,Gustavo A. Madero,Gertrudis Sanchez 1A Seccion,Colonia,,9005,1176
07838,9,Gustavo A. Madero,Gertrudis Sanchez 3A Seccion,Colonia,,9005,2886
07839,9,Gustavo A. Madero,Gertrudis Sanchez 2A Seccion,Colonia,,9005,1178
07840,9,Gustavo A. Madero,Guadalupe Tepeyac,Colonia,,9005,1179
07840,9,Gustavo A. Madero,7 De Noviembre,Colonia,,9005,1180
07850,9,Gustavo A. Madero,Bondojito,Colonia,,9005,1181
07850,9,Gustavo A. Madero,Faja De Oro,Colonia,,9005,1182
07858,9,Gustavo A. Madero,Ampliacion Emiliano Zapata,Colonia,,9005,1183
07859,9,Gustavo A. Madero,Ampliacion Martires De Rio Blanco,Colonia,,9005,1184
07860,9,Gustavo A. Madero,La Joyita,Colonia,,9005,1185
07860,9,Gustavo A. Madero,Tablas De San Agustin,Colonia,,9005,1187
07869,9,Gustavo A. Madero,Belisario Dominguez,Colonia,,9005,1188
07870,9,Gustavo A. Madero,Guadalupe Insurgentes,Colonia,,9005,1189
07870,9,Gustavo A. Madero,Vallejo,Colonia,,9005,1190
07880,9,Gustavo A. Madero,Martires De Rio Blanco,Colonia,,9005,1191
07889,9,Gustavo A. Madero,Emiliano Zapata,Colonia,,9005,1192
07890,9,Gustavo A. Madero,Cuchilla La Joya,Colonia,,9005,1193
07890,9,Gustavo A. Madero,La Joya,Colonia,,9005,1194
07890,9,Gustavo A. Madero,Nueva Tenochtitlan,Colonia,,9005,1195
07899,9,Gustavo A. Madero,La Malinche,Colonia,,9005,1196
07900,9,Gustavo A. Madero,Cuchilla Del Tesoro,Colonia,,9005,1197
07910,9,Gustavo A. Madero,San Juan De Aragon Vii Seccion,Colonia,,9005,1199
07918,9,Gustavo A. Madero,San Juan De Aragon Vi Seccion,Colonia,,9005,1200
07919,9,Gustavo A. Madero,Ex Ejido San Juan De Aragon Sector 32,Colonia,,9005,1201
07920,9,Gustavo A. Madero,El Olivo,Colonia,,9005,1202
07920,9,Gustavo A. Madero,San Juan De Aragon,Colonia,,9005,1203
07930,9,Gustavo A. Madero,Indeco,Colonia,,9005,1204
07939,9,Gustavo A. Madero,Heroes De Chapultepec,Colonia,,9005,1205
07940,9,Gustavo A. Madero,Ex Ejido San Juan De Aragon Sector 33,Colonia,,9005,1206
07950,9,Gustavo A. Madero,San Juan De Aragon,Pueblo,,9005,1207
07960,9,Gustavo A. Madero,Heroes De Cerro Prieto,Colonia,,9005,1211
07960,9,Gustavo A. Madero,Ex Escuela De Tiro,Colonia,,9005,1212
07960,9,Gustavo A. Madero,Fernando Casas Aleman,Colonia,,9005,1213
07969,9,Gustavo A. Madero,San Juan De Aragon I Seccion,Colonia,,9005,1215
07969,9,Gustavo A. Madero,San Juan De Aragon Ii Seccion,Colonia,,9005,1216
07970,9,Gustavo A. Madero,San Juan De Aragon Iii Seccion,Colonia,,9005,1217
07979,9,Gustavo A. Madero,San Juan De Aragon Iv Seccion,Colonia,,9005,1218
07979,9,Gustavo A. Madero,San Juan De Aragon V Seccion,Colonia,,9005,1219
07980,9,Gustavo A. Madero,Narciso Bassols,Colonia,,9005,1220
07990,9,Gustavo A. Madero,C.T.M. Aragon,Colonia,,9005,1222
08000,9,Iztacalco,Gabriel Ramos Millan Seccion Bramadero,Colonia,,9006,1233
08010,9,Iztacalco,Ex-Ejido De La Magdalena Mixiuhca,Colonia,,9006,1237
08020,9,Iztacalco,Ampliacion Gabriel Ramos Millan,Colonia,,9006,1238
08030,9,Iztacalco,Gabriel Ramos Millan Seccion Cuchilla,Colonia,,9006,1241
08040,9,Iztacalco,Carlos Zapata Vela,Colonia,,9006,1242
08100,9,Iztacalco,Agricola Pantitlan,Colonia,,9006,1244
08200,9,Iztacalco,Viaducto Piedad,Colonia,,9006,1250
08210,9,Iztacalco,Nueva Santa Anita,Colonia,,9006,1251
08220,9,Iztacalco,San Pedro,Barrio,,9006,1252
08230,9,Iztacalco,San Francisco Xicaltongo,Barrio,,9006,1253
08240,9,Iztacalco,Santiago Norte,Barrio,,9006,1254
08300,9,Iztacalco,Santa Anita,Colonia,,9006,1255
08310,9,Iztacalco,La Cruz,Colonia,,9006,1256
08320,9,Iztacalco,Fraccionamiento Coyuya,Colonia,,9006,1257
08400,9,Iztacalco,Granjas Mexico,Colonia,,9006,1258
08420,9,Iztacalco,Cuchilla Agricola Oriental,Colonia,,9006,1262
08500,9,Iztacalco,Agricola Oriental,Colonia,,9006,1263
08510,9,Iztacalco,El Rodeo,Colonia,,9006,1265
08600,9,Iztacalco,La Asuncion,Barrio,,9006,1269
08610,9,Iztacalco,Zapotla,Barrio,,9006,1270
08620,9,Iztacalco,Los Reyes,Barrio,,9006,1272
08650,9,Iztacalco,San Miguel,Barrio,,9006,1277
08700,9,Iztacalco,Juventino Rosas,Colonia,,9006,1278
08710,9,Iztacalco,Tlazintla,Colonia,,9006,1279
08720,9,Iztacalco,Gabriel Ramos Millan Seccion Tlacotal,Colonia,,9006,1280
08730,9,Iztacalco,Gabriel Ramos Millan,Colonia,,9006,1281
08760,9,Iztacalco,Inpi Picos,Colonia,,9006,1284
08760,9,Iztacalco,Los Picos De Iztacalco Seccion 2A,Colonia,,9006,2795
08760,9,Iztacalco,Los Picos De Iztacalco Seccion 1B,Colonia,,9006,2796
08770,9,Iztacalco,Los Picos De Iztacalco Seccion 1A,Colonia,,9006,1285
08800,9,Iztacalco,Santiago Sur,Barrio,,9006,1286
08810,9,Iztacalco,Reforma Iztaccihuatl Norte,Colonia,,9006,1288
08830,9,Iztacalco,Militar Marte,Colonia,,9006,1291
08840,9,Iztacalco,Reforma Iztaccihuatl Sur,Colonia,,9006,1292
08900,9,Iztacalco,Infonavit Iztacalco,Colonia,,9006,1293
08910,9,Iztacalco,Santa Cruz,Barrio,,9006,1294
08920,9,Iztacalco,Jardines Tecma,Colonia,,9006,1295
08930,9,Iztacalco,Campamento 2 De Octubre,Colonia,,9006,1296
09000,9,Iztapalapa,La Asuncion,Barrio,,9007,1299
09000,9,Iztapalapa,San Ignacio,Barrio,,9007,1300
09000,9,Iztapalapa,San Jose,Barrio,,9007,1301
09000,9,Iztapalapa,San Lucas,Barrio,,9007,1302
09000,9,Iztapalapa,San Pablo,Barrio,,9007,1303
09000,9,Iztapalapa,San Pedro,Barrio,,9007,1304
09000,9,Iztapalapa,Santa Barbara,Barrio,,9007,1305
09010,9,Iztapalapa,Real Del Moral,Colonia,,9007,1308
09020,9,Iztapalapa,Doctor Alfonso Ortiz Tirado,Colonia,,9007,1310
09030,9,Iztapalapa,Paseos De Churubusco,Colonia,,9007,1314
09040,9,Iztapalapa,Central De Abasto,Colonia,,9007,1316
09060,9,Iztapalapa,Escuadron 201,Colonia,,9007,1320
09060,9,Iztapalapa,Sector Popular,Colonia,,9007,1321
09070,9,Iztapalapa,Granjas De San Antonio,Colonia,,9007,1322
09080,9,Iztapalapa,Cacama,Colonia,,9007,1325
09089,9,Iztapalapa,Unidad Modelo,Colonia,,9007,1328
09090,9,Iztapalapa,Heroes De Churubusco,Colonia,,9007,1329
09099,9,Iztapalapa,Mexicaltzingo,Pueblo,,9007,1330
09100,9,Iztapalapa,Juan Escutia,Colonia,,9007,1331
09130,9,Iztapalapa,San Lorenzo Xicotencatl,Pueblo,,9007,1334
09140,9,Iztapalapa,Santa Martha Acatitla Norte,Colonia,,9007,1335
09180,9,Iztapalapa,Ermita Zaragoza,Colonia,,9007,1339
09200,9,Iztapalapa,Unidad Vicente Guerrero,Colonia,,9007,1341
09208,9,Iztapalapa,Chinampac De Juarez,Colonia,,9007,1345
09209,9,Iztapalapa,Renovacion,Colonia,,9007,1352
09210,9,Iztapalapa,Tepalcates,Colonia,,9007,1355
09220,9,Iztapalapa,Unidad Ejercito Constitucionalista,Colonia,,9007,1357
09230,9,Iztapalapa,Alvaro Obregon,Colonia,,9007,1364
09230,9,Iztapalapa,Ejercito De Oriente,Colonia,,9007,1365
09230,9,Iztapalapa,El Paraiso,Colonia,,9007,1368
09230,9,Iztapalapa,Jose Maria Morelos Y Pavon,Colonia,,9007,1369
09239,9,Iztapalapa,Ejercito De Oriente Zona Penon,Colonia,,9007,1370
09240,9,Iztapalapa,Progresista,Colonia,,9007,1371
09250,9,Iztapalapa,La Regadera,Colonia,,9007,1373
09260,9,Iztapalapa,Constitucion De 1917,Colonia,,9007,1375
09270,9,Iztapalapa,Colonial Iztapalapa,Colonia,,9007,1376
09280,9,Iztapalapa,Jacarandas,Colonia,,9007,1377
09290,9,Iztapalapa,Santa Cruz Meyehualco,Colonia,,9007,1378
09300,9,Iztapalapa,Guadalupe Del Moral,Colonia,,9007,1380
09310,9,Iztapalapa,Leyes De Reforma 1A Seccion,Colonia,,9007,1382
09310,9,Iztapalapa,Leyes De Reforma 2A Seccion,Colonia,,9007,1383
09310,9,Iztapalapa,Leyes De Reforma 3A Seccion,Colonia,,9007,2839
09319,9,Iztapalapa,Cuchilla Del Moral,Colonia,,9007,1384
09320,9,Iztapalapa,Sideral,Colonia,,9007,1388
09350,9,Iztapalapa,Albarrada,Colonia,,9007,1392
09359,9,Iztapalapa,Eva Samano De Lopez Mateos,Colonia,,9007,1393
09360,9,Iztapalapa,San Miguel,Barrio,,9007,1398
09360,9,Iztapalapa,Ampliacion San Miguel,Colonia,,9007,1399
09400,9,Iztapalapa,San Juanico Nextipac,Pueblo,,9007,1407
09400,9,Iztapalapa,El Sifon,Colonia,,9007,1408
09410,9,Iztapalapa,Aculco,Pueblo,,9007,1410
09410,9,Iztapalapa,Jardines De Churubusco,Colonia,,9007,1412
09410,9,Iztapalapa,Magdalena Atlazolpa,Pueblo,,9007,1413
09410,9,Iztapalapa,San Jose Aculco,Colonia,,9007,1414
09420,9,Iztapalapa,Los Picos Vi-B,Colonia,,9007,1415
09420,9,Iztapalapa,Nueva Rosita,Colonia,,9007,1416
09429,9,Iztapalapa,Purisima Atlazolpa,Colonia,,9007,1417
09430,9,Iztapalapa,Apatlaco,Colonia,,9007,1418
09430,9,Iztapalapa,El Triunfo,Colonia,,9007,1419
09438,9,Iztapalapa,Ampliacion El Triunfo,Colonia,,9007,1422
09440,9,Iztapalapa,El Retono,Colonia,,9007,1425
09440,9,Iztapalapa,San Andres Tetepilco,Colonia,,9007,1426
09440,9,Iztapalapa,Zacahuitzco,Colonia,,9007,2840
09450,9,Iztapalapa,Banjidal,Colonia,,9007,1429
09460,9,Iztapalapa,Justo Sierra,Colonia,,9007,1430
09470,9,Iztapalapa,Sinatel,Colonia,,9007,1431
09479,9,Iztapalapa,Ampliacion Sinatel,Colonia,,9007,1432
09480,9,Iztapalapa,El Prado,Colonia,,9007,1433
09500,9,Iztapalapa,Santa Maria Aztahuacan,Pueblo,,9007,1435
09500,9,Iztapalapa,Santa Maria Aztahuacan Ampliacion,Colonia,,9007,2565
09510,9,Iztapalapa,Santa Martha Acatitla,Pueblo,,9007,1436
09520,9,Iztapalapa,El Eden,Colonia,,9007,1439
09520,9,Iztapalapa,San Sebastian Tecoloxtitla,Pueblo,,9007,1440
09530,9,Iztapalapa,Santa Martha Acatitla Sur,Colonia,,9007,1441
09550,9,Iztapalapa,Monte Alban,Colonia,,9007,1443
09560,9,Iztapalapa,Paraje Zacatepec,Colonia,,9007,1444
09570,9,Iztapalapa,Santa Maria Aztahuacan,Colonia,,9007,1445
09578,9,Iztapalapa,Ejercito De Agua Prieta,Colonia,,9007,1449
09600,9,Iztapalapa,Santiago Acahualtepec,Pueblo,,9007,1453
09608,9,Iztapalapa,Santiago Acahualtepec 1Ra. Ampliacion,Colonia,,9007,1454
09609,9,Iztapalapa,Santiago Acahualtepec 2A. Ampliacion,Colonia,,9007,1455
09620,9,Iztapalapa,Lomas De Zaragoza,Colonia,,9007,1456
09630,9,Iztapalapa,San Miguel Teotongo Seccion Corrales,Colonia,,9007,1481
09630,9,Iztapalapa,San Miguel Teotongo Seccion Acorralado,Colonia,,9007,2850
09630,9,Iztapalapa,San Miguel Teotongo Seccion Avisadero,Colonia,,9007,2851
09630,9,Iztapalapa,San Miguel Teotongo Seccion Capilla,Colonia,,9007,2852
09630,9,Iztapalapa,San Miguel Teotongo Seccion Guadalupe,Colonia,,9007,2853
09630,9,Iztapalapa,San Miguel Teotongo Seccion Iztlahuaca,Colonia,,9007,2854
09630,9,Iztapalapa,San Miguel Teotongo Seccion Jardines,Colonia,,9007,2855
09630,9,Iztapalapa,San Miguel Teotongo Seccion La Cruz,Colonia,,9007,2856
09630,9,Iztapalapa,San Miguel Teotongo Seccion Loma Alta,Colonia,,9007,2857
09630,9,Iztapalapa,San Miguel Teotongo Seccion Mercedes,Colonia,,9007,2858
09630,9,Iztapalapa,San Miguel Teotongo Seccion Palmitas,Colonia,,9007,2859
09630,9,Iztapalapa,San Miguel Teotongo Seccion Puente,Colonia,,9007,2860
09630,9,Iztapalapa,San Miguel Teotongo Seccion Ranchito,Colonia,,9007,2861
09630,9,Iztapalapa,San Miguel Teotongo Seccion Rancho Bajo,Colonia,,9007,2862
09630,9,Iztapalapa,San Miguel Teotongo Seccion Torres,Colonia,,9007,2863
09637,9,Iztapalapa,Campestre Potrero,Colonia,,9007,1461
09638,9,Iztapalapa,Ampliacion Emiliano Zapata,Colonia,,9007,1462
09640,9,Iztapalapa,Lomas De La Estancia,Colonia,,9007,1464
09640,9,Iztapalapa,Xalpa,Colonia,,9007,1465
09648,9,Iztapalapa,San Pablo,Colonia,,9007,1467
09660,9,Iztapalapa,Citlalli,Colonia,,9007,1470
09670,9,Iztapalapa,Palmitas,Colonia,,9007,1471
09680,9,Iztapalapa,Tenorios,Colonia,,9007,1473
09689,9,Iztapalapa,Barranca De Guadalupe,Colonia,,9007,1477
09690,9,Iztapalapa,Iztlahuacan,Colonia,,9007,1478
09696,9,Iztapalapa,Miravalles,Colonia,,9007,1480
09698,9,Iztapalapa,Miguel De La Madrid Hurtado,Colonia,,9007,1482
09700,9,Iztapalapa,Buenavista,Colonia,,9007,1485
09700,9,Iztapalapa,Carlos Hank Gonzalez,Colonia,,9007,1486
09700,9,Iztapalapa,Desarrollo Urbano Quetzalcoatl,Colonia,,9007,1488
09700,9,Iztapalapa,Santa Cruz Meyehualco,Pueblo,,9007,1491
09704,9,Iztapalapa,Degollado,Colonia,,9007,1492
09705,9,Iztapalapa,Degollado - Mexicatlalli,Colonia,,9007,2726
09706,9,Iztapalapa,San Jose Buenavista,Colonia,,9007,1497
09708,9,Iztapalapa,Mixcoatl,Colonia,,9007,1500
09709,9,Iztapalapa,Lomas De Santa Cruz,Colonia,,9007,1501
09710,9,Iztapalapa,Los Angeles Apanoaya,Colonia,,9007,1502
09720,9,Iztapalapa,Francisco Villa,Colonia,,9007,1505
09720,9,Iztapalapa,La Era,Colonia,,9007,1506
09730,9,Iztapalapa,Reforma Politica,Colonia,,9007,1508
09740,9,Iztapalapa,Presidentes De Mexico,Colonia,,9007,1511
09750,9,Iztapalapa,Insurgentes,Colonia,,9007,1512
09750,9,Iztapalapa,La Polvorilla,Colonia,,9007,1514
09750,9,Iztapalapa,Las Penas,Colonia,,9007,1515
09760,9,Iztapalapa,Consejo Agrarista Mexicano,Colonia,,9007,1518
09769,9,Iztapalapa,El Triangulo,Colonia,,9007,1523
09770,9,Iztapalapa,Puente Blanco,Colonia,,9007,1524
09780,9,Iztapalapa,Ano De Juarez,Colonia,,9007,1527
09780,9,Iztapalapa,Lomas De San Lorenzo,Colonia,,9007,1528
09790,9,Iztapalapa,San Lorenzo Tezonco,Pueblo,,9007,1531
09800,9,Iztapalapa,Culhuacan,Pueblo,,9007,1532
09800,9,Iztapalapa,El Mirador,Colonia,,9007,1534
09800,9,Iztapalapa,Estrella Culhuacan,Colonia,,9007,1535
09800,9,Iztapalapa,Fuego Nuevo,Colonia,,9007,1536
09800,9,Iztapalapa,San Antonio Culhuacan,Colonia,,9007,1538
09800,9,Iztapalapa,San Simon Culhuacan,Barrio,,9007,1540
09800,9,Iztapalapa,Tula,Barrio,,9007,1541
09800,9,Iztapalapa,Valle De Luces,Colonia,,9007,1542
09810,9,Iztapalapa,Granjas Esmeralda,Colonia,,9007,1547
09810,9,Iztapalapa,Los Cipreses,Colonia,,9007,1548
09810,9,Iztapalapa,Minerva,Colonia,,9007,1549
09810,9,Iztapalapa,Progreso Del Sur,Colonia,,9007,1550
09819,9,Iztapalapa,Valle Del Sur,Colonia,,9007,1551
09820,9,Iztapalapa,El Santuario,Colonia,,9007,1552
09820,9,Iztapalapa,Estrella Del Sur,Colonia,,9007,1553
09820,9,Iztapalapa,Ricardo Flores Magon,Colonia,,9007,1556
09820,9,Iztapalapa,Santa Isabel Industrial,Colonia,,9007,1557
09828,9,Iztapalapa,Ampliacion Ricardo Flores Magon,Colonia,,9007,1559
09829,9,Iztapalapa,Ampliacion El Santuario,Colonia,,9007,1560
09830,9,Iztapalapa,El Manto,Colonia,,9007,1562
09830,9,Iztapalapa,El Molino,Colonia,,9007,1563
09830,9,Iztapalapa,Lomas El Manto,Colonia,,9007,1565
09830,9,Iztapalapa,Los Angeles,Colonia,,9007,1566
09830,9,Iztapalapa,Paraje San Juan,Colonia,,9007,1568
09837,9,Iztapalapa,San Miguel 8Va. Ampliacion,Colonia,,9007,1570
09838,9,Iztapalapa,Plan De Iguala,Colonia,,9007,1571
09839,9,Iztapalapa,Ampliacion Paraje San Juan,Colonia,,9007,1573
09839,9,Iztapalapa,San Juan Joya,Colonia,,9007,1576
09840,9,Iztapalapa,Los Reyes Culhuacan,Pueblo,,9007,1578
09849,9,Iztapalapa,Ampliacion Los Reyes,Colonia,,9007,1580
09850,9,Iztapalapa,San Juan Xalpa,Colonia,,9007,1586
09850,9,Iztapalapa,San Nicolas Tolentino,Colonia,,9007,1588
09850,9,Iztapalapa,Santa Maria Del Monte,Colonia,,9007,1589
09856,9,Iztapalapa,Estado De Veracruz,Colonia,,9007,1590
09856,9,Iztapalapa,Ampliacion Veracruzana,Colonia,,9007,1591
09858,9,Iztapalapa,Paraje San Juan Cerro,Colonia,,9007,1594
09859,9,Iztapalapa,Benito Juarez,Colonia,,9007,1595
09860,9,Iztapalapa,Bellavista,Colonia,,9007,1596
09860,9,Iztapalapa,Ampliacion Bellavista,Colonia,,9007,1597
09860,9,Iztapalapa,Casa Blanca,Colonia,,9007,1598
09860,9,Iztapalapa,Cerro De La Estrella,Colonia,,9007,1600
09860,9,Iztapalapa,Parque Nacional Cerro De La Estrella,Colonia,,9007,1601
09860,9,Iztapalapa,El Rodeo,Colonia,,9007,1602
09868,9,Iztapalapa,San Juan Estrella,Colonia,,9007,1607
09870,9,Iztapalapa,12 De Diciembre,Colonia,,9007,1609
09870,9,Iztapalapa,San Andres Tomatlan,Colonia,,9007,1611
09870,9,Iztapalapa,Santa Maria Tomatlan,Pueblo,,9007,1616
09880,9,Iztapalapa,El Vergel,Colonia,,9007,1620
09880,9,Iztapalapa,Granjas Estrella,Colonia,,9007,1621
09890,9,Iztapalapa,Lomas Estrella,Colonia,,9007,1629
09897,9,Iztapalapa,Carlos Jonguitud Barrios,Colonia,,9007,1633
09900,9,Iztapalapa,Guadalupe,Barrio,,9007,1637
09900,9,Iztapalapa,San Antonio,Barrio,,9007,1638
09900,9,Iztapalapa,San Lorenzo,Barrio,,9007,1639
09910,9,Iztapalapa,La Esperanza,Colonia,,9007,1640
09920,9,Iztapalapa,Jose Lopez Portillo,Colonia,,9007,1643
09930,9,Iztapalapa,El Rosario,Colonia,,9007,1644
09940,9,Iztapalapa,Jardines De San Lorenzo Tezonco,Colonia,,9007,1645
09960,9,Iztapalapa,Celoalliotli,Colonia,,9007,1646
09960,9,Iztapalapa,Uscovi,Colonia,,9007,1647
09960,9,Iztapalapa,El Molino Tezonco,Colonia,,9007,1648
09960,9,Iztapalapa,Allapetlalli,Colonia,,9007,1961
09960,9,Iztapalapa,La Planta,Colonia,,9007,2736
09969,9,Iztapalapa,Cananea,Colonia,,9007,1651
09970,9,Iztapalapa,Valle De San Lorenzo,Colonia,,9007,1652
10000,9,La Magdalena Contreras,Lomas Quebradas,Colonia,,9008,1672
10010,9,La Magdalena Contreras,La Malinche,Colonia,,9008,1673
10010,9,La Magdalena Contreras,San Bartolo Ameyalco,Colonia,,9008,1674
10020,9,La Magdalena Contreras,Cuauhtemoc,Colonia,,9008,1675
10130,9,La Magdalena Contreras,El Maestro,Colonia,,9008,1681
10200,9,La Magdalena Contreras,San Jeronimo Lidice,Colonia,,9008,1682
10300,9,La Magdalena Contreras,San Bernabe Ocotepec,Pueblo,,9008,1686
10320,9,La Magdalena Contreras,El Tanque,Colonia,,9008,1690
10330,9,La Magdalena Contreras,Las Cruces,Colonia,,9008,1691
10340,9,La Magdalena Contreras,Los Padres,Colonia,,9008,1692
10350,9,La Magdalena Contreras,Lomas De San Bernabe,Colonia,,9008,1693
10360,9,La Magdalena Contreras,Huayatla,Colonia,,9008,1694
10368,9,La Magdalena Contreras,Ampliacion Potrerillo,Colonia,,9008,1695
10369,9,La Magdalena Contreras,Ampliacion Lomas De San Bernabe,Colonia,,9008,1696
10369,9,La Magdalena Contreras,Tierra Unida,Colonia,,9008,2669
10370,9,La Magdalena Contreras,Palmas,Colonia,,9008,1697
10378,9,La Magdalena Contreras,Atacaxco,Colonia,,9008,1698
10379,9,La Magdalena Contreras,Vista Hermosa,Colonia,,9008,1700
10380,9,La Magdalena Contreras,Barros Sierra,Colonia,,9008,1701
10400,9,La Magdalena Contreras,San Jeronimo Aculco,Colonia,,9008,1702
10500,9,La Magdalena Contreras,Barrio San Francisco,Colonia,,9008,1703
10580,9,La Magdalena Contreras,Barranca Seca,Colonia,,9008,1707
10600,9,La Magdalena Contreras,El Rosal,Colonia,,9008,1710
10610,9,La Magdalena Contreras,El Toro,Colonia,,9008,1713
10620,9,La Magdalena Contreras,Potrerillo,Colonia,,9008,1714
10630,9,La Magdalena Contreras,El Ocotal,Campamento,,9008,2706
10640,9,La Magdalena Contreras,La Carbonera,Colonia,,9008,1716
10640,9,La Magdalena Contreras,Pueblo Nuevo Alto,Colonia,,9008,1717
10640,9,La Magdalena Contreras,Pueblo Nuevo Bajo,Colonia,,9008,1718
10660,9,La Magdalena Contreras,El Ermitano,Colonia,,9008,1720
10700,9,La Magdalena Contreras,Heroes De Padierna,Colonia,,9008,1721
10710,9,La Magdalena Contreras,Santa Teresa,Colonia,,9008,1723
10800,9,La Magdalena Contreras,La Cruz,Colonia,,9008,1728
10810,9,La Magdalena Contreras,San Francisco,Colonia,,9008,1730
10820,9,La Magdalena Contreras,La Guadalupe,Colonia,,9008,1731
10830,9,La Magdalena Contreras,La Concepcion,Colonia,,9008,1732
10840,9,La Magdalena Contreras,Las Calles,Barrio,,9008,1733
10840,9,La Magdalena Contreras,Plazuela Del Pedregal,Barrio,,9008,1734
10900,9,La Magdalena Contreras,San Nicolas Totolapan,Pueblo,,9008,1735
10910,9,La Magdalena Contreras,La Magdalena,Pueblo,,9008,1737
10920,9,La Magdalena Contreras,Las Huertas,Colonia,,9008,1738
10926,9,La Magdalena Contreras,Tierra Colorada,Campamento,,9008,1739
11000,9,Miguel Hidalgo,Lomas De Chapultepec I Seccion,Colonia,,9016,1745
11000,9,Miguel Hidalgo,Lomas De Chapultepec Viii Seccion,Colonia,,9016,2774
11000,9,Miguel Hidalgo,Lomas De Chapultepec Ii Seccion,Colonia,,9016,2775
11000,9,Miguel Hidalgo,Lomas De Chapultepec Iii Seccion,Colonia,,9016,2776
11000,9,Miguel Hidalgo,Lomas De Chapultepec Iv Seccion,Colonia,,9016,2777
11000,9,Miguel Hidalgo,Lomas De Chapultepec V Seccion,Colonia,,9016,2778
11000,9,Miguel Hidalgo,Lomas De Chapultepec Vi Seccion,Colonia,,9016,2779
11000,9,Miguel Hidalgo,Lomas De Chapultepec Vii Seccion,Colonia,,9016,2780
11040,9,Miguel Hidalgo,Molino Del Rey,Colonia,,9016,1752
11100,9,Miguel Hidalgo,Bosque De Chapultepec Ii Seccion,Equipamiento,,9016,1754
11100,9,Miguel Hidalgo,Bosque De Chapultepec Iii Seccion,Equipamiento,,9016,2772
11200,9,Miguel Hidalgo,Lomas Hermosa,Colonia,,9016,1757
11200,9,Miguel Hidalgo,Lomas De Sotelo,Colonia,,9016,1758
11210,9,Miguel Hidalgo,San Lorenzo Tlaltenango,Pueblo,,9016,1761
11220,9,Miguel Hidalgo,Periodista,Colonia,,9016,1764
11230,9,Miguel Hidalgo,Argentina Poniente,Colonia,,9016,1765
11240,9,Miguel Hidalgo,Ignacio Manuel Altamirano,Colonia,,9016,1767
11250,9,Miguel Hidalgo,10 De Abril,Colonia,,9016,1768
11260,9,Miguel Hidalgo,Mexico Nuevo,Colonia,,9016,1770
11260,9,Miguel Hidalgo,San Joaquin,Colonia,,9016,1771
11270,9,Miguel Hidalgo,Argentina Antigua,Colonia,,9016,1772
11280,9,Miguel Hidalgo,Torre Blanca,Colonia,,9016,1773
11289,9,Miguel Hidalgo,Ampliacion Torre Blanca,Colonia,,9016,1774
11290,9,Miguel Hidalgo,Huichapan,Colonia,,9016,1775
11290,9,Miguel Hidalgo,San Diego Ocoyoacac,Colonia,,9016,1776
11300,9,Miguel Hidalgo,Veronica Anzures,Colonia,,9016,1777
11310,9,Miguel Hidalgo,Mariano Escobedo,Colonia,,9016,1780
11320,9,Miguel Hidalgo,Anahuac I Seccion,Colonia,,9016,1782
11320,9,Miguel Hidalgo,Anahuac Ii Seccion,Colonia,,9016,2771
11330,9,Miguel Hidalgo,Un Hogar Para Nosotros,Colonia,,9016,1784
11340,9,Miguel Hidalgo,Santo Tomas,Colonia,,9016,1785
11350,9,Miguel Hidalgo,Plutarco Elias Calles,Colonia,,9016,1786
11360,9,Miguel Hidalgo,Agricultura,Colonia,,9016,1787
11370,9,Miguel Hidalgo,Tlaxpana,Colonia,,9016,1789
11400,9,Miguel Hidalgo,Popotla,Colonia,,9016,1791
11410,9,Miguel Hidalgo,Legaria,Colonia,,9016,1793
11410,9,Miguel Hidalgo,Tacuba,Pueblo,,9016,1794
11420,9,Miguel Hidalgo,Nextitla,Colonia,,9016,1796
11430,9,Miguel Hidalgo,Pensil Norte,Colonia,,9016,1797
11430,9,Miguel Hidalgo,Ventura Perez De Alva,Colonia,,9016,1798
11440,9,Miguel Hidalgo,Reforma Pensil,Colonia,,9016,1799
11440,9,Miguel Hidalgo,San Juanico,Colonia,,9016,1800
11450,9,Miguel Hidalgo,Ahuehuetes Anahuac,Colonia,,9016,1801
11450,9,Miguel Hidalgo,Modelo Pensil,Colonia,,9016,1802
11450,9,Miguel Hidalgo,Peralitos,Colonia,,9016,1803
11460,9,Miguel Hidalgo,Dos Lagos,Colonia,,9016,1804
11460,9,Miguel Hidalgo,Lago Norte,Colonia,,9016,1805
11460,9,Miguel Hidalgo,Lago Sur,Colonia,,9016,1806
11460,9,Miguel Hidalgo,Los Manzanos,Colonia,,9016,1807
11470,9,Miguel Hidalgo,5 De Mayo,Colonia,,9016,1808
11470,9,Miguel Hidalgo,Deportivo Pensil,Colonia,,9016,1809
11480,9,Miguel Hidalgo,Francisco I Madero,Colonia,,9016,1811
11480,9,Miguel Hidalgo,Popo,Colonia,,9016,1812
11489,9,Miguel Hidalgo,Ampliacion Popo,Colonia,,9016,1813
11490,9,Miguel Hidalgo,Cuauhtemoc Pensil,Colonia,,9016,1814
11490,9,Miguel Hidalgo,Pensil Sur,Colonia,,9016,1815
11500,9,Miguel Hidalgo,Irrigacion,Colonia,,9016,1816
11510,9,Miguel Hidalgo,Polanco I Seccion,Colonia,,9016,2781
11520,9,Miguel Hidalgo,Granada,Colonia,,9016,1822
11529,9,Miguel Hidalgo,Ampliacion Granada,Colonia,,9016,1823
11530,9,Miguel Hidalgo,Polanco Ii Seccion,Colonia,,9016,2782
11540,9,Miguel Hidalgo,Polanco Iii Seccion,Colonia,,9016,2783
11550,9,Miguel Hidalgo,Polanco Iv Seccion,Colonia,,9016,2784
11560,9,Miguel Hidalgo,Polanco V Seccion,Colonia,,9016,2785
11570,9,Miguel Hidalgo,Chapultepec Morales,Colonia,,9016,1
11580,9,Miguel Hidalgo,Bosque De Chapultepec I Seccion,Equipamiento,,9016,1833
11590,9,Miguel Hidalgo,Anzures,Colonia,,9016,1838
11600,9,Miguel Hidalgo,Residencial Militar,Colonia,,9016,1843
11610,9,Miguel Hidalgo,Manuel Avila Camacho,Colonia,,9016,1844
11619,9,Miguel Hidalgo,Campo Militar 1,Equipamiento,,9016,1846
11650,9,Miguel Hidalgo,Reforma Social,Colonia,,9016,1855
11700,9,Miguel Hidalgo,Bosque De Las Lomas,Colonia,,9016,1856
11800,9,Miguel Hidalgo,Escandon I Seccion,Colonia,,9016,1858
11800,9,Miguel Hidalgo,Escandon Ii Seccion,Colonia,,9016,2773
11810,9,Miguel Hidalgo,16 De Septiembre,Colonia,,9016,1860
11820,9,Miguel Hidalgo,America,Colonia,,9016,1861
11830,9,Miguel Hidalgo,Daniel Garza,Colonia,,9016,1862
11840,9,Miguel Hidalgo,Ampliacion Daniel Garza,Colonia,,9016,1863
11850,9,Miguel Hidalgo,San Miguel Chapultepec I Seccion,Colonia,,9016,1864
11850,9,Miguel Hidalgo,San Miguel Chapultepec Ii Seccion,Colonia,,9016,2786
11860,9,Miguel Hidalgo,Observatorio,Colonia,,9016,1865
11870,9,Miguel Hidalgo,Tacubaya,Colonia,,9016,1867
11910,9,Miguel Hidalgo,Lomas De Bezares,Colonia,,9016,1869
11920,9,Miguel Hidalgo,Real De Las Lomas,Colonia,,9016,1870
11930,9,Miguel Hidalgo,Lomas De Reforma,Colonia,,9016,2789
11950,9,Miguel Hidalgo,Lomas Altas,Colonia,,9016,1874
12000,9,Milpa Alta,La Concepcion,Barrio,,9009,1877
12000,9,Milpa Alta,La Luz,Barrio,,9009,1878
12000,9,Milpa Alta,Los Angeles,Barrio,,9009,1879
12000,9,Milpa Alta,San Mateo,Barrio,,9009,1881
12000,9,Milpa Alta,Santa Cruz,Barrio,,9009,1882
12000,9,Milpa Alta,Santa Martha,Barrio,,9009,1883
12000,9,Milpa Alta,Villa Milpa Alta Centro,Colonia,,9009,1884
12070,9,Milpa Alta,San Agustin,Barrio,,9009,1889
12080,9,Milpa Alta,San Agustin Ohtenco,Pueblo,,9009,1890
12100,9,Milpa Alta,Cruztitla,Barrio,,9009,1891
12100,9,Milpa Alta,Tecaxtitla,Barrio,,9009,1893
12100,9,Milpa Alta,Tenantitla,Barrio,,9009,1894
12100,9,Milpa Alta,Xaltipac,Barrio,,9009,1895
12100,9,Milpa Alta,Xochitepec,Barrio,,9009,1896
12110,9,Milpa Alta,Emiliano Zapata,Colonia,,9009,2010
12110,9,Milpa Alta,La Conchita,Colonia,,9009,2011
12200,9,Milpa Alta,Nochtla,Barrio,,9009,1897
12200,9,Milpa Alta,Ocotitla,Barrio,,9009,1898
12200,9,Milpa Alta,Panchimalco,Barrio,,9009,1899
12200,9,Milpa Alta,Tula,Barrio,,9009,1901
12250,9,Milpa Alta,San Bartolome Xicomulco,Pueblo,,9009,1903
12300,9,Milpa Alta,San Salvador Cuauhtenco,Pueblo,,9009,1904
12400,9,Milpa Alta,Centro,Barrio,,9009,1905
12400,9,Milpa Alta,San Juan,Barrio,,9009,1906
12400,9,Milpa Alta,San Miguel,Barrio,,9009,1907
12410,9,Milpa Alta,Chalmita,Barrio,,9009,2870
12500,9,Milpa Alta,San Lorenzo Tlacoyucan,Pueblo,,9009,1910
12600,9,Milpa Alta,San Jeronimo Miacatlan,Pueblo,,9009,1911
12700,9,Milpa Alta,San Francisco Tecoxpa,Pueblo,,9009,1912
12800,9,Milpa Alta,San Juan Tepenahuac,Pueblo,,9009,1913
12910,9,Milpa Alta,La Lupita Teticpac,Barrio,,9009,2871
12920,9,Milpa Alta,San Marcos,Barrio,,9009,1880
12930,9,Milpa Alta,San Miguel,Barrio,,9009,2873
12940,9,Milpa Alta,San Jose,Barrio,,9009,2874
12950,9,Milpa Alta,La Lupita Xolco,Barrio,,9009,2872
13000,9,Tlahuac,La Asuncion,Barrio,,9011,1919
13010,9,Tlahuac,Santa Cecilia,Colonia,,9011,1923
13020,9,Tlahuac,San Jose,Colonia,,9011,1924
13030,9,Tlahuac,San Juan,Barrio,,9011,1925
13040,9,Tlahuac,San Mateo,Barrio,,9011,1926
13050,9,Tlahuac,La Habana,Colonia,,9011,1928
13060,9,Tlahuac,La Guadalupe,Barrio,,9011,1929
13060,9,Tlahuac,Santa Ana,Barrio,,9011,1930
13070,9,Tlahuac,La Magdalena,Barrio,,9011,1931
13070,9,Tlahuac,San Miguel,Barrio,,9011,1932
13080,9,Tlahuac,Los Reyes,Barrio,,9011,1933
13090,9,Tlahuac,Quiahuatla,Colonia,,9011,1934
13093,9,Tlahuac,San Sebastian,Colonia,,9011,2497
13094,9,Tlahuac,San Isidro,Colonia,,9011,2898
13099,9,Tlahuac,San Andres,Barrio,,9011,1935
13100,9,Tlahuac,La Guadalupe,Barrio,,9011,1937
13120,9,Tlahuac,Ampliacion Santa Catarina,Colonia,,9011,1942
13120,9,Tlahuac,Santiago,Barrio,,9011,1943
13150,9,Tlahuac,La Concepcion,Barrio,,9011,1945
13180,9,Tlahuac,San Miguel,Barrio,,9011,1946
13200,9,Tlahuac,Miguel Hidalgo,Colonia,,9011,1947
13210,9,Tlahuac,Los Olivos,Colonia,,9011,1949
13219,9,Tlahuac,Las Arboledas,Colonia,,9011,1950
13219,9,Tlahuac,Ampliacion Los Olivos,Colonia,,9011,1951
13220,9,Tlahuac,La Nopalera,Colonia,,9011,1952
13230,9,Tlahuac,Granjas Cabrera,Colonia,,9011,1955
13250,9,Tlahuac,La Turba,Colonia,,9011,1957
13270,9,Tlahuac,Del Mar,Colonia,,9011,1958
13273,9,Tlahuac,La Draga,Colonia,,9011,2580
13278,9,Tlahuac,Villa Centroamericana,Colonia,,9011,1959
13280,9,Tlahuac,Agricola Metropolitana,Colonia,,9011,1962
13300,9,Tlahuac,Santa Ana Centro,Barrio,,9011,1963
13300,9,Tlahuac,Santiago Centro,Barrio,,9011,1964
13300,9,Tlahuac,Santa Ana Poniente,Barrio,,9011,2891
13300,9,Tlahuac,Santa Ana Norte,Barrio,,9011,2893
13300,9,Tlahuac,Santiago Norte,Barrio,,9011,2894
13310,9,Tlahuac,Zapotitla,Colonia,,9011,1966
13315,9,Tlahuac,Ampliacion Zapotitla,Colonia,,9011,2897
13319,9,Tlahuac,La Estacion,Colonia,,9011,1970
13360,9,Tlahuac,La Conchita Zapotitlan,Colonia,,9011,1971
13360,9,Tlahuac,Santa Ana Sur,Barrio,,9011,2895
13360,9,Tlahuac,Santiago Sur,Barrio,,9011,2896
13400,9,Tlahuac,San Francisco Tlaltenco,Pueblo,,9011,1972
13410,9,Tlahuac,Lopez Portillo,Colonia,,9011,1973
13419,9,Tlahuac,Ampliacion Jose Lopez Portillo,Colonia,,9011,1975
13420,9,Tlahuac,Selene,Colonia,,9011,1976
13430,9,Tlahuac,Ampliacion Selene,Colonia,,9011,1978
13440,9,Tlahuac,Zacatenco,Colonia,,9011,1980
13450,9,Tlahuac,Guadalupe Tlaltenco,Colonia,,9011,1981
13450,9,Tlahuac,Ojo De Agua,Colonia,,9011,1982
13460,9,Tlahuac,El Triangulo,Colonia,,9011,1983
13508,9,Tlahuac,San Agustin,Barrio,,9011,1985
13508,9,Tlahuac,La Soledad,Barrio,,9011,2593
13509,9,Tlahuac,La Concepcion,Barrio,,9011,1986
13510,9,Tlahuac,La Lupita,Colonia,,9011,1987
13520,9,Tlahuac,Francisco Villa,Colonia,,9011,1988
13530,9,Tlahuac,Jaime Torres Bodet,Colonia,,9011,1990
13530,9,Tlahuac,La Asuncion,Colonia,,9011,1991
13540,9,Tlahuac,El Rosario,Colonia,,9011,1992
13540,9,Tlahuac,Tierra Blanca,Colonia,,9011,1994
13545,9,Tlahuac,Ampliacion La Conchita,Colonia,,9011,2587
13549,9,Tlahuac,Pena Alta,Colonia,,9011,1995
13550,9,Tlahuac,Jardines Del Llano,Colonia,,9011,1997
13550,9,Tlahuac,Potrero Del Llano,Colonia,,9011,1998
13600,9,Tlahuac,San Bartolome,Barrio,,9011,2002
13610,9,Tlahuac,Los Reyes,Barrio,,9011,2004
13625,9,Tlahuac,Santa Cruz,Barrio,,9011,2005
13630,9,Tlahuac,San Agustin,Barrio,,9011,2007
13640,9,Tlahuac,San Miguel,Barrio,,9011,2008
13700,9,Tlahuac,San Nicolas Tetelco,Pueblo,,9011,2009
13700,9,Tlahuac,Tepantitlamilco,Colonia,,9011,2892
14000,9,Tlalpan,Tlalpan Centro,Colonia,,9012,2027
14000,9,Tlalpan,Tlalpan,Colonia,,9012,2876
14010,9,Tlalpan,Parque Del Pedregal,Colonia,,9012,2029
14020,9,Tlalpan,Villa Olimpica,Colonia,,9012,2035
14030,9,Tlalpan,Isidro Fabela,Colonia,,9012,2036
14039,9,Tlalpan,Ampliacion Isidro Fabela,Colonia,,9012,2041
14040,9,Tlalpan,Cantera Puente De Piedra,Colonia,,9012,2042
14040,9,Tlalpan,Pueblo Quieto,Colonia,,9012,2043
14049,9,Tlalpan,Comuneros De Santa Ursula,Colonia,,9012,2044
14050,9,Tlalpan,Toriello Guerra,Colonia,,9012,2045
14060,9,Tlalpan,Pena Pobre,Colonia,,9012,2046
14070,9,Tlalpan,Romulo Sanchez Mireles,Colonia,,9012,2048
14070,9,Tlalpan,San Fernando,Barrio,,9012,2049
14070,9,Tlalpan,San Pedro Apostol,Colonia,,9012,2050
14080,9,Tlalpan,Belisario Dominguez Seccion Xvi,Colonia,,9012,2051
14080,9,Tlalpan,Del Nino Jesus,Barrio,,9012,2052
14090,9,Tlalpan,La Joya,Colonia,,9012,2054
14100,9,Tlalpan,Pedregal De San Nicolas 1A Seccion,Colonia,,9012,2060
14100,9,Tlalpan,Pedregal De San Nicolas 2A Seccion,Colonia,,9012,2061
14100,9,Tlalpan,Pedregal De San Nicolas 3A Seccion,Colonia,,9012,2062
14100,9,Tlalpan,Pedregal De San Nicolas 4A Seccion,Colonia,,9012,2063
14100,9,Tlalpan,Pedregal De San Nicolas 5A Seccion,Colonia,,9012,2064
14108,9,Tlalpan,Chichicaspatl,Colonia,,9012,2067
14110,9,Tlalpan,Ampliacion Fuentes Del Pedregal,Colonia,,9012,2881
14120,9,Tlalpan,Rincon Del Pedregal,Colonia,,9012,2071
14140,9,Tlalpan,Fuentes Del Pedregal,Colonia,,9012,2074
14150,9,Tlalpan,Lomas Del Pedregal Framboyanes,Colonia,,9012,2078
14160,9,Tlalpan,Popular Santa Teresa,Colonia,,9012,2079
14200,9,Tlalpan,Heroes De Padierna,Colonia,,9012,2080
14200,9,Tlalpan,Jardines Del Ajusco,Colonia,,9012,2081
14208,9,Tlalpan,Colinas Del Ajusco,Colonia,,9012,2083
14209,9,Tlalpan,Torres De Padierna,Colonia,,9012,2084
14210,9,Tlalpan,Jardines En La Montana,Colonia,,9012,2085
14219,9,Tlalpan,Six Flags (Reino Aventura),Equipamiento,,9012,2087
14219,9,Tlalpan,Parque Nacional Bosque Del Pedregal,Equipamiento,,9012,2187
14220,9,Tlalpan,Cuchilla De Padierna,Colonia,,9012,2088
14220,9,Tlalpan,Lomas Del Pedregal,Colonia,,9012,2090
14230,9,Tlalpan,Cultura Maya,Colonia,,9012,2091
14239,9,Tlalpan,Los Encinos,Colonia,,9012,2093
14240,9,Tlalpan,Lomas De Padierna,Colonia,,9012,2094
14240,9,Tlalpan,Lomas Hidalgo,Colonia,,9012,2095
14248,9,Tlalpan,Cruz Del Farol,Colonia,,9012,2096
14250,9,Tlalpan,Miguel Hidalgo 2A Seccion,Colonia,,9012,2098
14250,9,Tlalpan,Miguel Hidalgo 3A Seccion,Colonia,,9012,2099
14250,9,Tlalpan,Miguel Hidalgo 4A Seccion,Colonia,,9012,2100
14250,9,Tlalpan,Miguel Hidalgo,Colonia,,9012,2101
14260,9,Tlalpan,El Capulin,Barrio,,9012,2102
14260,9,Tlalpan,Miguel Hidalgo 1A Seccion,Colonia,,9012,2103
14266,9,Tlalpan,Zacayucan Pena Pobre,Colonia,,9012,2106
14267,9,Tlalpan,De Caramaguey,Barrio,,9012,2107
14268,9,Tlalpan,La Lonja,Barrio,,9012,2108
14269,9,Tlalpan,La Fama,Barrio,,9012,2109
14270,9,Tlalpan,Primavera,Colonia,,9012,2110
14270,9,Tlalpan,Verano,Colonia,,9012,2112
14275,9,Tlalpan,Paraje 38,Colonia,,9012,2111
14300,9,Tlalpan,Nueva Oriental Coapa,Colonia,,9012,2113
14300,9,Tlalpan,Residencial Acoxpa,Colonia,,9012,2114
14300,9,Tlalpan,Residencial Miramontes,Colonia,,9012,2115
14308,9,Tlalpan,Ex Hacienda Coapa,Colonia,,9012,2879
14310,9,Tlalpan,Belisario Dominguez,Colonia,,9012,2120
14310,9,Tlalpan,Floresta Coyoacan,Colonia,,9012,2121
14320,9,Tlalpan,Vergel Coapa,Colonia,,9012,2123
14325,9,Tlalpan,Rinconada Coapa 2A Seccion,Colonia,,9012,2125
14326,9,Tlalpan,Tenorios,Colonia,,9012,2126
14330,9,Tlalpan,Granjas Coapa,Colonia,,9012,2132
14330,9,Tlalpan,Rinconada Coapa 1A Seccion,Colonia,,9012,2134
14340,9,Tlalpan,Vergel De Coyoacan,Colonia,,9012,2145
14340,9,Tlalpan,Vergel Del Sur,Colonia,,9012,2146
14350,9,Tlalpan,Prado Coapa 1A Seccion,Colonia,,9012,2147
14357,9,Tlalpan,Prado Coapa 2A Seccion,Colonia,,9012,2149
14357,9,Tlalpan,Prado Coapa 3A Seccion,Colonia,,9012,2150
14360,9,Tlalpan,Magisterial,Colonia,,9012,2153
14360,9,Tlalpan,Magisterial Coapa,Colonia,,9012,2877
14370,9,Tlalpan,Residencial Chimali,Colonia,,9012,2155
14370,9,Tlalpan,San Lorenzo Huipulco,Pueblo,,9012,2157
14370,9,Tlalpan,Villa Lazaro Cardenas,Colonia,,9012,2158
14376,9,Tlalpan,Arboledas Del Sur,Colonia,,9012,2159
14377,9,Tlalpan,Hacienda San Juan,Colonia,,9012,2161
14380,9,Tlalpan,A.M.S.A,Colonia,,9012,2163
14380,9,Tlalpan,San Bartolo El Chico,Colonia,,9012,2167
14386,9,Tlalpan,Rancho Los Colorines,Colonia,,9012,2168
14387,9,Tlalpan,Ex Hacienda San Juan De Dios,Colonia,,9012,2169
14388,9,Tlalpan,Guadalupe,Colonia,,9012,2170
14389,9,Tlalpan,Arenal De Guadalupe,Colonia,,9012,2172
14390,9,Tlalpan,Rinconada Las Hadas,Colonia,,9012,2174
14390,9,Tlalpan,Narciso Mendoza,Colonia,,9012,2175
14390,9,Tlalpan,Residencial Villa Coapa,Colonia,,9012,2176
14390,9,Tlalpan,Villa Coapa,Colonia,,9012,2878
14400,9,Tlalpan,San Andres Totoltepec,Pueblo,,9012,2179
14406,9,Tlalpan,Divisadero,Colonia,,9012,2182
14408,9,Tlalpan,Nuevo Renacimiento De Axalco,Colonia,,9012,2183
14409,9,Tlalpan,Tecorral,Colonia,,9012,2184
14410,9,Tlalpan,Bosques De Tepeximilpa,Colonia,,9012,1
14410,9,Tlalpan,Fuentes Brotantes,Colonia,,9012,2186
14420,9,Tlalpan,Cumbres De Tepetongo,Colonia,,9012,2188
14420,9,Tlalpan,Mesa De Los Hornos,Colonia,,9012,2190
14420,9,Tlalpan,Santa Ursula Xitla,Colonia,,9012,2192
14426,9,Tlalpan,Texcaltenco,Colonia,,9012,2194
14426,9,Tlalpan,Tlaxcaltenco La Mesa,Colonia,,9012,2195
14427,9,Tlalpan,San Juan Tepeximilpa,Colonia,,9012,2196
14427,9,Tlalpan,Tepeximilpa La Paz,Colonia,,9012,2197
14429,9,Tlalpan,Santisima Trinidad,Colonia,,9012,2200
14430,9,Tlalpan,El Truenito,Barrio,,9012,2201
14430,9,Tlalpan,Tlalcoligia,Colonia,,9012,2203
14438,9,Tlalpan,Pedregal De Santa Ursula Xitla,Colonia,,9012,2205
14439,9,Tlalpan,Pedregal De Las Aguilas,Colonia,,9012,2206
14440,9,Tlalpan,Los Volcanes,Colonia,,9012,2207
14449,9,Tlalpan,El Mirador 1A Seccion,Colonia,,9012,2208
14449,9,Tlalpan,El Mirador 2A Seccion,Colonia,,9012,2209
14449,9,Tlalpan,El Mirador 3A Seccion,Colonia,,9012,2210
14456,9,Tlalpan,Atocpa,Colonia,,9012,2
14456,9,Tlalpan,Atocpa Sur,Colonia,,9012,3
14460,9,Tlalpan,Tlalpuente,Colonia,,9012,2213
14470,9,Tlalpan,Plan De Ayala,Colonia,,9012,2214
14476,9,Tlalpan,La Palma,Colonia,,9012,2216
14479,9,Tlalpan,Viveros Coatectlan,Colonia,,9012,2219
14480,9,Tlalpan,La Magdalena Petlacalco,Pueblo,,9012,2220
14490,9,Tlalpan,San Miguel Xicalco,Pueblo,,9012,2221
14500,9,Tlalpan,San Miguel Topilejo,Pueblo,,9012,2222
14600,9,Tlalpan,Valle Escondido,Colonia,,9012,2229
14608,9,Tlalpan,Colinas Del Bosque,Colonia,,9012,2231
14609,9,Tlalpan,Las Tortolas,Colonia,,9012,2232
14610,9,Tlalpan,Arenal Tepepan,Colonia,,9012,2233
14620,9,Tlalpan,Club De Golf Mexico,Colonia,,9012,2741
14629,9,Tlalpan,San Buenaventura,Colonia,,9012,2236
14630,9,Tlalpan,Chimalcoyoc,Pueblo,,9012,2237
14630,9,Tlalpan,Villa Tlalpan,Colonia,,9012,2238
14640,9,Tlalpan,Ejidos De San Pedro Martir,Colonia,,9012,2240
14643,9,Tlalpan,Tecoantitla Xolalpa,Colonia,,9012,5
14643,9,Tlalpan,Fuentes De Tepepan,Colonia,,9012,2241
14646,9,Tlalpan,Valle De Tepepan,Colonia,,9012,2245
14647,9,Tlalpan,Juventud Unida,Colonia,,9012,2246
14647,9,Tlalpan,Movimiento Organizado De Tlalpan,Colonia,,9012,2247
14647,9,Tlalpan,Rinconada El Mirador,Colonia,,9012,2880
14650,9,Tlalpan,San Pedro Martir,Pueblo,,9012,2252
14653,9,Tlalpan,Heroico Colegio Militar,Colonia,,9012,2882
14654,9,Tlalpan,Dolores Tlalli,Colonia,,9012,2453
14655,9,Tlalpan,Valle Verde,Colonia,,9012,2256
14657,9,Tlalpan,Tlalmille,Colonia,,9012,2258
14658,9,Tlalpan,Mirador Del Valle,Colonia,,9012,2259
14659,9,Tlalpan,Maria Esther Zuno De Echeverria,Colonia,,9012,2260
14700,9,Tlalpan,San Miguel Ajusco,Pueblo,,9012,2261
14710,9,Tlalpan,Santo Tomas Ajusco,Pueblo,,9012,2262
14720,9,Tlalpan,Belvedere Ajusco,Colonia,,9012,2263
14730,9,Tlalpan,Lomas De Cuilotepec,Colonia,,9012,2265
14734,9,Tlalpan,El Zacaton,Colonia,,9012,2266
14735,9,Tlalpan,Lomas De Cuilotepec Ii Seccion,Colonia,,9012,4
14735,9,Tlalpan,Lomas De Tepemecatl,Campamento,,9012,2695
14737,9,Tlalpan,Vistas Del Pedregal,Colonia,,9012,2268
14738,9,Tlalpan,Bosques Del Pedregal,Colonia,,9012,2269
14739,9,Tlalpan,2 De Octubre,Colonia,,9012,2270
14740,9,Tlalpan,Lomas De Padierna Sur,Colonia,,9012,2272
14748,9,Tlalpan,Mirador I,Colonia,,9012,2273
14748,9,Tlalpan,Mirador Ii,Colonia,,9012,2274
14749,9,Tlalpan,Chimilli,Colonia,,9012,2275
14760,9,Tlalpan,Heroes De 1910,Colonia,,9012,2278
14900,9,Tlalpan,Parres El Guarda,Pueblo,,9012,2286
15000,9,Venustiano Carranza,General Ignacio Zaragoza,Colonia,,9017,2287
15010,9,Venustiano Carranza,Valentin Gomez Farias,Colonia,,9017,2289
15020,9,Venustiano Carranza,Puebla,Colonia,,9017,2290
15100,9,Venustiano Carranza,Zona Centro,Colonia,,9017,2291
15200,9,Venustiano Carranza,Janitzio,Colonia,,9017,2293
15210,9,Venustiano Carranza,Valle Gomez,Colonia,,9017,2294
15220,9,Venustiano Carranza,Nicolas Bravo,Colonia,,9017,2295
15220,9,Venustiano Carranza,Popular Rastro,Colonia,,9017,2296
15230,9,Venustiano Carranza,Emilio Carranza,Colonia,,9017,2297
15240,9,Venustiano Carranza,Michoacana,Colonia,,9017,2298
15250,9,Venustiano Carranza,Ampliacion Michoacana,Colonia,,9017,2299
15260,9,Venustiano Carranza,Ampliacion 20 De Noviembre,Colonia,,9017,2300
15270,9,Venustiano Carranza,Morelos,Colonia,,9017,2301
15280,9,Venustiano Carranza,Penitenciaria,Colonia,,9017,2302
15290,9,Venustiano Carranza,10 De Mayo,Colonia,,9017,2303
15300,9,Venustiano Carranza,20 De Noviembre,Colonia,,9017,2305
15309,9,Venustiano Carranza,5O Tramo 20 De Noviembre,Colonia,,9017,2307
15310,9,Venustiano Carranza,Felipe Angeles,Colonia,,9017,2308
15320,9,Venustiano Carranza,Azteca,Colonia,,9017,2309
15330,9,Venustiano Carranza,Tres Mosqueteros,Colonia,,9017,2310
15339,9,Venustiano Carranza,Ampliacion Venustiano Carranza,Colonia,,9017,2311
15340,9,Venustiano Carranza,Venustiano Carranza,Colonia,,9017,2312
15350,9,Venustiano Carranza,Ampliacion Penitenciaria,Colonia,,9017,2313
15370,9,Venustiano Carranza,Progresista,Colonia,,9017,2315
15380,9,Venustiano Carranza,Escuela De Tiro,Colonia,,9017,2316
15390,9,Venustiano Carranza,7 De Julio,Colonia,,9017,2319
15400,9,Venustiano Carranza,Romero Rubio,Colonia,,9017,2320
15410,9,Venustiano Carranza,Simon Bolivar,Colonia,,9017,2321
15420,9,Venustiano Carranza,Ampliacion Simon Bolivar,Colonia,,9017,2322
15430,9,Venustiano Carranza,Aquiles Serdan,Colonia,,9017,2323
15440,9,Venustiano Carranza,1° De Mayo,Colonia,,9017,2324
15450,9,Venustiano Carranza,Damian Carmona,Colonia,,9017,2325
15460,9,Venustiano Carranza,Revolucion,Colonia,,9017,2326
15470,9,Venustiano Carranza,Miguel Hidalgo,Colonia,,9017,2327
15500,9,Venustiano Carranza,Moctezuma 1A Seccion,Colonia,,9017,2328
15510,9,Venustiano Carranza,Pensador Mexicano,Colonia,,9017,2330
15520,9,Venustiano Carranza,Penon De Los Banos,Colonia,,9017,2331
15530,9,Venustiano Carranza,Moctezuma 2A Seccion,Colonia,,9017,2332
15540,9,Venustiano Carranza,Santa Cruz Aviacion,Colonia,,9017,2333
15600,9,Venustiano Carranza,Arenal 1A Seccion,Colonia,,9017,2334
15610,9,Venustiano Carranza,Cuchilla Pantitlan,Colonia,,9017,2335
15620,9,Venustiano Carranza,Mexico (Licenciado Benito Juarez),Aeropuerto,,9017,2336
15630,9,Venustiano Carranza,Caracol,Colonia,,9017,2340
15640,9,Venustiano Carranza,Arenal 4A Seccion,Colonia,,9017,2342
15640,9,Venustiano Carranza,Arenal Puerto Aereo,Colonia,,9017,2351
15650,9,Venustiano Carranza,Ampliacion Caracol,Colonia,,9017,2343
15660,9,Venustiano Carranza,Arenal 3A Seccion,Colonia,,9017,2344
15670,9,Venustiano Carranza,Adolfo Lopez Mateos,Colonia,,9017,2346
15680,9,Venustiano Carranza,Arenal 2A Seccion,Colonia,,9017,2347
15700,9,Venustiano Carranza,Federal,Colonia,,9017,2349
15710,9,Venustiano Carranza,Industrial Puerto Aereo,Colonia,,9017,2350
15730,9,Venustiano Carranza,4 Arboles,Colonia,,9017,2353
15740,9,Venustiano Carranza,Aviacion Civil,Colonia,,9017,2354
15750,9,Venustiano Carranza,Ampliacion Aviacion Civil,Colonia,,9017,2355
15800,9,Venustiano Carranza,Jamaica,Colonia,,9017,2356
15810,9,Venustiano Carranza,Merced Balbuena,Colonia,,9017,2358
15820,9,Venustiano Carranza,Lorenzo Boturini,Colonia,,9017,2359
15830,9,Venustiano Carranza,Artes Graficas,Colonia,,9017,2360
15840,9,Venustiano Carranza,Sevilla,Colonia,,9017,2361
15850,9,Venustiano Carranza,Magdalena Mixiuhca,Colonia,,9017,2362
15860,9,Venustiano Carranza,La Magdalena Mixiuhca,Pueblo,,9017,2363
15870,9,Venustiano Carranza,Aaron Saenz,Colonia,,9017,2364
15900,9,Venustiano Carranza,Jardin Balbuena,Colonia,,9017,2365
15960,9,Venustiano Carranza,Del Parque,Colonia,,9017,2372
15970,9,Venustiano Carranza,Aeronautica Militar,Colonia,,9017,2376
15980,9,Venustiano Carranza,24 De Abril,Colonia,,9017,2377
15990,9,Venustiano Carranza,Alvaro Obregon,Colonia,,9017,2378
16000,9,Xochimilco,La Concepcion Tlacoapa,Barrio,,9013,2379
16000,9,Xochimilco,San Antonio,Barrio,,9013,2380
16000,9,Xochimilco,San Juan,Barrio,,9013,2381
16010,9,Xochimilco,Bosque Residencial Del Sur,Colonia,,9013,2385
16010,9,Xochimilco,Las Peritas,Colonia,,9013,2386
16010,9,Xochimilco,Paseos Del Sur,Colonia,,9013,2388
16010,9,Xochimilco,San Bartolo El Chico,Colonia,,9013,2832
16020,9,Xochimilco,San Juan Tepepan,Colonia,,9013,2395
16020,9,Xochimilco,Santa Maria Tepepan,Pueblo,,9013,2396
16029,9,Xochimilco,Ampliacion Tepepan,Colonia,,9013,2399
16030,9,Xochimilco,Huichapan,Colonia,,9013,2401
16030,9,Xochimilco,La Noria,Colonia,,9013,2402
16030,9,Xochimilco,Potrero De San Bernardino,Colonia,,9013,2403
16030,9,Xochimilco,Ampliacion La Noria,Colonia,,9013,2919
16034,9,Xochimilco,18,Barrio,,9013,2405
16035,9,Xochimilco,San Lorenzo La Cebada,Colonia,,9013,2407
16035,9,Xochimilco,Rinconada Coapa,Colonia,,9013,2833
16036,9,Xochimilco,Mercado De Flores Plantas Y Hortalizas,Equipamiento,,9013,2408
16038,9,Xochimilco,Ampliacion San Marcos Norte,Colonia,,9013,2409
16040,9,Xochimilco,La Asuncion,Barrio,,9013,2411
16040,9,Xochimilco,San Lorenzo,Barrio,,9013,2412
16050,9,Xochimilco,Jardines Del Sur,Colonia,,9013,2413
16050,9,Xochimilco,San Marcos,Barrio,,9013,2414
16050,9,Xochimilco,Tierra Nueva,Colonia,,9013,2415
16059,9,Xochimilco,"Pueblo Santiago Tepalcatlalpan, U.H. Rinconada Del Sur",Colonia,,9013,2420
16060,9,Xochimilco,El Mirador,Colonia,,9013,2421
16070,9,Xochimilco,Belen,Barrio,,9013,2423
16070,9,Xochimilco,El Rosario,Barrio,,9013,2424
16070,9,Xochimilco,La Guadalupita,Barrio,,9013,2425
16070,9,Xochimilco,Santa Crucita,Barrio,,9013,2426
16080,9,Xochimilco,La Santisima,Barrio,,9013,2427
16080,9,Xochimilco,San Cristobal,Barrio,,9013,2428
16080,9,Xochimilco,San Diego,Barrio,,9013,2429
16080,9,Xochimilco,San Esteban,Barrio,,9013,2430
16083,9,Xochimilco,Caltongo,Barrio,,9013,2431
16090,9,Xochimilco,San Pedro,Barrio,,9013,2432
16090,9,Xochimilco,Tablas De San Lorenzo,Colonia,,9013,2433
16090,9,Xochimilco,Xaltocan,Barrio,,9013,2434
16100,9,Xochimilco,Santa Cruz Xochitepec,Pueblo,,9013,2439
16200,9,Xochimilco,Santiago Tepalcatlalpan,Pueblo,,9013,2443
16210,9,Xochimilco,Pueblo Santiago Tepalcatlalpan U.H. Res. Santiago,Colonia,,9013,2
16210,9,Xochimilco,La Concha,Colonia,,9013,2444
16240,9,Xochimilco,Tlaxopan,Colonia,,9013,2446
16300,9,Xochimilco,San Lucas Xochimanca,Pueblo,,9013,2458
16310,9,Xochimilco,La Canada,Colonia,,9013,2459
16320,9,Xochimilco,San Lucas Oriente,Colonia,,9013,2460
16340,9,Xochimilco,Texmic,Colonia,,9013,2462
16400,9,Xochimilco,San Lorenzo Atemoaya,Pueblo,,9013,2464
16410,9,Xochimilco,Lomas De Tonalco,Colonia,,9013,2465
16420,9,Xochimilco,San Jeronimo,Colonia,,9013,2466
16428,9,Xochimilco,El Jazmin,Colonia,,9013,2467
16429,9,Xochimilco,Rancho Tejomulco,Colonia,,9013,2468
16430,9,Xochimilco,Xochipilli,Colonia,,9013,2470
16440,9,Xochimilco,Ano De Juarez,Colonia,,9013,2471
16443,9,Xochimilco,Pocitos,Barrio,,9013,2899
16450,9,Xochimilco,Santa Maria Nativitas,Pueblo,,9013,2472
16457,9,Xochimilco,Lomas De Nativitas,Colonia,,9013,2480
16459,9,Xochimilco,Ampliacion Nativitas,Colonia,,9013,2473
16500,9,Xochimilco,Santa Cruz Acalpixca,Pueblo,,9013,2475
16513,9,Xochimilco,Apatlaco,Barrio,,9013,2900
16513,9,Xochimilco,Del Puente,Barrio,,9013,2901
16514,9,Xochimilco,La Gallera,Barrio,,9013,2902
16514,9,Xochimilco,Tetitla,Barrio,,9013,2903
16514,9,Xochimilco,Calpulco,Barrio,,9013,2904
16520,9,Xochimilco,La Planta,Barrio,,9013,2478
16530,9,Xochimilco,Las Cruces,Barrio,,9013,2479
16530,9,Xochimilco,Las Flores,Barrio,,9013,2834
16533,9,Xochimilco,Ahualapa,Barrio,,9013,2905
16550,9,Xochimilco,Valle De Santa Maria,Colonia,,9013,2481
16600,9,Xochimilco,San Gregorio Atlapulco,Pueblo,,9013,2482
16604,9,Xochimilco,San Andres,Barrio,,9013,2906
16605,9,Xochimilco,Los Reyes,Barrio,,9013,2907
16606,9,Xochimilco,3 De Mayo,Barrio,,9013,2908
16607,9,Xochimilco,San Antonio,Barrio,,9013,2909
16609,9,Xochimilco,La Candelaria,Barrio,,9013,2483
16610,9,Xochimilco,San Luis Tlaxialtemalco,Pueblo,,9013,2484
16614,9,Xochimilco,Ninos Heroes,Barrio,,9013,2910
16615,9,Xochimilco,La Asuncion,Barrio,,9013,2911
16616,9,Xochimilco,Santa Cecilia,Barrio,,9013,2913
16617,9,Xochimilco,San Sebastian,Barrio,,9013,2912
16620,9,Xochimilco,San Jose,Barrio,,9013,2485
16629,9,Xochimilco,La Guadalupana,Barrio,,9013,2487
16629,9,Xochimilco,San Juan,Barrio,,9013,2489
16630,9,Xochimilco,San Juan Moyotepec,Barrio,,9013,2490
16640,9,Xochimilco,San Juan Minas,Barrio,,9013,2491
16710,9,Xochimilco,Quirino Mendoza,Colonia,,9013,2494
16720,9,Xochimilco,Del Carmen,Colonia,,9013,2495
16739,9,Xochimilco,San Isidro,Colonia,,9013,2498
16740,9,Xochimilco,Guadalupita,Colonia,,9013,2499
16749,9,Xochimilco,Las Animas,Colonia,,9013,2500
16750,9,Xochimilco,Calyequita,Barrio,,9013,2501
16770,9,Xochimilco,San Felipe,Colonia,,9013,2502
16776,9,Xochimilco,Santiaguito,Colonia,,9013,2503
16776,9,Xochimilco,El Mirador,Colonia,,9013,2600
16780,9,Xochimilco,Cerrillos Primera Seccion,Colonia,,9013,2504
16780,9,Xochimilco,El Sacrificio,Colonia,,9013,2602
16780,9,Xochimilco,Cristo Rey,Colonia,,9013,2604
16780,9,Xochimilco,Cerrillos Segunda Seccion,Colonia,,9013,2835
16780,9,Xochimilco,Cerrillos Tercera Seccion,Colonia,,9013,2836
16797,9,Xochimilco,Nativitas,Colonia,,9013,2508
16799,9,Xochimilco,Las Mesitas,Colonia,,9013,2509
16800,9,Xochimilco,San Mateo Xalpa,Pueblo,,9013,2510
16810,9,Xochimilco,San Andres Ahuayucan,Pueblo,,9013,2515
16810,9,Xochimilco,Santa Ines,Colonia,,9013,2516
16810,9,Xochimilco,Rosario Tlali,Colonia,,9013,2607
16813,9,Xochimilco,El Calvario,Barrio,,9013,2914
16840,9,Xochimilco,Santa Cruz Chavarrieta,Colonia,,9013,2519
16850,9,Xochimilco,Chapultepec,Barrio,,9013,2520
16860,9,Xochimilco,Santa Cruz De Guadalupe,Colonia,,9013,2521
16880,9,Xochimilco,Santa Cecilia Tepetlapa,Pueblo,,9013,2527
16900,9,Xochimilco,San Francisco Tlalnepantla,Pueblo,,9013,2530
